eau_id,wmd_id,cell_id,year,rcp,ps_t,ps_t1,prop_lost,prop_gained,gross_loss,gross_gain,net_loss,censored,understated
1,Arrowwood,1161,2020,45,0.366174361156495,0.3626160979457537,0.003589801168376224,3.1509750664144904e-5,0.009803529545428825,8.605122042031315e-5,0.0097174012934798,FALSE,TRUE
2,Arrowwood,1162,2020,45,0.22496950626082443,0.22208310232352158,0.0028916552418797835,5.251625110690818e-6,0.012853543086533983,2.334371976885705e-5,0.012830200791552728,FALSE,TRUE
3,Arrowwood,1163,2020,45,0.28322075764437343,0.27103985937005315,0.012183524086875633,2.625812555345409e-6,0.04301776532274479,9.27125743601927e-6,0.04300849406530875,FALSE,TRUE
4,Arrowwood,1164,2020,45,0.3204285420677785,0.29776632320974583,0.02268058672456972,1.838068788741786e-5,0.0707820426301856,5.7362829693023714e-5,0.0707247198136271,FALSE,TRUE
5,Arrowwood,1246,2020,45,0.4236124107001499,0.41958634257134536,0.0043291033090198565,3.0303317687933607e-4,0.010219491213358647,7.153548130907697e-4,0.009504131671095754,FALSE,TRUE
6,Arrowwood,1247,2020,45,0.1837258684540141,0.18458395527727614,0.0017360404891860477,0.002594119459371003,0.009449080327088355,0.01411951121091204,-0.004670473627271631,TRUE,TRUE
7,Arrowwood,1248,2020,45,0.05848294857031737,0.056639628156464894,0.0018433204138524769,0,0.031518937723123655,0,0.031518937723123634,FALSE,FALSE
8,Arrowwood,1249,2020,45,0.14075012775498258,0.14005962110956907,6.905046420774929e-4,0,0.004905889984551356,0,0.004905904217831616,FALSE,FALSE
9,Arrowwood,1250,2020,45,0.19026040813959702,0.18824378409709175,0.002016624042505274,0,0.010599283698717,0,0.010599283698716988,FALSE,FALSE
10,Arrowwood,1251,2020,45,0.48793685881180404,0.4762111697609456,0.011804482659544369,7.877437666036226e-5,0.02419264387668923,1.614437918303387e-4,0.02403116066987068,FALSE,TRUE
11,Arrowwood,1252,2020,45,0.5099481428401986,0.4932718124428059,0.01668682082626382,1.0503250221381635e-5,0.03272258377748997,2.0596702564466474e-5,0.03270201221738457,FALSE,TRUE
12,Arrowwood,1331,2020,45,0.35661972674905307,0.35294042999083886,0.004100621716923776,4.2129919580865795e-4,0.011498583531273103,0.0011813681751405712,0.010317143114192524,FALSE,TRUE
13,Arrowwood,1332,2020,45,0.25384870559852796,0.252169026643691,0.003583970018228904,0.001904289300456301,0.014118527844286504,0.0075016703195958465,0.00661685057986244,FALSE,TRUE
14,Arrowwood,1333,2020,45,0.17063286957160187,0.16650864118438072,0.004124229348822426,0,0.024170192760497384,0,0.02417018712499892,FALSE,TRUE
15,Arrowwood,1334,2020,45,0.10127273866069321,0.09546343609440032,0.005809303848427924,0,0.05736295794163882,0,0.057362945281419976,FALSE,TRUE
16,Arrowwood,1335,2020,45,0.1368024852621084,0.13518277945575236,0.0016197043639541338,0,0.01183972908716418,0,0.01183973963084619,FALSE,FALSE
17,Arrowwood,1336,2020,45,0.361928545339465,0.35649352363311176,0.005448151410197469,1.3129062776727043e-5,0.015053113329559192,3.6275289544826735e-5,0.015016836268760032,FALSE,TRUE
18,Arrowwood,1337,2020,45,0.3565810370421829,0.35197893128404945,0.00460473926349899,2.625812555345409e-6,0.01291358424916538,7.363859214517848e-6,0.012906198816144692,FALSE,TRUE
19,Arrowwood,1417,2020,45,0.6385156388742912,0.6275451581313428,0.010991505193281686,2.100650044276327e-5,0.01721415189244199,3.2898959968776836e-5,0.01718122482056889,FALSE,TRUE
20,Arrowwood,1418,2020,45,0.366066743870047,0.36364119055036787,0.002433445662164983,7.877437666036226e-6,0.006647546391236379,2.1519129497414004e-5,0.006625986545612589,FALSE,TRUE
21,Arrowwood,1419,2020,45,0.37071164216716834,0.36879923006045334,0.0019229034971872943,1.0503250221381635e-5,0.005187059909815786,2.8332668917490618e-5,0.005158759232742464,FALSE,TRUE
22,Arrowwood,1420,2020,45,0.18988378866535024,0.18837445930004137,0.0016406132618672215,1.3129062776727043e-4,0.008640091254754905,6.914262069978814e-4,0.007948700496854425,FALSE,TRUE
23,Arrowwood,1421,2020,45,0.3542068101522965,0.3511618112394829,0.0030449950664084863,0,0.008596658729117166,0,0.008596669588324193,FALSE,FALSE
24,Arrowwood,1422,2020,45,0.17241655532062317,0.17063689034707724,0.0017796640119446619,0,0.010321885903794018,0,0.01032189148099199,FALSE,FALSE
25,Arrowwood,1504,2020,45,0.6289206325988108,0.6228598059095407,0.006060851049835852,0,0.00963690923096504,0,0.009636870497038237,FALSE,TRUE
26,Arrowwood,1505,2020,45,0.3986567702307895,0.39756180639521044,0.0011002154606897263,5.251625110690818e-6,0.002759806286627948,1.3173299697508105e-5,0.0027466329869304884,FALSE,TRUE
27,Arrowwood,1506,2020,45,0.3296615759796724,0.3244353268856297,0.005260386259930961,3.413556321949032e-5,0.015956928690577295,1.0354729124268698e-4,0.01585337653777685,FALSE,TRUE
28,Arrowwood,1507,2020,45,0.29056226286503156,0.28567613855354845,0.004886111169598963,0,0.016816055606878995,0,0.01681610083602891,FALSE,FALSE
29,Arrowwood,1589,2020,45,0.5987551748780393,0.5954768068743693,0.0032783555028533112,0,0.0054752854595721545,0,0.005475306337582396,FALSE,FALSE
30,Arrowwood,1590,2020,45,0.3585489604674508,0.35178162608750796,0.00696002196714928,1.9269483928280467e-4,0.01941163616281385,5.374296414960533e-4,0.018874226747499258,FALSE,TRUE
31,Arrowwood,1591,2020,45,0.3136343341374646,0.30736358604289093,0.006424665841470201,1.539124180227893e-4,0.020484574366320167,4.907384213723556e-4,0.019993818954225952,FALSE,TRUE
32,Arrowwood,1592,2020,45,0.27880738216365547,0.27133581716486543,0.007476816623900754,5.251625110690818e-6,0.026817140083873325,1.8836033213812818e-5,0.02679830405065942,FALSE,TRUE
33,Arrowwood,1674,2020,45,0.5215011026589008,0.5169006790619357,0.004600423596965156,0,0.008821503106148107,0,0.008821503106148015,FALSE,FALSE
34,Arrowwood,1675,2020,45,0.27580378082690976,0.26669120606599234,0.009117828309230658,5.251625110690818e-6,0.03305911282975801,1.9041164319595233e-5,0.03304006469235582,FALSE,TRUE
35,Arrowwood,1676,2020,45,0.23299911797010714,0.22652991588599902,0.006469204648378204,0,0.027764931922223745,0,0.027764920916731065,FALSE,TRUE
36,Arrowwood,1677,2020,45,0.2951345820619903,0.2864567844205884,0.008680419607552095,2.625812555345409e-6,0.029411733274038534,8.897000605621611e-6,0.02940284930614865,FALSE,TRUE
37,Arrowwood,1759,2020,45,0.5138592496130645,0.5122127420558994,0.0016517700804236067,5.251625110690818e-6,0.0032144406890941206,1.021996804503429e-5,0.0032041995126193207,FALSE,TRUE
38,Arrowwood,1760,2020,45,0.220071729906127,0.2184542293720342,0.001630629596869499,1.3129062776727043e-5,0.007409536870387916,5.965810684692363e-5,0.007349878763541082,FALSE,TRUE
39,Arrowwood,1761,2020,45,0.20839098738111825,0.20702819066489397,0.0013654225287796126,2.625812555345409e-6,0.00655221488193462,1.2600413234489655e-5,0.006539614468700162,FALSE,TRUE
40,Arrowwood,1762,2020,45,0.2573905369666377,0.2490455610666259,0.008344966283999054,0,0.0324214183720387,0,0.03242145573165914,FALSE,FALSE
41,Audubon,814,2020,45,0.23264165872185016,0.230991663757385,0.0018022818355949105,1.522971282100337e-4,0.00774702968288988,6.546425478857268e-4,0.007092431224615369,FALSE,TRUE
42,Audubon,815,2020,45,0.3372869766687166,0.3341858920408537,0.003140471816193109,3.938718833018113e-5,0.00931097858331388,1.167764872489199e-4,0.009194202096064892,FALSE,TRUE
43,Audubon,816,2020,45,0.14654422932827926,0.14268349507673886,0.0038607281613989887,0,0.026345139478337463,0,0.026345181036721874,FALSE,FALSE
44,Audubon,899,2020,45,0.3557379870986323,0.35347716248847993,0.002273953672929124,1.3129062776727043e-5,0.0063922149317684335,3.6906552723836225e-5,0.006355308379044516,FALSE,TRUE
45,Audubon,900,2020,45,0.2614605464274231,0.25439042303719206,0.007164651360088443,9.452925199243472e-5,0.027402418674578977,3.6154308282482835e-4,0.02704088049549608,FALSE,TRUE
46,Audubon,901,2020,45,0.23403132898844556,0.21781459784488055,0.016242993115523567,2.6258125553454086e-5,0.06940520820751099,1.1219919002703473e-4,0.06929299258205575,FALSE,TRUE
47,Audubon,902,2020,45,0.1936531425885486,0.18892198224615206,0.004731170278943068,0,0.02443115673570711,0,0.024431105424654802,FALSE,TRUE
48,Audubon,984,2020,45,0.5191743865649378,0.5164304124446017,0.0027465999328912974,2.625812555345409e-6,0.005290322488872928,5.057669683434923e-6,0.005285264819189589,FALSE,TRUE
49,Audubon,985,2020,45,0.4110873258394735,0.4053562027391839,0.005759992293845472,2.8883938108799495e-5,0.014011602722324514,7.02622929320824e-5,0.013941376296596347,FALSE,TRUE
50,Audubon,986,2020,45,0.22287868249947004,0.21273118885101655,0.010210505456971579,6.301950132828981e-5,0.045811942813309914,2.827524849911999e-4,0.04552922484400284,FALSE,TRUE
51,Audubon,987,2020,45,0.2767099528425916,0.2744378454441154,0.002427025050434499,1.549229407653791e-4,0.008771007423123409,5.598748406910688e-4,0.008211151695612005,FALSE,TRUE
52,Audubon,1069,2020,45,0.2851026446801326,0.2836243122114731,0.0014783324686594651,0,0.005185263961048352,0,0.0051852639610483735,FALSE,FALSE
53,Audubon,1070,2020,45,0.5204067132198182,0.5107898388491504,0.009632615142514518,1.5754875332072452e-5,0.01850978263311859,3.0274158522274173e-5,0.018479535575486875,FALSE,TRUE
54,Audubon,1071,2020,45,0.3763837255132838,0.37476942518824286,0.0016851914944276051,7.089693899432604e-5,0.004477322955793234,1.883634551351606e-4,0.004288974829715313,FALSE,TRUE
55,Audubon,1072,2020,45,0.34529558187755655,0.33984702082521484,0.005894949186750442,4.463881344087195e-4,0.017072182489843785,0.0012927710571373915,0.015779411432706343,FALSE,TRUE
56,Audubon,1152,2020,45,0.08377230314705342,0.08313685650865983,7.19472640164642e-4,8.402600177105308e-5,0.008588430938823347,0.0010030284308114859,0.007585402508011824,FALSE,TRUE
57,Audubon,1153,2020,45,0.11984280302158505,0.1178445596669672,0.0020061207922838923,7.877437666036226e-6,0.016739601725792138,6.573142038923614e-5,0.016673870305402815,FALSE,TRUE
58,Audubon,1154,2020,45,0.19280110744266019,0.1896343775009136,0.0031693557543019083,2.625812555345409e-6,0.016438472767821042,1.3619281497780484e-5,0.016424853486323332,FALSE,TRUE
59,Audubon,1155,2020,45,0.28921706729859237,0.2862304106584928,0.0029892712339732895,2.625812555345409e-6,0.010335735929744138,9.079037346832916e-6,0.010326695682229875,FALSE,TRUE
60,Audubon,1156,2020,45,0.30510524364616975,0.3020343148343721,0.003070934260871539,0,0.010065163824037382,0,0.01006514596438405,FALSE,TRUE
61,Audubon,1157,2020,45,0.5219597582613416,0.5159093527656504,0.006060888231751919,1.0503250221381635e-5,0.011611792165627594,2.0122720296231597e-5,0.01159170874751946,FALSE,TRUE
62,Audubon,1158,2020,45,0.5699274455692527,0.5593426720736917,0.010823719873827234,2.389489425364322e-4,0.018991399621080415,4.192620383420317e-4,0.01857214208203069,FALSE,TRUE
63,Audubon,1159,2020,45,0.46550372158506464,0.46033780463731316,0.005176389106198236,1.0503250221381635e-5,0.011119973624641193,2.2563192804597815e-5,0.011097477223514481,FALSE,TRUE
64,Audubon,1160,2020,45,0.3739964105889419,0.3720821932360951,0.0019168431654021485,2.625812555345409e-6,0.0051252982946645015,7.020956568033563e-6,0.0051182773380964676,FALSE,TRUE
65,Audubon,1238,2020,45,0.15673043319776353,0.15304442830903683,0.0037175120751207773,3.1509750664144904e-5,0.023719146302811498,2.0104423896018768e-4,0.023518118424873297,FALSE,TRUE
66,Audubon,1239,2020,45,0.07903090623852316,0.0775762060828618,0.001457325968216702,2.625812555345409e-6,0.018439950110382724,3.322513533402293e-5,0.018406724975048774,FALSE,TRUE
67,Audubon,1240,2020,45,0.33187099210338966,0.3315643669450713,3.486405632070629e-4,4.201300088552654e-5,0.0010505303913348621,1.265943751794914e-4,9.23928772367181e-4,FALSE,TRUE
68,Audubon,1241,2020,45,0.6175541054715382,0.6143400288471531,0.003224585964747941,1.0503250221381635e-5,0.0052215440496274955,1.7007821870703616e-5,0.0052045263660436296,FALSE,TRUE
69,Audubon,1242,2020,45,0.46897562017972777,0.46703723714570755,0.0019383822326858183,0,0.0041332260127785805,0,0.004133227721469537,FALSE,FALSE
70,Audubon,1243,2020,45,0.4985192526647366,0.49683056799340125,0.001691318978035303,2.625812555345409e-6,0.003392685375729603,5.2672239663957694e-6,0.0033874011130138712,FALSE,TRUE
71,Audubon,1244,2020,45,0.6264211462443703,0.6223012463450334,0.004122525711892292,2.625812555345409e-6,0.00658107686275979,4.19176870239477e-6,0.006576885094057354,FALSE,TRUE
72,Audubon,1245,2020,45,0.3703962574622786,0.3685739435488689,0.0018249397259650591,2.625812555345409e-6,0.004926992887207863,7.089198398860235e-6,0.004919903688808969,FALSE,TRUE
73,Audubon,1326,2020,45,0.261055719982367,0.2555976198453515,0.005488452760808881,3.0343260701835598e-5,0.021024066284315083,1.1623288968303447e-4,0.02090779752837495,FALSE,TRUE
74,Audubon,1327,2020,45,0.2987228780038333,0.2982394618095621,5.80556714599664e-4,9.715506454778013e-5,0.001943462511070927,3.2523476339342647e-4,0.001618276435676834,FALSE,TRUE
75,Audubon,1328,2020,45,0.6601173371723732,0.6546005049935925,0.005527335429002085,1.0503250221381635e-5,0.008373262021383266,1.591118673897058e-5,0.008357350834644351,FALSE,TRUE
76,Audubon,1329,2020,45,0.5261363593005455,0.5230352746726825,0.003101084627862928,0,0.005894070183603281,0,0.005894070183603342,FALSE,FALSE
77,Audubon,1330,2020,45,0.558662996905069,0.5529215346678428,0.005741428901715312,0,0.010277088215117504,0,0.010277147885278481,FALSE,FALSE
78,Audubon,1411,2020,45,0.23902636297849372,0.23186763892868034,0.00725774590297471,9.903673794778874e-5,0.030363788381065408,4.1433395343382903e-4,0.02994951670020383,FALSE,TRUE
79,Audubon,1412,2020,45,0.2979499659753353,0.28894950110203477,0.009063489503168952,6.301950132828981e-5,0.03041950172237724,2.1151034913528618e-4,0.030207974160485724,FALSE,TRUE
82,Benton Lake,3,2020,45,0.12057263531284695,0.11773150612796322,0.0028411291848837324,0,0.023563631810086277,0,0.023563631810086267,FALSE,FALSE
84,Benton Lake,88,2020,45,0.1603686913777202,0.1603686913777202,0,0,0,0,0,FALSE,FALSE
85,Benton Lake,89,2020,45,0.5594952974284713,0.5527180752231247,0.0068061061434553,2.8883938108799495e-5,0.012164724484257934,5.162498816621808e-5,0.012113099496091895,FALSE,TRUE
86,Benton Lake,90,2020,45,0.671973414227933,0.6678009980774892,0.0041802935881098905,7.877437666036226e-6,0.006220921095387171,1.1722841260151705e-5,0.006209198254126993,FALSE,TRUE
87,Benton Lake,91,2020,45,0.5086894349748011,0.5063608726063851,0.002341683898649459,1.3129062776727043e-5,0.004603366489743312,2.5809584147108177e-5,0.004577571713340977,FALSE,TRUE
88,Benton Lake,92,2020,45,0.38989603383812776,0.38736684297915486,0.0025370758291823107,7.877437666036226e-6,0.006507057289625117,2.020394408348017e-5,0.006486834026177721,FALSE,TRUE
89,Benton Lake,93,2020,45,0.1239016938073314,0.11928316646364677,0.004647411922860945,2.8883938108799495e-5,0.03750886513373841,2.3311980023222573e-4,0.03727574015950499,FALSE,TRUE
91,Benton Lake,173,2020,45,0.13895940564887935,0.13570864970536173,0.0032560075686283068,5.251625110690818e-6,0.023431357909341814,3.779251275700293e-5,0.023393565396584836,FALSE,TRUE
92,Benton Lake,174,2020,45,0.7755727971830272,0.7686117680988066,0.006974158146997406,1.3129062776727043e-5,0.008992267614759542,1.6928214636219017e-5,0.008975339400123199,FALSE,TRUE
93,Benton Lake,175,2020,45,0.4916726925966005,0.4786145267588678,0.013066043275398754,7.877437666036226e-6,0.02657467756932957,1.6021710753213166e-5,0.026558655858576377,FALSE,TRUE
94,Benton Lake,176,2020,45,0.38953432815862893,0.368291135330994,0.02124320949539043,0,0.05453488424450134,0,0.054534841455575446,FALSE,TRUE
95,Benton Lake,177,2020,45,0.26600117124627237,0.2617713564745015,0.004240301354236762,1.0503250221381635e-5,0.015940912343994737,3.9485729225069434e-5,0.01590148927522868,FALSE,TRUE
96,Benton Lake,178,2020,45,0.5137645972761086,0.503881408072679,0.009901544889683724,1.838068788741786e-5,0.01927253248312556,3.5776478147519514e-5,0.01923680466857493,FALSE,TRUE
97,Benton Lake,179,2020,45,0.5739437079292958,0.5650849959056627,0.008967149876504571,1.084201734313742e-4,0.015623744546057878,1.8890384533099626e-4,0.015434809897287682,FALSE,TRUE
98,Benton Lake,180,2020,45,0.4005082963088774,0.39802427763152065,0.002678328806452317,1.9431012909556025e-4,0.0066873241606629635,4.8515881165594045e-4,0.006202165349007027,FALSE,TRUE
99,Benton Lake,181,2020,45,0.7929873501633627,0.7855037843806283,0.007557088534284087,7.352275154967145e-5,0.009529897964610982,9.271617199760511e-5,0.00943718179261343,FALSE,TRUE
100,Benton Lake,182,2020,45,0.48075579484110964,0.473683455921535,0.0070749544750496685,2.625812555345409e-6,0.014716316581036636,5.461842755765936e-6,0.014710876073604202,FALSE,TRUE
101,Benton Lake,183,2020,45,0.36429054578964054,0.3527827581525546,0.011646945445438974,1.3916806543330667e-4,0.031971583067556465,3.8202491676429405e-4,0.03158958630710965,FALSE,TRUE
102,Benton Lake,184,2020,45,0.29916616849999317,0.29899286487134036,3.1772331919679444e-4,1.4441969054399749e-4,0.001062029576371707,4.827407165325941e-4,5.792888598391565e-4,FALSE,TRUE
103,Benton Lake,185,2020,45,0.2356896321879491,0.2265709236930157,0.009554594661255788,4.3588488418733786e-4,0.04053888400842571,0.0018494020298684348,0.038689476538627504,FALSE,TRUE
104,Benton Lake,258,2020,45,0.09973216622880782,0.09651130967434814,0.003336393909563673,1.1553575243519798e-4,0.03345353897065909,0.0011584602721867409,0.03229506262874425,FALSE,TRUE
105,Benton Lake,259,2020,45,0.8040472726464776,0.7777666635730184,0.026663928985408265,3.833686330804297e-4,0.033162140949306876,4.7679862381547894e-4,0.0326854029203507,FALSE,TRUE
106,Benton Lake,260,2020,45,0.7970221573245779,0.7718140285666927,0.025247526203295817,3.938718833018113e-5,0.03167732034959482,4.9417933953549e-5,0.031627889546387525,FALSE,TRUE
107,Benton Lake,261,2020,45,0.4157996746966102,0.4075284061755934,0.008294886089462047,2.363231299810868e-5,0.019949236601770892,5.6835814062028996e-5,0.019892436248421793,FALSE,TRUE
108,Benton Lake,262,2020,45,0.3711310746945636,0.3601141088637213,0.011048502506342175,3.1509750664144904e-5,0.02976981249935743,8.490194654294861e-5,0.0296848380047645,FALSE,TRUE
109,Benton Lake,263,2020,45,0.36946356063695573,0.3596953327894649,0.009786595072960338,1.838068788741786e-5,0.026488661171586807,4.974966369005249e-5,0.02643894794563875,FALSE,TRUE
110,Benton Lake,264,2020,45,0.38976609714495936,0.37240258339616844,0.017366152382696648,2.625812555345409e-6,0.04455531794556759,6.736893163821873e-6,0.044548548157417565,FALSE,TRUE
111,Benton Lake,265,2020,45,0.2744558158487911,0.2723210302412952,0.00215054048282789,1.5754875332072452e-5,0.007835652803264736,5.740404984076729e-5,0.007778248753424121,FALSE,TRUE
112,Benton Lake,266,2020,45,0.5007088931376464,0.4954091418062147,0.005305007123481318,5.251625110690818e-6,0.010594992811567568,1.0488379940252288e-5,0.010584496109548461,FALSE,TRUE
113,Benton Lake,267,2020,45,0.48941724269652237,0.47034596610704865,0.01907655513942017,5.251625110690818e-6,0.038978101863176795,1.0730363895142213e-5,0.03896731648520897,FALSE,TRUE
114,Benton Lake,268,2020,45,0.23347047183795225,0.2266178395782819,0.006884131112186658,3.1509750664144904e-5,0.029486089003001686,1.3496246620007377e-4,0.029351173215714534,FALSE,TRUE
115,Benton Lake,269,2020,45,0.3226841355669808,0.3167902941449021,0.0059269891002523,3.313675247996117e-5,0.018367773456969383,1.0269098733886423e-4,0.018265048610842702,FALSE,TRUE
116,Benton Lake,270,2020,45,0.27762379715433355,0.27040065864027185,0.007260890339152437,3.776018651436487e-5,0.026153703009529992,1.3601206705408486e-4,0.026017721060296185,FALSE,TRUE
117,Benton Lake,271,2020,45,0.44494627611758664,0.42420219281707316,0.0214561439180304,7.120462736312364e-4,0.048221875470557146,0.0016002971860878388,0.04662154604712637,FALSE,TRUE
118,Benton Lake,343,2020,45,3.281042056556025e-4,3.281042056556025e-4,0,0,0,0,0,FALSE,FALSE
119,Benton Lake,344,2020,45,0.49486280868141813,0.4835972522525628,0.011499262721226347,2.3369731742574137e-4,0.023237274087876184,4.722466779195577e-4,0.022765009273727557,FALSE,TRUE
120,Benton Lake,345,2020,45,0.7999745553164945,0.7816653387645675,0.01847209257632564,1.6280037843141535e-4,0.0230908501446243,2.0350694575155145e-4,0.02288724863840624,FALSE,TRUE
121,Benton Lake,346,2020,45,0.8359733787139294,0.8152234693918088,0.020826071989711033,7.614856410501685e-5,0.024912362666081652,9.108969979661869e-5,0.024821256095549964,FALSE,TRUE
122,Benton Lake,347,2020,45,0.32545280873666543,0.32056091994605695,0.0049627857296028225,7.089693899432604e-5,0.015248864340323994,2.1784091914748562e-4,0.015031023421176452,FALSE,TRUE
123,Benton Lake,348,2020,45,0.5337404252625776,0.5142462287384085,0.020174298643758963,6.800854518344609e-4,0.03779795887454855,0.001274187638119949,0.03652374000822356,FALSE,TRUE
124,Benton Lake,349,2020,45,0.36626376186834025,0.35450701437835064,0.011767237918860663,1.0503250221381635e-5,0.03212777004974518,2.8676738773728883e-5,0.032099128316756,FALSE,TRUE
125,Benton Lake,350,2020,45,0.12687224683136883,0.11870596978424462,0.008174154484790258,7.877437666036226e-6,0.06442823146069815,6.208952598204126e-5,0.06436614193471599,FALSE,TRUE
126,Benton Lake,351,2020,45,0.2558716685166551,0.24203626216254015,0.01383540635411496,0,0.05407166191677994,0,0.054071661916779916,FALSE,FALSE
127,Benton Lake,352,2020,45,0.15310952999766486,0.14664215367384914,0.006472627948926433,5.251625110690818e-6,0.04227449427233661,3.4299792513052015e-5,0.04224019447982342,FALSE,TRUE
128,Benton Lake,353,2020,45,0.12399959763874066,0.12187794109402157,0.0021295339823851267,7.877437666036226e-6,0.01717371687438287,6.352792925172454e-5,0.01711018894513113,FALSE,TRUE
129,Benton Lake,354,2020,45,0.13103846770531494,0.1259116097193242,0.0051268586270582514,0,0.03912483652195748,0,0.03912483162974898,FALSE,TRUE
130,Benton Lake,355,2020,45,0.13323510350698547,0.12299924511179643,0.010278471435271804,4.261947579962803e-5,0.07714537058721095,3.1988173295030694e-4,0.0768255371577235,FALSE,TRUE
131,Benton Lake,356,2020,45,0.3216980403816456,0.3190253939976764,0.002816608031771369,1.4396859937800693e-4,0.008755440438586115,4.475271257705212e-4,0.0083079349218247,FALSE,TRUE
132,Benton Lake,429,2020,45,0.02374384079641887,0.022653372126278822,0.0011009719203614323,1.0503250221381635e-5,0.046368737467591375,4.4235683314410414e-4,0.04592638063444717,FALSE,TRUE
133,Benton Lake,430,2020,45,0.5829884423611466,0.5562995604636524,0.027917739094965255,0.0012288802759016513,0.047887294269327765,0.0021078981787779442,0.04577943567697883,FALSE,TRUE
134,Benton Lake,431,2020,45,0.42994993238743956,0.41689291534269984,0.013727869842174292,6.708578458412452e-4,0.03192899639719849,0.0015603162026705867,0.030368691936375706,FALSE,TRUE
135,Benton Lake,432,2020,45,0.3125710851941556,0.3103280873895547,0.002535299591355718,2.923147483387332e-4,0.008111113636057857,9.351944635478997e-4,0.007175960640145768,FALSE,TRUE
136,Benton Lake,433,2020,45,0.25383403797370707,0.24486721632377192,0.009090234840036387,1.234131901012342e-4,0.03581172530130881,4.8619637888760114e-4,0.03532552892242119,FALSE,TRUE
137,Benton Lake,434,2020,45,0.4947111269780258,0.48396630200155233,0.010920754417681556,1.7592944120814238e-4,0.022075012713766263,3.556205462424476e-4,0.021719392167523877,FALSE,TRUE
138,Benton Lake,435,2020,45,0.397705651689258,0.38885666337774394,0.0088647431868461,1.5754875332072452e-5,0.022289708856771413,3.961441147530464e-5,0.022250094445296135,FALSE,TRUE
139,Benton Lake,436,2020,45,0.5713488717564392,0.5579047114730707,0.013452037721034529,7.877437666036226e-6,0.023544349846496258,1.3787438910694665e-5,0.023530562407585536,FALSE,TRUE
140,Benton Lake,437,2020,45,0.126965268292558,0.12490400543661186,0.002082269356388909,2.100650044276327e-5,0.01640030682714637,1.6545076244283853e-4,0.016234856064703495,FALSE,TRUE
141,Benton Lake,438,2020,45,0.22688175425425472,0.21228748807164494,0.014594266182609781,0,0.06432542903496213,0,0.06432542903496215,FALSE,FALSE
142,Benton Lake,439,2020,45,0.10513536021500777,0.10515111509033985,0,1.5754875332072452e-5,0,1.498532491813681e-4,-1.4985324918141536e-4,FALSE,TRUE
143,Benton Lake,440,2020,45,0.19698078560595242,0.19370317662622427,0.003418807947059722,1.4118739806621058e-4,0.017356047883263247,7.167572087393693e-4,0.016639231941560008,FALSE,TRUE
144,Benton Lake,441,2020,45,0.13588446631868664,0.1348956735212341,0.0015101919216548945,5.213976818004282e-4,0.011113793670227742,0.0038370661189308167,0.007276716936382885,FALSE,TRUE
145,Benton Lake,442,2020,45,0.39033544715793633,0.3736759794005474,0.0199312468691048,0.003271759879690306,0.05106184184456167,0.008381918433266185,0.042679874140787964,FALSE,TRUE
146,Benton Lake,515,2020,45,0.2868923821065275,0.2852636192982716,0.0028130013859128796,0.0011842414624607792,0.009805075217606752,0.004127824704739118,0.005677260568219368,FALSE,TRUE
147,Benton Lake,516,2020,45,0.37782135788733545,0.35905980409442895,0.01906665321053104,3.050948900852139e-4,0.050464731049472925,8.075109670644713e-4,0.04965720809912792,FALSE,TRUE
148,Benton Lake,517,2020,45,0.43400730512530233,0.4210667674843849,0.013031907712179264,9.136346025300132e-5,0.030026931708941672,2.1051134203057655e-4,0.029816405134428313,FALSE,TRUE
149,Benton Lake,518,2020,45,0.21547984019996672,0.20991960005738045,0.005576541207444002,1.6294854516160434e-5,0.025879642393780017,7.562124837775405e-5,0.025803992324415735,FALSE,TRUE
150,Benton Lake,519,2020,45,0.07396643181488247,0.07290791138558914,0.0010637706921355378,5.251625110690818e-6,0.0143818035564817,7.10001142658089e-5,0.014310821859604021,FALSE,TRUE
151,Benton Lake,520,2020,45,0.14044964658776052,0.12936115813602597,0.011135754359865791,4.726462599621736e-5,0.0792864534045486,3.365236377913124e-4,0.07894992063796942,FALSE,TRUE
152,Benton Lake,521,2020,45,0.39455451250955875,0.39306305097812255,0.0015492294076537912,5.776787621759899e-5,0.003926528169200088,1.4641291478373212e-4,0.0037801152544163765,FALSE,TRUE
153,Benton Lake,522,2020,45,0.5235070593379,0.5191224036820061,0.004505453931587584,1.207873775458888e-4,0.008606290691257935,2.3072731377997722e-4,0.008375542559902251,FALSE,TRUE
154,Benton Lake,523,2020,45,0.3577199011814216,0.34566709332581674,0.012126345992774958,7.352275154967145e-5,0.033898997379586515,2.055316221067152e-4,0.03369342274723527,FALSE,TRUE
155,Benton Lake,524,2020,45,0.22225954461874442,0.21763573487870824,0.004629062967815688,5.251625110690818e-6,0.020827285396252414,2.3628344599100372e-5,0.02080364984085469,FALSE,TRUE
156,Benton Lake,525,2020,45,0.1935199031155254,0.19119468455528527,0.002420999176028467,9.577657906631162e-5,0.01251033685451571,4.949184942963514e-4,0.012015397500752357,FALSE,TRUE
157,Benton Lake,526,2020,45,0.39630896557974127,0.39505813515200977,0.0030036170428999302,0.0017527954298468163,0.007578978281518521,0.004422800345388948,0.0031562001780649045,FALSE,TRUE
159,Benton Lake,600,2020,45,0.2941749296296539,0.2929517728045565,0.001920226559497357,6.970706158677728e-4,0.00652749900174971,0.002369578593068203,0.004157923405088627,FALSE,TRUE
160,Benton Lake,601,2020,45,0.6403406606568987,0.6297582668039661,0.012253800472512153,0.001671412228920346,0.01913637728383747,0.0026101922486160946,0.016526193795153576,FALSE,TRUE
161,Benton Lake,602,2020,45,0.23406523889589856,0.22803481419262078,0.006172204477781042,1.4179387798865208e-4,0.026369590405203886,6.057878506757489e-4,0.025763862809034328,FALSE,TRUE
162,Benton Lake,603,2020,45,0.18490059134596173,0.17850706600026509,0.006482804254713433,8.92776268817439e-5,0.03506102499468841,4.8284121879685777e-4,0.03457817684170584,FALSE,TRUE
163,Benton Lake,604,2020,45,0.07698412125141244,0.07434754389029814,0.0026680874323121995,3.1509750664144904e-5,0.034657633144877235,4.0930194632268784e-4,0.0342483270349198,FALSE,TRUE
164,Benton Lake,605,2020,45,0.13130829045953726,0.13103350327845248,4.829120347347098e-4,2.0813378852846813e-4,0.00367769645804291,0.0015850772849152635,0.0020926872181727205,FALSE,TRUE
165,Benton Lake,606,2020,45,0.33204039804153057,0.312696036946301,0.019362741783117043,1.838068788741786e-5,0.05831441564738521,5.5356781873026376e-5,0.05825905886551204,FALSE,TRUE
166,Benton Lake,607,2020,45,0.3658138042699891,0.3647735311865394,0.0012765851550161262,2.363231299810868e-4,0.0034897129089036284,6.460202628293064e-4,0.002843722875700867,FALSE,TRUE
167,Benton Lake,608,2020,45,0.5021021328681843,0.47898833579311395,0.02321879880604325,1.0503250221381634e-4,0.046243178999079905,2.0918553285928837e-4,0.04603405475104473,FALSE,TRUE
168,Benton Lake,609,2020,45,0.0882580423292478,0.08435839784361089,0.003907518397431594,7.877437666036226e-6,0.04427379414166637,8.925461587567669e-5,0.04418457947536653,FALSE,TRUE
169,Benton Lake,610,2020,45,0.2378566250275691,0.23618312083506934,0.0019176973878704095,2.44200567647123e-4,0.008062408972834521,0.0010266712882973875,0.00703576867916035,FALSE,TRUE
170,Benton Lake,611,2020,45,0.4805545919540563,0.4760592418876261,0.009568677632499887,0.005073331091941076,0.019911739046319852,0.010557241938551936,0.009354504444856047,FALSE,TRUE
171,Benton Lake,612,2020,45,0.1263695575832246,0.12330370602617266,0.004108999507787919,0.0010431431427295858,0.032515738650757,0.00825470281513482,0.02426099778843357,FALSE,TRUE
174,Benton Lake,685,2020,45,0.5132813657092826,0.5066598049544827,0.007049567560253713,4.2800744652130165e-4,0.01373431422064622,8.338651568421066e-4,0.012900450312763352,FALSE,TRUE
175,Benton Lake,686,2020,45,0.8561351060236526,0.836558114347348,0.019876381746610498,2.993426313093766e-4,0.02321640779213809,3.496441498581727e-4,0.022866708231637226,FALSE,TRUE
176,Benton Lake,687,2020,45,0.5111352562851419,0.49778825106632113,0.013648973662685434,3.01968443864722e-4,0.026703252211330963,5.907799161798886e-4,0.026112472295151172,FALSE,TRUE
177,Benton Lake,688,2020,45,0.3458370736604542,0.33091542198901036,0.015118602998715171,1.9693594165090566e-4,0.04371596960006302,5.694471664546267e-4,0.04314647794554852,FALSE,TRUE
178,Benton Lake,689,2020,45,0.17369612608733936,0.16690442088461727,0.007119942670288066,3.282265694181761e-4,0.04099079715058214,0.001889659699451987,0.03910107470852306,FALSE,TRUE
179,Benton Lake,690,2020,45,0.1875126183853916,0.17798832442146026,0.009796669449011914,2.7238990909974166e-4,0.05224538771506555,0.0014526484214513135,0.05079281621653971,FALSE,TRUE
180,Benton Lake,691,2020,45,0.25170754008708907,0.2471737464837158,0.004630957642866304,9.715506454778013e-5,0.018398168133000804,3.8598392608407814e-4,0.018012148550673592,FALSE,TRUE
181,Benton Lake,692,2020,45,0.4189438390617093,0.4078076039012047,0.011304319217422613,1.6805200354210617e-4,0.026982898812261846,4.011325334643543e-4,0.026581689768838603,FALSE,TRUE
182,Benton Lake,693,2020,45,0.5691648931918518,0.5592903609641907,0.01008722624998169,2.1269081698297812e-4,0.01772285390515386,3.7368927621346656e-4,0.01734915899729015,FALSE,TRUE
183,Benton Lake,694,2020,45,0.4551422242133505,0.4470789692807024,0.008315339989703952,2.5207800531315924e-4,0.01826976173014018,5.538444730080596e-4,0.017715901763639477,FALSE,TRUE
184,Benton Lake,696,2020,45,0.5327581251969513,0.515613702683247,0.024101674428106595,0.006957280762440623,0.04523943096916003,0.013058985744926253,0.03218049937270558,FALSE,TRUE
185,Benton Lake,697,2020,45,0.3591766527531418,0.3464888085423552,0.013384653832041007,6.967844593542494e-4,0.037264821444951024,0.0019399491977368077,0.03532480219282747,FALSE,TRUE
187,Benton Lake,769,2020,45,0.002105270217881399,0.002105270217881399,0,0,0,0,0,FALSE,FALSE
188,Benton Lake,770,2020,45,0.7138366617411624,0.6957880570853535,0.018253448806366847,2.0481337931694188e-4,0.02557090408027482,2.8691910950240227e-4,0.025283941863934924,FALSE,TRUE
189,Benton Lake,771,2020,45,0.6734607318989303,0.6560607029442915,0.0183479472871184,9.479183324796926e-4,0.027244271890037933,0.0014075331902528084,0.025836738699785217,FALSE,TRUE
190,Benton Lake,772,2020,45,0.6468943605684714,0.6351128319724907,0.012391209448674985,6.097109428009068e-4,0.019154919572626914,9.425201083297604e-4,0.018212445979011845,FALSE,TRUE
191,Benton Lake,773,2020,45,0.29595360992349157,0.28216093456588276,0.013897965568965042,1.0529371719420231e-4,0.04695994609613944,3.557777761907426e-4,0.04660418016585242,FALSE,TRUE
192,Benton Lake,774,2020,45,0.4392669307586227,0.42605289832873755,0.013284955011580236,7.089693899432604e-5,0.030243467198035726,1.6139830711108988e-4,0.030082010514800812,FALSE,TRUE
193,Benton Lake,775,2020,45,0.3234233428296317,0.3210075952787139,0.002497147740133484,8.140018921570768e-5,0.007720987972871505,2.516830990105328e-4,0.007469304873860982,FALSE,TRUE
194,Benton Lake,776,2020,45,0.23671047836132142,0.22497961974199462,0.011856888647038114,1.2603900265657962e-4,0.050090256794375745,5.324605971358403e-4,0.04955783411252496,FALSE,TRUE
195,Benton Lake,777,2020,45,0.4042232466781947,0.3849609832536408,0.019738959949097298,4.7667773325175944e-4,0.04883182773704165,0.0011792437401089064,0.04765253750952313,FALSE,TRUE
196,Benton Lake,781,2020,45,0.39248184378032536,0.388324813250323,0.004973288979824205,8.162480324746527e-4,0.012671386100111644,0.002079709024531367,0.01059165053334059,FALSE,TRUE
197,Benton Lake,782,2020,45,0.33071768599509654,0.33040316288495153,6.354466383935889e-4,3.209237085488612e-4,0.0019214171642547428,9.703856858553958e-4,9.510320235781965e-4,FALSE,TRUE
198,Benton Lake,854,2020,45,0.021156178169093143,0.02115880398164849,0,2.625812555345409e-6,0,1.2411563820073293e-4,-1.241156382007174e-4,FALSE,TRUE
199,Benton Lake,855,2020,45,0.5857893227629554,0.5839708244834152,0.002310999842949007,4.924936301982391e-4,0.003945104072653391,8.407350749845108e-4,0.0031043554548979744,FALSE,TRUE
200,Benton Lake,856,2020,45,0.7091186509757033,0.6990081238446305,0.011726594238194428,0.0016160337716106842,0.016536857720579428,0.0022789328265264523,0.014257877884274073,FALSE,TRUE
201,Benton Lake,857,2020,45,0.8690536114560979,0.8593461465522707,0.010110188647423074,4.0266156004652344e-4,0.011633561513522128,4.6333339478546627e-4,0.011170156565556862,FALSE,TRUE
202,Benton Lake,858,2020,45,0.5133231735685623,0.4892294150421728,0.024303585053700248,2.0980378944724675e-4,0.04734558326043336,4.0871676996133936e-4,0.046936822195055954,FALSE,TRUE
203,Benton Lake,859,2020,45,0.4506885999495576,0.43729707900225956,0.01357079932522229,1.792725882832117e-4,0.030111254925776185,3.9777484565457484e-4,0.029713467233910246,FALSE,TRUE
204,Benton Lake,860,2020,45,0.37580136952249366,0.37123787141458803,0.004792355045033712,2.2883441963151725e-4,0.012752361842435661,6.089238576279865e-4,0.012143378066195363,FALSE,TRUE
205,Benton Lake,940,2020,45,0.11606408438407802,0.1158055957035809,4.411365092980287e-4,1.8264776870084083e-4,0.0038008011835791037,0.001573680347974183,0.002227120317786941,FALSE,TRUE
206,Benton Lake,941,2020,45,0.7465107961603183,0.7322125082866814,0.015145840675436733,8.47597516259199e-4,0.020288843447863626,0.0011354122681397519,0.01915349107766461,FALSE,TRUE
207,Benton Lake,942,2020,45,0.6930124091010686,0.6773548939751499,0.01619082432301163,5.333043890864558e-4,0.023362964516051497,7.695452232640743e-4,0.02259341235495142,FALSE,TRUE
208,Benton Lake,943,2020,45,0.6988829054083975,0.6879431138496896,0.011034307989349876,9.452925199243472e-5,0.01578849318528101,1.3525763938552172e-4,0.015653253891386977,FALSE,TRUE
209,Bowdoin,272,2020,45,0.494411004808614,0.4892094752780806,0.00561375325368427,4.1225257118922916e-4,0.011354426173942767,8.338256373334806e-4,0.010520658884902622,FALSE,TRUE
210,Bowdoin,273,2020,45,0.3918943182210668,0.39015964080169174,0.0026993353068950803,9.646745552754978e-4,0.006887916413660253,0.002461568107581817,0.0044263908373290695,FALSE,TRUE
211,Bowdoin,274,2020,45,0.7455426918938195,0.7378252646803746,0.008153147984347494,4.3564540540249745e-4,0.010935856622290744,5.843332784818475e-4,0.010351422255701015,FALSE,TRUE
212,Bowdoin,275,2020,45,0.7169471828828962,0.7169891958837817,0,4.201300088552654e-5,0,5.859985489668743e-5,-5.859985489675753e-5,FALSE,TRUE
213,Bowdoin,276,2020,45,0.5479356910217383,0.5429477139029327,0.005058899379966971,7.089693899432604e-5,0.009232651683144816,1.293891603631882e-4,0.009103216309024338,FALSE,TRUE
214,Bowdoin,277,2020,45,0.35839965840668664,0.3569738421891341,0.0016778942228657162,2.5207800531315924e-4,0.004681628967853982,7.033433191142133e-4,0.003978285648739766,FALSE,TRUE
215,Bowdoin,357,2020,45,0.2779504441333864,0.27756397786205705,7.88218877768193e-4,4.0174932096784753e-4,0.0028358252141879384,0.0014453990970241118,0.0013904142968156575,FALSE,TRUE
216,Bowdoin,358,2020,45,0.33759237097739964,0.33337558269760253,0.004732134765024493,5.153548191051586e-4,0.014017303623668941,0.0015265594350165554,0.012490768874867131,FALSE,TRUE
217,Bowdoin,359,2020,45,0.7022863687633368,0.6970198093437375,0.006567157200918867,0.0013006358447034275,0.009351110163910829,0.0018520021212909633,0.00749916224185476,FALSE,TRUE
218,Bowdoin,360,2020,45,0.7660000692859461,0.7485992197648839,0.01770587457485468,3.049612675743485e-4,0.0231147166753651,3.981217232246844e-4,0.02271651168032277,FALSE,TRUE
219,Bowdoin,361,2020,45,0.6866533475451609,0.6703843052920949,0.01647299660190832,2.039547695428517e-4,0.023990266210454754,2.9702727041527703e-4,0.023693239552722074,FALSE,TRUE
220,Bowdoin,362,2020,45,0.22852643605112744,0.22546026652458637,0.0034259058466233902,3.59736320082321e-4,0.014991288998428717,0.0015741562608618217,0.01341713273756689,FALSE,TRUE
221,Bowdoin,363,2020,45,0.3374103898588178,0.3378804103062247,4.621430097407919e-4,9.321634571476201e-4,0.001369676286299796,0.002762699327479702,-0.0013930230411799685,TRUE,TRUE
222,Bowdoin,364,2020,45,0.7663392914454398,0.7597328291128331,0.007612136361021136,0.0010056862086972916,0.009933115065343206,0.0013123249974569423,0.008620805961998618,FALSE,TRUE
223,Bowdoin,365,2020,45,0.8001836356412139,0.7862659264748173,0.014544470622050942,6.267628179228517e-4,0.018176415980309286,7.832737261873716e-4,0.017393143956566718,FALSE,TRUE
224,Bowdoin,366,2020,45,0.790451964027892,0.7819889701620137,0.008754459059521593,2.914651936433404e-4,0.011075257520914556,3.687323289806586e-4,0.010706525191933871,FALSE,TRUE
225,Bowdoin,367,2020,45,0.7224544964911638,0.7225569031808222,0,1.0240668965847094e-4,0,1.4174829024643417e-4,-1.4174829024639246e-4,FALSE,TRUE
226,Bowdoin,368,2020,45,0.7335544626157476,0.7335544626157476,0,0,0,0,0,FALSE,FALSE
227,Bowdoin,369,2020,45,0.6000844104275406,0.6000870362400959,0,2.625812555345409e-6,0,4.375738662290199e-6,-4.3757386621798015e-6,FALSE,TRUE
228,Bowdoin,370,2020,45,0.4793573445137823,0.47276856538760303,0.006594021776344723,5.251625110690818e-6,0.013755962752658177,1.0955553661157735e-5,0.013745025921867021,FALSE,TRUE
229,Bowdoin,443,2020,45,0.4783615051021676,0.4668504762277086,0.01614612140281892,0.004635112080919262,0.033752969732316694,0.009689559112682579,0.024063451493657458,FALSE,TRUE
230,Bowdoin,444,2020,45,0.49355671310506083,0.48223219897867375,0.01432436906455532,0.002999845322155454,0.02902274183333044,0.006078015438758489,0.02294470691147602,FALSE,TRUE
231,Bowdoin,445,2020,45,0.6387316940136107,0.6181441747867098,0.02232726364394142,0.0017397678160048751,0.03495562198212392,0.002723785013818028,0.03223187360178535,FALSE,TRUE
232,Bowdoin,446,2020,45,0.6879534940149475,0.6801236492014769,0.009295143097346052,0.0014652864241263702,0.013511295717242322,0.0021299207531818034,0.011381357724887834,FALSE,TRUE
233,Bowdoin,447,2020,45,0.474918203247365,0.4641007171140866,0.011102715022102756,2.85229289491594e-4,0.023378162694513135,6.005861378681036e-4,0.022777577400300238,FALSE,TRUE
234,Bowdoin,448,2020,45,0.7439849285953608,0.7354547303393942,0.009056427503386314,5.262250804808213e-4,0.012172864201005787,7.073061029264816e-4,0.01146555249724149,FALSE,TRUE
235,Bowdoin,449,2020,45,0.7636319966442363,0.740545278261143,0.02383187475231493,7.452018048819805e-4,0.031208585885666877,9.758650870533885e-4,0.03023278029803276,FALSE,TRUE
236,Bowdoin,450,2020,45,0.5023452256711596,0.49724721059495647,0.005616613055883829,5.18620417043862e-4,0.011180783192235458,0.001032398419535008,0.010148429437926668,FALSE,TRUE
237,Bowdoin,451,2020,45,0.7629759537886117,0.7461340741152687,0.01705990417207912,2.180326322801631e-4,0.022359687860891216,2.8576606011959676e-4,0.022073932461060528,FALSE,TRUE
238,Bowdoin,452,2020,45,0.8058769716576992,0.8004613153189416,0.0059921042512982225,5.764251145770489e-4,0.007435507480716799,7.15276816250668e-4,0.006720202374833406,FALSE,TRUE
239,Bowdoin,453,2020,45,0.8786021326436845,0.8788784994151345,2.5207800531315924e-4,5.284511473717275e-4,2.8690802804525974e-4,6.014680908884613e-4,-3.145528119974675e-4,TRUE,TRUE
240,Bowdoin,454,2020,45,0.9601989295744736,0.9563242969791345,0.004004364146901748,1.297274046570245e-4,0.0041703484804720015,1.351047170137079e-4,0.004035239444659927,FALSE,TRUE
241,Bowdoin,455,2020,45,0.7625218523298217,0.7443548399390951,0.018256347713685027,8.92776268817439e-5,0.02394206494922642,1.1708205687347002e-4,0.023824907227535597,FALSE,TRUE
242,Bowdoin,456,2020,45,0.34620903642024736,0.3431316251337037,0.003119397683127155,4.201300088552654e-5,0.009010156740509397,1.2135154333328514e-4,0.00888888204179663,FALSE,TRUE
243,Bowdoin,527,2020,45,0.4568903589220717,0.44886345508198666,0.013420590794987187,0.005393715802940486,0.029373766666142838,0.011805273842209595,0.017568555963891806,FALSE,TRUE
244,Bowdoin,528,2020,45,0.6057984657462204,0.5871373082552347,0.022652336161169094,0.003991205595019175,0.03739252811290307,0.006588338896010279,0.030804233662095837,FALSE,TRUE
245,Bowdoin,529,2020,45,0.611937861670545,0.5977202354763426,0.016037652778706505,0.0018200193724944988,0.026207975978026432,0.0029741898426189563,0.023233774349881456,FALSE,TRUE
246,Bowdoin,530,2020,45,0.4213181890365592,0.4110284091702629,0.013310243843045877,0.0030204332055087054,0.03159190414608685,0.007169007377572802,0.0244228237328805,FALSE,TRUE
247,Bowdoin,531,2020,45,0.7104946588113467,0.7039922443012455,0.0077088067785250096,0.0012064532499715648,0.010849915172369906,0.0016980468959329742,0.009151954106142952,FALSE,TRUE
248,Bowdoin,532,2020,45,0.6851374741626243,0.657705651425252,0.02815325704414324,7.214474486550574e-4,0.041091398596394366,0.001052996626022845,0.04003842115175429,FALSE,TRUE
249,Bowdoin,533,2020,45,0.7384621883383305,0.7012047801604616,0.03781196748106154,5.545025687172192e-4,0.05120366090259151,7.508882343251009e-4,0.0504526958403986,FALSE,TRUE
250,Bowdoin,534,2020,45,0.6030618767236964,0.5989128056880023,0.004666247768686424,5.171677179804594e-4,0.007737593684477503,8.575699077350384e-4,0.006880008828007933,FALSE,TRUE
251,Bowdoin,535,2020,45,0.8393223564583454,0.8226382717082501,0.017538880332717926,8.547411720169925e-4,0.020896477018348503,0.0010183705526726455,0.01987804163884835,FALSE,TRUE
252,Bowdoin,536,2020,45,0.8637743332569336,0.8568934735122934,0.007022664520776754,1.4179387798865208e-4,0.008130207451635205,1.6415616038740856e-4,0.007966038674355368,FALSE,TRUE
253,Bowdoin,537,2020,45,0.7508067896141482,0.7360312603085772,0.015034387240958673,2.5889285353409604e-4,0.020024309115112146,3.4481954227817425e-4,0.019679536080333394,FALSE,TRUE
254,Bowdoin,538,2020,45,0.8344690342896436,0.8228359461596823,0.012163899728002529,5.30770209119521e-4,0.014576813791966842,6.360574057386665e-4,0.013940706787117875,FALSE,TRUE
255,Bowdoin,539,2020,45,0.8796804389808656,0.879785635596364,4.411365092980287e-4,5.46313572237243e-4,5.014735917159846e-4,6.210363991612256e-4,-1.1958503433398249e-4,TRUE,TRUE
256,Bowdoin,540,2020,45,0.6596531017182523,0.6448479499647913,0.014901040068592391,9.585772419078845e-5,0.022589206402241473,1.4531535429925215e-4,0.022443844673657697,FALSE,TRUE
257,Bowdoin,541,2020,45,0.23309512424166198,0.2330078775166785,1.9881977865378883e-4,1.1158146768149885e-4,8.529555446542156e-4,4.786949879132455e-4,3.742966536400904e-4,FALSE,TRUE
258,Bowdoin,542,2020,45,0.23032378423110078,0.22762395658435156,0.002707699314807578,7.877437666036226e-6,0.011756056040181869,3.420158144906222e-5,0.011721879508719299,FALSE,TRUE
259,Bowdoin,613,2020,45,0.34533242530997377,0.33998456827196166,0.005742193695264757,3.9432800284114924e-4,0.01662801774293424,0.0011418794585744347,0.015486113223256739,FALSE,TRUE
260,Bowdoin,614,2020,45,0.6515785229689594,0.6462770074197169,0.005424928739343615,1.234131901012342e-4,0.008325824974439885,1.8940647328106227e-4,0.008136418501158866,FALSE,TRUE
261,Bowdoin,615,2020,45,0.6899830419786236,0.685472757603285,0.005162347483809074,6.520601034663916e-4,0.007481846900186583,9.450378687518426e-4,0.006536804676249359,FALSE,TRUE
262,Bowdoin,616,2020,45,0.7370139706574153,0.7337081547068777,0.004814503607260496,0.0015086940673981648,0.006532445515199619,0.002047035914464976,0.004485418298907957,FALSE,TRUE
263,Bowdoin,617,2020,45,0.8098312812527647,0.7922569639897649,0.018416483815509994,8.42112702838692e-4,0.022741136631596524,0.0010398619099227554,0.021701208226747357,FALSE,TRUE
264,Bowdoin,618,2020,45,0.6838163622207161,0.6696370975068144,0.015332249006300558,0.001153000319086842,0.022421588387426965,0.0016861256658767796,0.020735486158672777,FALSE,TRUE
265,Bowdoin,619,2020,45,0.628053006690875,0.6233436939295054,0.005326822971666055,6.174928614067021e-4,0.008481486299591738,9.831859012349724e-4,0.007498272775067787,FALSE,TRUE
266,Bowdoin,620,2020,45,0.694764974868477,0.6804414135489949,0.014845265912357,5.217135277533974e-4,0.021367320531906916,7.509208820611039e-4,0.02061641251013499,FALSE,TRUE
267,Bowdoin,621,2020,45,0.70428305304175,0.7003535245526756,0.004606938766154603,6.774596392791155e-4,0.006541317083035793,9.619138730560305e-4,0.005579473298559421,FALSE,TRUE
268,Bowdoin,622,2020,45,0.48356356800087624,0.4732883121602767,0.011581777085789027,0.0013065012118295416,0.023950888470919793,0.0027018189505690266,0.02124902809175421,FALSE,TRUE
269,Bowdoin,623,2020,45,0.5761807771414865,0.5622448514004873,0.014816839696456335,8.80909628251311e-4,0.025715609205091413,0.001528877156613289,0.024186724538325106,FALSE,TRUE
270,Bowdoin,624,2020,45,0.8480737794220999,0.8399941541893021,0.009169337443266168,0.0010897122104683446,0.010811957244468045,0.0012849261902789914,0.009527031054189044,FALSE,TRUE
271,Bowdoin,625,2020,45,0.8367279715970218,0.818478984620583,0.01871049020079625,4.61523137517224e-4,0.022361497208088374,5.51580864012873e-4,0.02180994014292111,FALSE,TRUE
272,Bowdoin,626,2020,45,0.6640833398389742,0.6574662511711825,0.007218358714644529,6.012799433327366e-4,0.010869657890220262,9.054284413738402e-4,0.009964244351313118,FALSE,TRUE
273,Bowdoin,627,2020,45,0.43666130413729654,0.43468931890823215,0.001979862666730438,7.877437666036226e-6,0.004534092322748899,1.8040155130300658e-5,0.004516052167618566,FALSE,TRUE
274,Bowdoin,628,2020,45,0.5618719860176282,0.5506702696565247,0.011225348674101623,2.363231299810868e-5,0.01997848078111771,4.2059959539195175e-5,0.0199364208215786,FALSE,TRUE
275,Bowdoin,698,2020,45,0.45451736288182065,0.45058192631449673,0.004193422650886618,2.5798063448878003e-4,0.009226100020247086,5.675924740324116e-4,0.008658495557511144,FALSE,TRUE
276,Bowdoin,699,2020,45,0.22559282903031014,0.22564009365630636,0,4.726462599621736e-5,0,2.095129805294786e-4,-2.0951298052948315e-4,FALSE,TRUE
277,Bowdoin,700,2020,45,0.2825323229291794,0.2796096089276347,0.0039177123325753495,9.94988073950318e-4,0.013866421696314647,0.0035216787362050794,0.010344706656014434,FALSE,TRUE
278,Bowdoin,701,2020,45,0.693030789788956,0.6790351678406439,0.015191562892983691,0.0011959128979675561,0.021920473255755166,0.0017256273683478613,0.020194805417771057,FALSE,TRUE
279,Bowdoin,702,2020,45,0.8703297563579958,0.8674905965325286,0.004823617664169516,0.001984402226095072,0.005542287424888872,0.002280057887942442,0.003262165638628801,FALSE,TRUE
280,Bowdoin,703,2020,45,0.7912924702155296,0.7891650697058457,0.0025963333860457797,4.6898704656717565e-4,0.0032811299030036252,5.926848342679597e-4,0.002688513526616156,FALSE,TRUE
281,Bowdoin,704,2020,45,0.7732530559036643,0.7552116722323825,0.018430297538396367,3.8887408086168496e-4,0.02383475551461966,5.029066201454919e-4,0.02333179744139222,FALSE,TRUE
282,Bowdoin,705,2020,45,0.6320123217411242,0.6277993696093572,0.004824769983033831,6.118143253954802e-4,0.007633980884648138,9.680417680940132e-4,0.006665933537752492,FALSE,TRUE
283,Bowdoin,706,2020,45,0.8494177031105826,0.8412805561714942,0.008885554802763271,7.484323043740519e-4,0.010460760083318504,8.811122038465641e-4,0.009579676652947103,FALSE,TRUE
284,Bowdoin,707,2020,45,0.8463169467092891,0.8470962386417302,0.002294960173371887,0.0030742828770538746,0.002711702964587106,0.00363254320855505,-9.208038849643546e-4,TRUE,TRUE
285,Bowdoin,708,2020,45,0.8528305209227505,0.8417587002264942,0.01344829901526725,0.002376524475872304,0.015769017038363475,0.002786631596276524,0.01298243956404923,FALSE,TRUE
286,Bowdoin,709,2020,45,0.6124687271182577,0.5844052733763613,0.028224643758721617,1.6119347257979877e-4,0.04608340395030798,2.6318645416923455e-4,0.045820223138475204,FALSE,TRUE
287,Bowdoin,710,2020,45,0.7343543507654198,0.71282752915348635,0.0224454508516327,9.186665017487742e-4,0.030564877607435346,0.001250985305379134,0.02931394304329504,FALSE,TRUE
288,Bowdoin,711,2020,45,0.46356164600213845,0.4609725948225679,0.002877890560658568,2.8883938108799497e-4,0.006208215423942325,6.230873144467662e-4,0.005585128109495474,FALSE,TRUE
289,Bowdoin,712,2020,45,0.6269172607040459,0.6228534465197583,0.004116316972976638,5.251625110690817e-5,0.006565965289189672,8.376903045855036e-5,0.006482217732725696,FALSE,TRUE
290,Bowdoin,783,2020,45,0.1260350536806663,0.12057861519065854,0.005569348429887612,1.1290993987985257e-4,0.044188884498741206,8.958614019075304e-4,0.04329302309683372,FALSE,TRUE
291,Bowdoin,784,2020,45,0.030070664348961575,0.030086419224293646,0,1.5754875332072452e-5,0,5.239284090714316e-4,-5.239284090713661e-4,FALSE,TRUE
292,Bowdoin,785,2020,45,0.38515451384463395,0.3834762093385565,0.0018859419480798398,2.0763407639787934e-4,0.0048965853450716745,5.390929326655538e-4,0.004357483674083285,FALSE,TRUE
293,Bowdoin,786,2020,45,0.4097545208260298,0.406830760602295,0.004846641283558909,0.001922878495554077,0.01182815817086898,0.004692757243233631,0.007135394669571326,FALSE,TRUE
294,Bowdoin,787,2020,45,0.514345640360621,0.5124184580582822,0.003765415204365316,0.0018382636732673782,0.007320787635577675,0.003573985135712483,0.00374686232586242,FALSE,TRUE
295,Bowdoin,788,2020,45,0.752116003342915,0.7523466645645736,0.001100810691880556,0.0013314818500857143,0.0014636182277571607,0.0017703144783088028,-3.0668303909687594e-4,TRUE,TRUE
296,Bowdoin,789,2020,45,0.9075107698018327,0.9074434012984596,3.299806102819443e-4,2.626370083752813e-4,3.636106823878245e-4,2.894037372500071e-4,7.423438444459273e-5,FALSE,TRUE
297,Bowdoin,790,2020,45,0.8509503570764808,0.847133000017505,0.003907209082353968,8.980656768449952e-5,0.004591582869507863,1.0553678829519309e-4,0.00448599266365041,FALSE,TRUE
298,Bowdoin,791,2020,45,0.8860671536252468,0.8864163866951077,2.1201394985035286e-5,3.7043445482929467e-4,2.3927526145498226e-5,4.180658918612462e-4,-3.941383770203537e-4,TRUE,TRUE
299,Bowdoin,792,2020,45,0.14484534911913138,0.14484534911913138,0,0,0,0,0,FALSE,FALSE
300,Bowdoin,793,2020,45,0.3061635281626163,0.30545059953967946,7.346549620693481e-4,2.171583664352721e-5,0.0023995508755671967,7.092888161385773e-5,0.002328587690426026,FALSE,TRUE
301,Bowdoin,794,2020,45,0.6848147043599226,0.6815758056012253,0.0033799932320234677,1.4108454679622812e-4,0.00493563180011249,2.0601857100614675e-4,0.0047295987339007655,FALSE,TRUE
302,Bowdoin,795,2020,45,0.3306512201147893,0.3199519570889833,0.01091195384278903,2.1269081698297812e-4,0.03300140201811692,6.432482448095612e-4,0.032358153773307315,FALSE,TRUE
303,Bowdoin,796,2020,45,0.4204156069989804,0.4163368174774631,0.004252114305398224,1.7330362865279698e-4,0.010114073394541073,4.122197791130463e-4,0.009701803295630728,FALSE,TRUE
304,Bowdoin,797,2020,45,0.5718639413004987,0.5684052538252546,0.0035059463316325823,4.726462599621736e-5,0.006130735089992857,8.265012458860578e-5,0.006048095054530781,FALSE,TRUE
306,Bowdoin,870,2020,45,0.0674293432448464,0.06746610462062122,0,3.676137577483572e-5,0,5.451836545604407e-4,-5.451836545602697e-4,FALSE,TRUE
307,Bowdoin,871,2020,45,0.690464058016106,0.686892214431055,0.004666068910848791,0.0010941802106712376,0.006757873717939347,0.0015847026329149118,0.005173105744727568,FALSE,TRUE
308,Bowdoin,872,2020,45,0.9018914488767511,0.8916650577666737,0.011124389514899687,8.980278939281298e-4,0.01233451046548275,9.957161641199357e-4,0.011338826998319718,FALSE,TRUE
309,Bowdoin,873,2020,45,0.9588368713680305,0.958667096174999,0.0010476992095828181,8.77970173412591e-4,0.0010926772226520685,9.156616726262705e-4,1.7706368841374426e-4,FALSE,TRUE
310,Bowdoin,874,2020,45,0.8978847871438634,0.8980204267736756,2.625812555345409e-6,1.382192654727223e-4,2.9244426377887705e-6,1.539387541160959e-4,-1.5106574000833277e-4,TRUE,TRUE
311,Bowdoin,875,2020,45,0.8722669495707019,0.8722722011958126,0,5.251625110690818e-6,0,6.020662726331058e-6,-6.02066272630644e-6,FALSE,TRUE
312,Bowdoin,876,2020,45,0.5852913210005057,0.5853464630641679,2.625812555345409e-6,5.776787621759899e-5,4.486334345188659e-6,9.869935559415048e-5,-9.421302124886114e-5,TRUE,TRUE
315,Bowdoin,879,2020,45,0.08979817370668054,0.08975325795207172,5.541586460102803e-5,1.0503250221381635e-5,6.171157197699819e-4,1.1696507610154487e-4,5.00185613524174e-4,FALSE,TRUE
316,Bowdoin,880,2020,45,0.22847069907680811,0.22720794992177462,0.0015542072969341274,2.914651936433404e-4,0.00680265479649812,0.0012757224222671745,0.00552696323920722,FALSE,TRUE
317,Bowdoin,882,2020,45,0.468966881147317,0.46529098973976046,0.004211803338774036,5.359092467472937e-4,0.008981025117317354,0.0011427443350289549,0.007838275058067095,FALSE,TRUE
318,Bowdoin,956,2020,45,0.07871954230910884,0.07874842624721763,0,2.8883938108799495e-5,0,3.6692207883247895e-4,-3.66922078832389e-4,FALSE,TRUE
319,Bowdoin,957,2020,45,0.4202201070485707,0.4191134911697773,0.0011197741101421947,1.3129062776727043e-5,0.0026647323423121365,3.124329977672756e-5,0.002633419629930981,FALSE,TRUE
320,Bowdoin,958,2020,45,0.3781826122553013,0.3781931155055227,0,1.0503250221381635e-5,0,2.7772959097049028e-5,-2.7772959097082252e-5,FALSE,TRUE
321,Bowdoin,959,2020,45,0.9734732326081682,0.9735362521094965,2.625812555345409e-6,6.564531388363521e-5,2.697364927343947e-6,6.743412318359866e-5,-6.473675825621812e-5,TRUE,TRUE
322,Bowdoin,960,2020,45,0.6447182184132288,0.6447182184132288,0,0,0,0,0,FALSE,FALSE
323,Bowdoin,961,2020,45,0.04621559849473642,0.04621559849473642,0,0,0,0,0,FALSE,FALSE
327,Bowdoin,1044,2020,45,0.3946049773446068,0.3946049773446068,0,0,0,0,0,FALSE,FALSE
328,Crosby Lostwood,551,2020,45,0.4520728544777576,0.45063419639567653,0.0014386584026148024,0,0.0031823596315615223,0,0.0031823589225303266,FALSE,TRUE
329,Crosby Lostwood,552,2020,45,0.4059540264070579,0.4002585569178714,0.006525242924431174,8.297567674891491e-4,0.016073847036777972,0.002043967330076771,0.014029838648466998,FALSE,TRUE
330,Crosby Lostwood,553,2020,45,0.1548648036342709,0.15286352418388593,0.002001280732520011,0,0.012922760275770861,0,0.01292275199671063,FALSE,TRUE
331,Crosby Lostwood,554,2020,45,0.28735520208356774,0.2793572026957521,0.00800062712357354,2.625812555345409e-6,0.027842290884460212,9.137863300563385e-6,0.0278331463283887,FALSE,TRUE
332,Crosby Lostwood,555,2020,45,0.3437644869878631,0.340038458971828,0.0038074282052508427,8.140018921570768e-5,0.011075688005507291,2.3679057115222487e-4,0.010838897434354993,FALSE,TRUE
333,Crosby Lostwood,556,2020,45,0.3429258475888391,0.34073770464965225,0.002193404340577206,5.251625110690818e-6,0.006396147610334267,1.5314171117796307e-5,0.006380804930780199,FALSE,TRUE
334,Crosby Lostwood,557,2020,45,0.14699145854327214,0.14626869338033302,7.227662848072752e-4,0,0.004917063154349906,0,0.004917055522150283,FALSE,TRUE
335,Crosby Lostwood,558,2020,45,0.23963056655031081,0.2379037460544412,0.0017268079950530043,0,0.007206125745608744,0,0.007206177912645649,FALSE,FALSE
336,Crosby Lostwood,636,2020,45,0.29447174901921086,0.29078248237895055,0.0037023957030370264,1.3129062776727043e-5,0.012573008159079763,4.458513531588568e-5,0.012528423023763925,FALSE,TRUE
337,Crosby Lostwood,637,2020,45,0.36909619304913444,0.36604770672902076,0.003051095144379773,2.625812555345409e-6,0.008266395595073528,7.114168622692508e-6,0.00825932745317657,FALSE,TRUE
338,Crosby Lostwood,638,2020,45,0.28172357266213305,0.2805607479833268,0.0011680750217818974,5.251625110690818e-6,0.004146174247132499,1.864105676733347e-5,0.004127537741404405,FALSE,TRUE
339,Crosby Lostwood,639,2020,45,0.4875828664566865,0.47757839753585696,0.010004484306449981,0,0.020518531299414947,0,0.020518499744531724,FALSE,TRUE
340,Crosby Lostwood,640,2020,45,0.618960515293174,0.6096885249903222,0.009474187485626074,2.0218756676159647e-4,0.015306610440471432,3.266566473401445e-4,0.014979938257386295,FALSE,TRUE
341,Crosby Lostwood,641,2020,45,0.6110105805836175,0.6065254465691604,0.004700448400259031,2.1531662953832353e-4,0.007692908354826385,3.523942733244653e-4,0.007340517753674567,FALSE,TRUE
342,Crosby Lostwood,642,2020,45,0.3698507449039056,0.3618347135689326,0.008023897233423756,7.877437666036226e-6,0.021694960315703893,2.1298963905244903e-5,0.021673692551452742,FALSE,TRUE
343,Crosby Lostwood,643,2020,45,0.20424318822338075,0.19936034617759182,0.004890734869075385,7.877437666036226e-6,0.023945644952067576,3.8568912552523775e-5,0.023907000709607818,FALSE,TRUE
344,Crosby Lostwood,721,2020,45,0.25296310928591653,0.2522577298740763,7.3163080618476e-4,2.6258125553454086e-5,0.002892243095248406,1.0380219324302867e-4,0.0027884675114542715,FALSE,TRUE
345,Crosby Lostwood,722,2020,45,0.32300838238924473,0.3215098229582449,0.0015799596202155678,8.140018921570768e-5,0.0048913889123521894,2.5200642972050027e-4,0.00463938248263168,FALSE,TRUE
346,Crosby Lostwood,723,2020,45,0.17814084720543677,0.17421525743519536,0.003933467207907423,7.877437666036226e-6,0.022080658476779577,4.422027732332358e-5,0.02203643819945636,FALSE,TRUE
347,Crosby Lostwood,724,2020,45,0.2707196743515857,0.2689939205920667,0.0017283702765953327,2.625812555345409e-6,0.006384354150598914,9.699378375933055e-6,0.006374689108401298,FALSE,TRUE
348,Crosby Lostwood,725,2020,45,0.36322167596633026,0.3597319710802762,0.003668260139817536,1.785552537634878e-4,0.01009923245923675,4.915875499127409e-4,0.009607644909324004,FALSE,TRUE
349,Crosby Lostwood,726,2020,45,0.5498124084890291,0.5457444094159815,0.004167771936806843,9.978087710312553e-5,0.007580352630200789,1.814816754997201e-4,0.007398885529388412,FALSE,TRUE
350,Crosby Lostwood,727,2020,45,0.6905012296750925,0.6869478898628926,0.003626832754110063,7.352275154967145e-5,0.0052524638599363935,1.0647736512253097e-4,0.005146029665829771,FALSE,TRUE
351,Crosby Lostwood,728,2020,45,0.20452630415366452,0.2033761982544232,0.001163234962018016,1.3129062776727043e-5,0.005687458964417875,6.419253910178188e-5,0.00562326642531617,FALSE,TRUE
352,Crosby Lostwood,805,2020,45,0.45652093991819154,0.4518811291328962,0.004668694723404137,2.8883938108799495e-5,0.010226682535615489,6.326968947793608e-5,0.010163412846137582,FALSE,TRUE
353,Crosby Lostwood,806,2020,45,0.2382236028463392,0.23633301780649052,0.0019089657277361121,1.838068788741786e-5,0.008013335811092773,7.715729116595518e-5,0.007936178519926758,FALSE,TRUE
354,Crosby Lostwood,807,2020,45,0.3548063980379812,0.34734831084269785,0.007476467883170747,1.838068788741786e-5,0.021071964667250472,5.1804837762396416e-5,0.021020159829488128,FALSE,TRUE
355,Crosby Lostwood,808,2020,45,0.16399035360176065,0.16014877957621002,0.0038441959917008624,2.625812555345409e-6,0.023441598284715145,1.6011993984243824e-5,0.023425609745800238,FALSE,TRUE
356,Crosby Lostwood,809,2020,45,0.2416114138967495,0.23633312037729345,0.005291416812625105,1.3129062776727043e-5,0.021900525009494565,5.433958009259294e-5,0.021846209309100285,FALSE,TRUE
357,Crosby Lostwood,810,2020,45,0.37536454098691924,0.37479777575817635,9.606365511105683e-4,3.938718833018113e-4,0.0025592096381422576,0.0010493049830072709,0.0015099061495066294,FALSE,TRUE
358,Crosby Lostwood,811,2020,45,0.42419587445561185,0.42318756243435923,0.0010135636463633278,5.251625110690818e-6,0.002389376482418826,1.2380189028076818e-5,0.0023769962933907138,FALSE,TRUE
359,Crosby Lostwood,812,2020,45,0.682999365261113,0.6756441360670211,0.007381478344700105,2.6258125553454086e-5,0.01080744539473787,3.844531472355836e-5,0.010769013220502771,FALSE,TRUE
360,Crosby Lostwood,813,2020,45,0.5990619846638029,0.5909275045655911,0.00813707385739126,2.625812555345409e-6,0.013583024905106997,4.3832067842178804e-6,0.013578695204264956,FALSE,TRUE
361,Crosby Lostwood,890,2020,45,0.5473331901252502,0.5297619499863386,0.017655278962032884,8.402600177105308e-5,0.03225691275545103,1.5351892281888628e-4,0.03210337040750367,FALSE,TRUE
362,Crosby Lostwood,891,2020,45,0.3024764360233784,0.2994954618057619,0.003017742645134002,3.676137577483572e-5,0.009976785910360173,1.2153467641358494e-4,0.00985522792058455,FALSE,TRUE
363,Crosby Lostwood,892,2020,45,0.21317333055418342,0.21229797080770574,8.989886938713241e-4,2.363231299810868e-5,0.004217172436787646,1.1085961333283164e-4,0.00410632861156702,FALSE,TRUE
364,Crosby Lostwood,893,2020,45,0.12911531643553176,0.12736127364856104,0.001803933225522296,4.9890438551562766e-5,0.013971489017129995,3.8640217077943215e-4,0.013585086846350477,FALSE,TRUE
365,Crosby Lostwood,894,2020,45,0.12086219268955556,0.12086219268955556,3.938718833018113e-5,3.938718833018113e-5,3.2588510479327767e-4,3.2588510479327767e-4,0,TRUE,TRUE
366,Crosby Lostwood,895,2020,45,0.24518229331625277,0.24349762942039282,0.0020537344795438757,3.690545169292298e-4,0.008376357247359741,0.0015052249978476145,0.006871066719679267,FALSE,TRUE
367,Crosby Lostwood,896,2020,45,0.44212923055723397,0.4369789043715298,0.005188256548098761,3.794643415764854e-5,0.01173470603054176,8.582656729079653e-5,0.011648915814077674,FALSE,TRUE
368,Crosby Lostwood,897,2020,45,0.45129249580896585,0.4447131121683362,0.006582042147628478,2.625812555345409e-6,0.014584869477676149,5.818427250022183e-6,0.014578978604188308,FALSE,TRUE
369,Crosby Lostwood,898,2020,45,0.4934670662232885,0.48907059441089556,0.004399105638292262,2.625812555345409e-6,0.008914689427929754,5.321150559128209e-6,0.00890935203850785,FALSE,TRUE
370,Crosby Lostwood,975,2020,45,0.1355119496765576,0.13549094317611485,5.776787621759899e-5,3.676137577483572e-5,4.2629359518094463e-4,2.712777423878739e-4,1.5501585279305142e-4,FALSE,TRUE
371,Crosby Lostwood,977,2020,45,0.015685560547713525,0.015565733489310191,1.5133630823347945e-4,3.1509750664144904e-5,0.009648128785269307,0.0020088380372697656,0.007639322677620266,FALSE,TRUE
372,Crosby Lostwood,981,2020,45,0.3555668579710019,0.3434038890730361,0.012585750362077167,4.2275582141061084e-4,0.03539629771429257,0.0011889629529113438,0.03420726264357786,FALSE,TRUE
373,Crosby Lostwood,982,2020,45,0.4375787794554627,0.4308829574393319,0.006711576891462865,1.5754875332072452e-5,0.015337985310473624,3.600466035322447e-5,0.015301980650120376,FALSE,TRUE
374,Crosby Lostwood,983,2020,45,0.2296090503620321,0.22869264178021656,9.164085818155476e-4,0,0.003991169252129288,0,0.003991169252129288,FALSE,FALSE
375,Crosby Lostwood,1066,2020,45,0.15042721118697808,0.1467286618890514,0.003748433325803036,4.9890438551562766e-5,0.0249185855153813,3.3165833600112365e-4,0.024586969795840026,FALSE,TRUE
376,Crosby Lostwood,1067,2020,45,0.1176692661647373,0.11713622621600218,6.013110751740986e-4,6.827112643898063e-5,0.005110179529226106,5.801950557199946e-4,0.004529984473506106,FALSE,TRUE
377,Crosby Lostwood,1068,2020,45,0.1404002382319828,0.14037398010642935,2.6258125553454086e-5,0,1.8702336893522845e-4,0,1.870233689352545e-4,FALSE,FALSE
378,Detroit Lakes,1089,2020,45,0.012396044379898719,0.01233827650368112,5.776787621759899e-5,0,0.004660186301952476,0,0.0046601863019524545,FALSE,FALSE
379,Detroit Lakes,1090,2020,45,0.09292867564082757,0.0928499012641672,2.1794244209366893e-4,1.3916806543330667e-4,0.002345265770665061,0.0014975793475331112,8.476864231320677e-4,FALSE,TRUE
380,Detroit Lakes,1174,2020,45,0.05149467668083498,0.05112181129797594,3.7286538285904807e-4,0,0.007240852975348793,0,0.007240852975348696,FALSE,FALSE
381,Detroit Lakes,1175,2020,45,0.047322952883310995,0.04727568825731478,6.564531388363521e-5,1.838068788741786e-5,0.0013871770437804995,3.884095722585399e-4,9.987674715219816e-4,FALSE,TRUE
382,Detroit Lakes,1179,2020,45,0.26555656784383486,0.2628074446691912,0.005095984494838595,0.002346861961262414,0.019189826620426037,0.008837521814344756,0.010352307220133687,FALSE,TRUE
383,Detroit Lakes,1259,2020,45,0.06287215324132178,0.06222357754015147,6.48575701170316e-4,0,0.010315786365402375,0,0.010315786365402355,FALSE,FALSE
384,Detroit Lakes,1260,2020,45,0.06729325743204152,0.06707268917739251,2.2056825464901434e-4,0,0.0032777170115707802,0,0.0032777170115707833,FALSE,FALSE
385,Detroit Lakes,1261,2020,45,0.4433759991811689,0.440561210178481,0.0028200387045960594,5.251625110690818e-6,0.006360377444435726,1.184463101383379e-5,0.006348537151055243,FALSE,TRUE
386,Detroit Lakes,1262,2020,45,0.39395197058474934,0.38556992559655384,0.009104147928388111,7.220984527199874e-4,0.023109791568943484,0.0018329606313382946,0.021276819546692194,FALSE,TRUE
387,Detroit Lakes,1263,2020,45,0.3321295115551276,0.32712799509033347,0.006004560834248154,0.0010030603961419461,0.018078974090959404,0.003020088132022125,0.0150589342132699,FALSE,TRUE
388,Detroit Lakes,1264,2020,45,0.2273858282082387,0.22158487490530537,0.006847860153063394,0.0010468937883793947,0.030115597823414754,0.004604041494708523,0.025511498885589446,FALSE,TRUE
389,Detroit Lakes,1344,2020,45,0.057710087827220806,0.056990615187056164,7.19472640164642e-4,0,0.012467016898651812,0,0.012467016898651817,FALSE,FALSE
390,Detroit Lakes,1345,2020,45,0.014123843144801402,0.014071326893694494,5.251625110690817e-5,0,0.00371826921104246,0,0.003718269211042487,FALSE,FALSE
391,Detroit Lakes,1346,2020,45,0.28021906412456243,0.279193089411043,0.0010364870188195314,1.0503250221381635e-5,0.003698845480258953,3.748228284965205e-5,0.0036613308831243063,FALSE,TRUE
392,Detroit Lakes,1347,2020,45,0.25316160430377216,0.24490779333341625,0.008395599719804437,1.4179387798865208e-4,0.03316300567336601,5.600923504123146e-4,0.03260293358092345,FALSE,TRUE
393,Detroit Lakes,1348,2020,45,0.19712836447722706,0.19259028341429077,0.004834793394217694,2.967168187540312e-4,0.024526117319743832,0.0015051959647760834,0.023020944119183564,FALSE,TRUE
394,Detroit Lakes,1349,2020,45,0.015217794093701373,0.014683746386827339,6.233260950234567e-4,8.92776268817439e-5,0.04096034492157116,0.005866660196085568,0.035093634700647976,FALSE,TRUE
395,Detroit Lakes,1429,2020,45,0.06470825267064706,0.06250252909583574,0.002205719568139331,0,0.03408714463927858,0,0.034087206558304675,FALSE,FALSE
396,Detroit Lakes,1430,2020,45,0.020703711432475003,0.01961925084711735,0.0010844605853576538,0,0.05238000871943244,0,0.05238000871943243,FALSE,FALSE
397,Detroit Lakes,1431,2020,45,0.239806742161446,0.232265408502494,0.007554462721728741,1.3129062776727043e-5,0.031502294946498297,5.4748513984181956e-5,0.03144754643251412,FALSE,TRUE
398,Detroit Lakes,1432,2020,45,0.1049380037330648,0.10216369942629855,0.002774303024631214,0,0.026437543367875804,0,0.026437555585899754,FALSE,FALSE
399,Detroit Lakes,1433,2020,45,0.14646087003672736,0.14092160562334297,0.005597031007466939,5.776787621759899e-5,0.03821519704248238,3.944253246830555e-4,0.037820780471912674,FALSE,TRUE
401,Detroit Lakes,1515,2020,45,0.0473355793491533,0.0455162246034085,0.0018193525020084886,0,0.038435200900124436,0,0.03843524830075508,FALSE,FALSE
402,Detroit Lakes,1516,2020,45,0.3025805659025263,0.2949114290231071,0.007684885344076105,1.5754875332072452e-5,0.02539781535920494,5.2068364949610635e-5,0.02534576818092729,FALSE,TRUE
403,Detroit Lakes,1517,2020,45,0.18743540308493595,0.18052186428247796,0.006916146665122817,2.625812555345409e-6,0.036898827816369245,1.4009160020615356e-5,0.03688491442209096,FALSE,TRUE
404,Detroit Lakes,1518,2020,45,0.1552854362400606,0.15102111665017967,0.0044481264687551226,1.838068788741786e-4,0.02864483995703644,0.0011836710726048116,0.02746116888443159,FALSE,TRUE
405,Detroit Lakes,1600,2020,45,0.021043740054906827,0.02037415785329375,6.984661397218787e-4,2.8883938108799495e-5,0.03319115983658121,0.0013725667601593731,0.03181859307642182,FALSE,TRUE
406,Detroit Lakes,1601,2020,45,0.36408565035368123,0.35111647494458204,0.012979677377185559,1.0503250221381635e-5,0.03565006575946292,2.8848294930543226e-5,0.03562122098605271,FALSE,TRUE
407,Detroit Lakes,1602,2020,45,0.11525225699294334,0.11099844065328376,0.0042643195898809435,1.0503250221381635e-5,0.03699987923136325,9.113270746641194e-5,0.03690874652389692,FALSE,TRUE
408,Detroit Lakes,1603,2020,45,0.09038018095674073,0.09002044463665841,7.063435773879149e-4,3.4660725730559396e-4,0.0078152485413367,0.003834991849280462,0.003980256692056239,FALSE,TRUE
409,Detroit Lakes,1685,2020,45,0.10503355869308667,0.10302157085087442,0.0020592484615364697,4.726462599621736e-5,0.01960562402302008,4.499954736783409e-4,0.01915566669593078,FALSE,TRUE
410,Detroit Lakes,1686,2020,45,0.31925164467480843,0.3110745771792146,0.00819283262800621,1.5754875332072452e-5,0.02566261682489209,4.934939441931602e-5,0.02561323530196073,FALSE,TRUE
411,Detroit Lakes,1687,2020,45,0.08533087675485533,0.08409576530267489,0.0015265752034218734,2.914651936433404e-4,0.017890068184902498,0.0034157060694534115,0.01447437901908309,FALSE,TRUE
412,Detroit Lakes,1688,2020,45,0.05238476046607517,0.05244613370601622,5.71449068365828e-4,6.328208258382435e-4,0.010908689154661755,0.012080246625315082,-0.0011715857702698765,TRUE,TRUE
413,Detroit Lakes,1770,2020,45,0.06043171689813558,0.05833143098020971,0.002123919192525265,2.363231299810868e-5,0.03514576949891012,3.9105811006401797e-4,0.034754695476650804,FALSE,TRUE
414,Detroit Lakes,1771,2020,45,0.2834867442505657,0.277728398859175,0.0058449959235820775,8.665181432639849e-5,0.020618233628644927,3.056644308201214e-4,0.02031257372055838,FALSE,TRUE
415,Devils Lake,654,2020,45,0.1710745497061555,0.16698755452040273,0.004086993583083978,0,0.0238901320512254,0,0.023890141419473227,FALSE,FALSE
416,Devils Lake,655,2020,45,0.25908808375534736,0.24974349383817246,0.009344605302795326,0,0.03606729096664779,0,0.03606723158290386,FALSE,TRUE
417,Devils Lake,656,2020,45,0.06777891479835704,0.06777103736069101,7.877437666036226e-6,0,1.1622254043859633e-4,0,1.1622254043853061e-4,FALSE,FALSE
418,Devils Lake,657,2020,45,0.10397171496977799,0.10296077713597,0.0010109378338079825,0,0.00972320052719951,0,0.009723200527199528,FALSE,FALSE
419,Devils Lake,658,2020,45,0.09447205851271359,0.092788697266051,0.0016833628493313837,0,0.01781863204668971,0,0.01781861508221554,FALSE,TRUE
420,Devils Lake,659,2020,45,0.14737913515007617,0.1464223034148207,9.568262060481087e-4,0,0.0064922772485655625,0,0.006492314765459284,FALSE,FALSE
421,Devils Lake,660,2020,45,0.2548467400253257,0.2542465162006628,6.816201674734981e-4,8.140018921570768e-5,0.0026746277680686097,3.1940839897586464e-4,0.0023552344621055633,FALSE,TRUE
422,Devils Lake,661,2020,45,0.024607017695776983,0.024210519999919827,3.964976958571567e-4,0,0.016113195867908974,0,0.016113195867908936,FALSE,FALSE
423,Devils Lake,662,2020,45,0.06756560855655641,0.06581419158214102,0.0017514169744153876,0,0.025921722779264956,0,0.025921722779264952,FALSE,FALSE
424,Devils Lake,739,2020,45,0.16555289669963646,0.16241544046504988,0.003137456234586579,0,0.018951382290089937,0,0.018951382290089958,FALSE,FALSE
425,Devils Lake,740,2020,45,0.32793274509606507,0.3267773875717131,0.0011553575243519799,0,0.0035231538833169216,0,0.0035231538833169047,FALSE,FALSE
426,Devils Lake,741,2020,45,0.060791237819531725,0.060094935923751945,6.963051812508094e-4,0,0.011454038546112518,0,0.011453984500971355,FALSE,TRUE
427,Devils Lake,742,2020,45,0.3073660682563221,0.30307167490701825,0.004294390143966292,0,0.013971581730957585,0,0.013971592159361725,FALSE,FALSE
428,Devils Lake,743,2020,45,0.059936412747803265,0.059602934553274395,3.334781945288669e-4,0,0.005563866425107152,0,0.00556386642510721,FALSE,FALSE
429,Devils Lake,744,2020,45,0.05429614686476074,0.053595054912483515,7.010919522772241e-4,0,0.01291237026493765,0,0.012912370264937634,FALSE,FALSE
430,Devils Lake,745,2020,45,0.20746655776251252,0.2064634973663706,0.0011028412732450718,9.978087710312553e-5,0.005315754428757125,4.809492102208827e-4,0.004834805218536139,FALSE,TRUE
431,Devils Lake,746,2020,45,0.046180196182100584,0.04515350347296053,0.001026692709140055,0,0.02223231588474716,0,0.02223231588474716,FALSE,FALSE
432,Devils Lake,747,2020,45,0.013501689682469249,0.013388779742589396,1.1290993987985257e-4,0,0.008362652566845478,0,0.008362652566845461,FALSE,FALSE
433,Devils Lake,824,2020,45,0.2917594692769844,0.2893533223532221,0.00240615653977507,0,0.008247055513700446,0,0.008247022555000573,FALSE,TRUE
434,Devils Lake,825,2020,45,0.3285078595881675,0.3180496174351173,0.010468734505123737,1.0503250221381635e-5,0.03186753132253159,3.197259948224372e-5,0.0318355918977437,FALSE,TRUE
435,Devils Lake,826,2020,45,0.27816875583037065,0.27635577586002874,0.0018156003338233233,2.625812555345409e-6,0.006526974348371783,9.439638709627938e-6,0.0065175542987562516,FALSE,TRUE
436,Devils Lake,827,2020,45,0.22249892435865323,0.22183467583879318,6.642465165240389e-4,0,0.0029853920347647092,0,0.0029854010385655903,FALSE,FALSE
437,Devils Lake,828,2020,45,0.14132866811190328,0.140976809229487,3.544846949716302e-4,2.625812555345409e-6,0.002508229219926923,1.8579475703162394e-5,0.0024896497442237933,FALSE,TRUE
438,Devils Lake,829,2020,45,0.2878270072629458,0.2836125781116164,0.004214429151329381,0,0.014642229690000105,0,0.014642229690000216,FALSE,FALSE
439,Devils Lake,830,2020,45,0.2796669049781587,0.2712257176649862,0.008443815689997951,2.625812555345409e-6,0.0301924022460126,9.389071458242362e-6,0.030183004005539162,FALSE,TRUE
440,Devils Lake,831,2020,45,0.02316563123033765,0.023081605228566598,2.0743919187228728e-4,1.234131901012342e-4,0.008954609948233374,0.0053274261717337805,0.003627183776499591,FALSE,TRUE
441,Devils Lake,832,2020,45,0.010929237023084955,0.010916107960308228,2.8883938108799495e-5,1.5754875332072452e-5,0.0026428137707865842,0.0014415347840654098,0.0012012789867211833,FALSE,TRUE
442,Devils Lake,907,2020,45,0.49310449894904496,0.48725607587850955,0.005866830683258607,1.838068788741786e-5,0.011897743167548866,3.727544146644915e-5,0.011860413123384927,FALSE,TRUE
443,Devils Lake,908,2020,45,0.24308431011285297,0.24122412705899665,0.0018680560040497433,7.877437666036226e-6,0.007684806983973955,3.24061954569552e-5,0.007652419249077513,FALSE,TRUE
444,Devils Lake,909,2020,45,0.25592541561739734,0.2541587566216646,0.0017850300676073862,1.838068788741786e-5,0.0069748057780864,7.182048661746269e-5,0.006903022864965727,FALSE,TRUE
445,Devils Lake,910,2020,45,0.432807883184006,0.43101634051147925,0.002499556391066973,7.080348737683202e-4,0.0057752099446032965,0.0016359102994140773,0.00413934852421593,FALSE,TRUE
446,Devils Lake,911,2020,45,0.09306432552771993,0.09263709761930099,4.3510121921282e-4,7.877437666036226e-6,0.004675273975775194,8.464508415407653e-5,0.00459067323591881,FALSE,TRUE
447,Devils Lake,912,2020,45,0.23473486212583283,0.23246246752910843,0.002272386423113528,0,0.009680651619167605,0,0.009680686439776699,FALSE,FALSE
448,Devils Lake,913,2020,45,0.38814391938225234,0.381986758194858,0.006157193240770308,0,0.015863170677953026,0,0.015863088096790823,FALSE,TRUE
449,Devils Lake,914,2020,45,0.37719514262120674,0.36720216163030683,0.009992988683710124,0,0.02649288804269002,0,0.026492867647914604,FALSE,TRUE
450,Devils Lake,915,2020,45,0.20840594220418734,0.19388702453341963,0.01452941835671903,1.0503250221381635e-5,0.0697169101948337,5.039803620902035e-5,0.06966652446283268,FALSE,TRUE
451,Devils Lake,916,2020,45,0.030960753262741902,0.028888987156574373,0.0020901467940549453,1.838068788741786e-5,0.06750955883784078,5.936770249558862e-4,0.06691588181288494,FALSE,TRUE
452,Devils Lake,917,2020,45,0.029384081036760663,0.02686855260873976,0.0026441932432328267,1.2866481521192502e-4,0.08998727031567993,0.004378725169283334,0.08560854514639665,FALSE,TRUE
453,Devils Lake,992,2020,45,0.4304305791700313,0.42122706513522445,0.009211386343932725,7.877437666036226e-6,0.021400399482988375,1.8301296532476223e-5,0.021382110101362525,FALSE,TRUE
454,Devils Lake,993,2020,45,0.34042197120403256,0.33544213820698054,0.004985080455223801,5.251625110690818e-6,0.014643827005619397,1.5426810120734674e-5,0.014628412436009723,FALSE,TRUE
455,Devils Lake,994,2020,45,0.25976712298499177,0.2533086498068715,0.00648997844131179,3.1509750664144904e-5,0.024983833083783866,1.2129999478789085e-4,0.024862550363978907,FALSE,TRUE
456,Devils Lake,995,2020,45,0.43103008499907364,0.4261280622131343,0.006460073282646187,0.0015580413614947675,0.01498752293047032,0.0036146928386637236,0.011372808897898287,FALSE,TRUE
457,Devils Lake,996,2020,45,0.35787072129006925,0.3536759447045838,0.0043685151784494955,1.7375562131998525e-4,0.01220696446667016,4.8552622772162754e-4,0.01172148582137125,FALSE,TRUE
458,Devils Lake,997,2020,45,0.44038540382223634,0.43581755671228595,0.004575733202027937,7.877437666036226e-6,0.010390292598968502,1.788759935653088e-5,0.010372385347708365,FALSE,TRUE
459,Devils Lake,998,2020,45,0.6312972801596467,0.625055805772233,0.006241473105278645,0,0.009886741637315876,0,0.009886743668268855,FALSE,FALSE
460,Devils Lake,999,2020,45,0.3873832132793046,0.3822566014632409,0.005126581685890305,0,0.013233876714719754,0,0.01323395449344719,FALSE,FALSE
461,Devils Lake,1000,2020,45,0.17185541097188162,0.1697924864689278,0.0020839294007277925,2.100650044276327e-5,0.0121260621876419,1.2223357020862312e-4,0.012003837943114515,FALSE,TRUE
462,Devils Lake,1001,2020,45,0.06848077603165634,0.06512664410439244,0.0035641934058201815,2.100650044276327e-4,0.052046626985835794,0.0030675032702685316,0.04897917520259116,FALSE,TRUE
463,Devils Lake,1002,2020,45,0.03638565379511471,0.03737295931592458,1.470455030993429e-4,0.0011343510239092166,0.004041304408802072,0.031175776867901697,-0.027134472459099664,TRUE,TRUE
464,Devils Lake,1077,2020,45,0.38095538825710373,0.3754576342476704,0.005513515295440529,1.5754875332072452e-5,0.01447286339921645,4.1356221273446365e-5,0.014431490350053583,FALSE,TRUE
465,Devils Lake,1078,2020,45,0.2546304797444003,0.25198353760364856,0.002646937813545955,0,0.010395211980132811,0,0.010395228974193297,FALSE,FALSE
466,Devils Lake,1079,2020,45,0.37466082322208666,0.3714332482800342,0.0032301757529745855,2.625812555345409e-6,0.008621599998620201,7.008505807368371e-6,0.008614658224191342,FALSE,TRUE
467,Devils Lake,1080,2020,45,0.7183800559716912,0.7131185020072756,0.0054925844409649364,2.3107150487039596e-4,0.007645791938830467,3.216563474299761e-4,0.007324192703677971,FALSE,TRUE
468,Devils Lake,1081,2020,45,0.6533782713057216,0.6505933509208507,0.004204036805788682,0.0014191162606509325,0.006434307644463394,0.002171967331902464,0.0042623400672713715,FALSE,TRUE
469,Devils Lake,1082,2020,45,0.43305343768625193,0.43046007853295776,0.002595994101061669,2.625812555345409e-6,0.005994627625938561,6.063483918693229e-6,0.0059885430471355965,FALSE,TRUE
470,Devils Lake,1083,2020,45,0.4412297256437434,0.43434763504946783,0.006897864701633232,1.5754875332072452e-5,0.015633272875188578,3.570674053994543e-5,0.015597522547318811,FALSE,TRUE
471,Devils Lake,1084,2020,45,0.49435405749881994,0.48551569552249085,0.008838360053126559,0,0.01787860323801966,0,0.01787860712835393,FALSE,FALSE
472,Devils Lake,1085,2020,45,0.22942364337863203,0.226740062947069,0.0027334708701145707,4.9890438551562766e-5,0.011914512514315512,2.1745988258596997e-4,0.011697052631729623,FALSE,TRUE
473,Devils Lake,1086,2020,45,0.10933413706180803,0.1090016538040677,0.0021075312630187775,0.0017750492874134963,0.019276058874707742,0.01623508755010375,0.0030409830513626907,FALSE,TRUE
474,Devils Lake,1087,2020,45,0.048943284371565,0.04947632432030012,1.470455030993429e-4,6.800854518344609e-4,0.0030044061200104745,0.013895378305048445,-0.010890972185038098,TRUE,TRUE
475,Devils Lake,1088,2020,45,0.07198638964924688,0.07065736436989165,0.0016358812219801897,3.068570845264817e-4,0.022724868269557736,0.004262709743072829,0.018462174389226857,FALSE,TRUE
476,Devils Lake,1165,2020,45,0.4195152404907452,0.4142158173858828,0.005302046353147611,2.625812555345409e-6,0.01263850711822847,6.259158909873588e-6,0.012632254071778534,FALSE,TRUE
477,Devils Lake,1166,2020,45,0.5171196061837375,0.5138495669292666,0.0034128271076468574,1.427901469956376e-4,0.006599686159325871,2.761259586527897e-4,0.006323564636435415,FALSE,TRUE
478,Devils Lake,1167,2020,45,0.5640147721477536,0.5613367715678708,0.0027488923903370775,7.089693899432604e-5,0.00487379502467527,1.257005002268865e-4,0.004748103617366476,FALSE,TRUE
479,Devils Lake,1168,2020,45,0.40269957791463434,0.3951272268448723,0.007627529033205315,5.5142063662253585e-5,0.01894099088135182,1.3693101926702986e-4,0.018803970714285863,FALSE,TRUE
480,Devils Lake,1169,2020,45,0.46389725766936857,0.4578845982291605,0.006012660081275554,0,0.012961189103559933,0,0.012961187721642977,FALSE,TRUE
481,Devils Lake,1170,2020,45,0.29707641147498937,0.2937390037171454,0.0033374077578440147,0,0.011234172855642524,0,0.011234172855642368,FALSE,FALSE
482,Devils Lake,1171,2020,45,0.1262366976221723,0.12549259773222102,0.00125088307540144,5.067818231816639e-4,0.009909028824132787,0.004014536444057392,0.005894481588692821,FALSE,TRUE
483,Devils Lake,1172,2020,45,0.042956313788954086,0.04354449580135145,3.334781945288669e-4,9.216602069262384e-4,0.007763193931566319,0.021455756456533682,-0.013692562524967268,TRUE,TRUE
484,Devils Lake,1173,2020,45,0.047806128036195286,0.04743269338537991,4.867057120416911e-4,1.1327292432878373e-4,0.010180822669286107,0.0023694226866275763,0.007811438954701422,FALSE,TRUE
485,Devils Lake,1253,2020,45,0.4521184779709067,0.440669771116316,0.011459210104812073,1.0503250221381635e-5,0.025345591173890177,2.3231189905176818e-5,0.02532235998398503,FALSE,TRUE
486,Devils Lake,1254,2020,45,0.3607029473292575,0.35248616441876407,0.008216786115831034,0,0.022779925078711856,0,0.0227799161923481,FALSE,TRUE
487,Devils Lake,1255,2020,45,0.18056832885621124,0.17635541775276542,0.004220796554455838,7.877437666036226e-6,0.023375065722721005,4.3625799252476475e-5,0.023331395545010628,FALSE,TRUE
488,Devils Lake,1256,2020,45,0.10073766781005981,0.09936961946872486,0.0014940873439915376,1.2603900265657962e-4,0.014831466485889162,0.0012511606174388046,0.013580305868450347,FALSE,TRUE
489,Devils Lake,1257,2020,45,0.0584173647989155,0.05880344642973378,1.417098380436625e-4,5.277883236244271e-4,0.002425817024295031,0.009034784869895831,-0.0066090216863983475,TRUE,TRUE
490,Devils Lake,1258,2020,45,0.027984548587462296,0.02777016278796068,2.7740574156382287e-4,6.301950132828981e-5,0.009912818164524793,0.0022519391774832474,0.007660863237853506,FALSE,TRUE
492,Fergus Falls,1855,2020,45,0.08246465362303156,0.08059569563698343,0.0020171694306965484,1.4820981192958767e-4,0.024461018655551267,0.0017972525854179316,0.022663746271119257,FALSE,TRUE
493,Fergus Falls,1856,2020,45,0.26876364913945927,0.2595705562982315,0.00976436862103007,5.712628382517343e-4,0.03633068925910966,0.0021255212156883266,0.0342051198912601,FALSE,TRUE
495,Fergus Falls,1940,2020,45,0.06169295826236581,0.060258274798898816,0.001468819507487124,3.413556321949032e-5,0.02380854393852498,5.53313768393464e-4,0.023255222376687108,FALSE,TRUE
496,Fergus Falls,1941,2020,45,0.10508681345397476,0.10354714364515527,0.001691962289290012,1.522971282100337e-4,0.0161006146601928,0.001449250607229953,0.014651408280581518,FALSE,TRUE
497,Fergus Falls,1942,2020,45,0.010886829124608099,0.010682954268138086,2.0743919187228728e-4,3.5648424966992364e-6,0.019054142349254025,3.274454348366162e-4,0.01872674349312447,FALSE,TRUE
498,Fergus Falls,2025,2020,45,0.05081422710265007,0.050226316902880506,6.640580026069109e-4,7.614856410501685e-5,0.013068347989736103,0.0014985677918742868,0.011569795179250206,FALSE,TRUE
499,Fergus Falls,2026,2020,45,0.04654327118181871,0.046475943706766804,1.1197090618224376e-4,4.463881344087195e-5,0.0024057377863458632,9.590819963318199e-4,0.001446556577188042,FALSE,TRUE
500,Fergus Falls,2027,2020,45,0.13078629738627912,0.13054886649162625,2.6151506008465045e-4,2.408842252076666e-5,0.0019995600862700636,1.8418154655469124e-4,0.0018154110896771325,FALSE,TRUE
501,Fergus Falls,2111,2020,45,0.029237232982456986,0.029192594169016112,4.463881344087195e-5,0,0.0015267796876556774,0,0.001526779687655724,FALSE,FALSE
502,Fergus Falls,2112,2020,45,0.15371767228831498,0.15188239342541326,0.0019047803581753917,6.950180078239922e-5,0.012391420776934219,4.5213930023634946e-4,0.011939283464164379,FALSE,TRUE
503,Fergus Falls,2113,2020,45,2.100650044276327e-5,2.100650044276327e-5,0,0,0,0,0,FALSE,FALSE
504,Fergus Falls,2197,2020,45,0.16903150342481205,0.16484595821159148,0.004214429151329381,2.8883938108799495e-5,0.024932802855912758,1.7087902268849865e-4,0.02476192383322416,FALSE,TRUE
505,Fergus Falls,2198,2020,45,0.11723527884040442,0.11561809627580077,0.0016171820838030092,0,0.013794329657410747,0,0.013794333758570787,FALSE,FALSE
508,Huron,2689,2020,45,0.15894516248907328,0.15894516248907328,0,0,0,0,0,FALSE,FALSE
509,Huron,2690,2020,45,0.18486770714653816,0.18227077852930154,0.002596928617236609,0,0.014047497301289699,0,0.014047497301289765,FALSE,FALSE
510,Huron,2691,2020,45,0.3140011068146288,0.310999803063869,0.0030013037507598023,0,0.009558258508087452,0,0.009558258508087438,FALSE,FALSE
511,Huron,2692,2020,45,0.7032195989568351,0.696224434309395,0.006995164647440169,0,0.009947340287183243,0,0.009947340287183144,FALSE,FALSE
512,Huron,2693,2020,45,0.5457403476121849,0.5451285332867895,6.118143253954802e-4,0,0.0011210721876665217,0,0.0011210721876665152,FALSE,FALSE
513,Huron,2694,2020,45,0.5090739113725534,0.506448098817208,0.002625812555345409,0,0.005158018308708363,0,0.005158018308708426,FALSE,FALSE
514,Huron,2695,2020,45,0.18357236099032934,0.17309471244136232,0.01047765560070972,0,0.057076433206966745,0,0.05707639479299927,FALSE,TRUE
515,Huron,2773,2020,45,0.2346600264680055,0.23301626780835924,0.0016463844722015713,2.625812555345409e-6,0.007016041449334986,1.1189858770869196e-5,0.007004851590564217,FALSE,TRUE
516,Huron,2774,2020,45,0.21391569699756496,0.20859580076043518,0.005319896237129798,0,0.024869125135732115,0,0.024869125135732025,FALSE,FALSE
517,Huron,2775,2020,45,0.12918534152270109,0.12696390410087885,0.0022214374218222158,0,0.01719573904932437,0,0.01719573904932453,FALSE,FALSE
518,Huron,2776,2020,45,0.2514438920952039,0.24949816499169297,0.0019457271035109478,0,0.007738215819433146,0,0.007738215819433077,FALSE,FALSE
519,Huron,2777,2020,45,0.390835049024912,0.38487900866792857,0.005956055742603842,0,0.015239308136421001,0,0.01523926877040088,FALSE,TRUE
520,Huron,2778,2020,45,0.5250033211829139,0.48003102954751314,0.04497229163540081,0,0.08566096598031278,0,0.08566096598031273,FALSE,FALSE
521,Huron,2779,2020,45,0.43626849899034537,0.42913154046491653,0.007136958525428821,0,0.016359096615836025,0,0.016359096615836063,FALSE,FALSE
522,Huron,2780,2020,45,0.15047867095881465,0.14472026402494217,0.005758406933872482,0,0.03826726337481099,0,0.03826726337481093,FALSE,FALSE
523,Huron,2858,2020,45,0.04020120304368858,0.04020120304368858,0,0,0,0,0,FALSE,FALSE
524,Huron,2859,2020,45,0.12508145292570355,0.12172641324683361,0.003355037755667392,0,0.026822823665633565,0,0.026822839041234822,FALSE,FALSE
525,Huron,2860,2020,45,0.26575192419512045,0.2653573138020375,3.946226935660114e-4,0,0.001484928828873771,0,0.0014848825432896642,FALSE,TRUE
526,Huron,2861,2020,45,0.29143485319982976,0.28718366267272555,0.004251190527104216,0,0.014587104048908244,0,0.01458710404890822,FALSE,FALSE
527,Huron,2862,2020,45,0.2944697591456338,0.2888455353361716,0.0056242295790698785,0,0.019099514990564257,0,0.019099495397354782,FALSE,TRUE
528,Huron,2863,2020,45,0.48101837609664416,0.47862105026193497,0.00239730628214987,0,0.004983814343234599,0,0.004983854991493165,FALSE,FALSE
529,Huron,2864,2020,45,0.3662169075255558,0.35766201022024047,0.008554897305315341,0,0.023360192087030697,0,0.02336019208703068,FALSE,FALSE
530,Huron,2865,2020,45,0.19821134804302235,0.1926761351763542,0.005548341929444848,1.3129062776727043e-5,0.02799204982068214,6.623769479574571e-5,0.027925812125886476,FALSE,TRUE
531,Huron,2866,2020,45,0.08300317085264383,0.07811128206203534,0.004891888790608497,0,0.0589361676229587,0,0.05893616762295865,FALSE,FALSE
532,Huron,2867,2020,45,0.11937124401213409,0.11337651394828051,0.0059947300638535685,0,0.05021921412869086,0,0.050219214128690945,FALSE,FALSE
533,Huron,2868,2020,45,0.2875596051796729,0.276935136783373,0.01062447416590755,0,0.036947032804795964,0,0.0369470127407551,FALSE,TRUE
534,Huron,2869,2020,45,0.06199500363433274,0.057559913914631694,0.004435090681302322,0,0.07153948578601543,0,0.07153947027506743,FALSE,TRUE
535,Huron,2945,2020,45,0.323182362985197,0.3230401177956754,1.4487400708093994e-4,2.625812555345409e-6,4.4827324654339427e-4,8.124863408668379e-6,4.401390849664692e-4,FALSE,TRUE
536,Huron,2946,2020,45,0.5189605879832829,0.5186748257262832,2.857592519957071e-4,0,5.506376757938161e-4,0,5.506434662219998e-4,FALSE,FALSE
537,Huron,2947,2020,45,0.6312825920206653,0.6243377691233095,0.006944822897355656,0,0.011001131640785549,0,0.011001131640785719,FALSE,FALSE
538,Huron,2948,2020,45,0.4458260053802697,0.438113952876899,0.0077120717353961945,0,0.017298389152553228,0,0.017298346014590626,FALSE,TRUE
539,Huron,2949,2020,45,0.5127026612390772,0.5108452270827397,0.0018574402464788832,0,0.0036228410478500415,0,0.0036228291693444097,FALSE,TRUE
540,Huron,2950,2020,45,0.5104433136484872,0.5001527542440886,0.010301062654620038,1.0503250221381635e-5,0.02018062021616329,2.0576722116913883e-5,0.020160043494046268,FALSE,TRUE
541,Huron,2951,2020,45,0.2878365668617801,0.2792895469941308,0.0086730588703058855,1.2603900265657962e-4,0.030131886872006474,4.3788391457956727e-4,0.029694002957426992,FALSE,TRUE
542,Huron,2952,2020,45,0.0912270465341608,0.08993318765459464,0.0012938602418346324,0,0.01418285794608219,0,0.014182843013356435,FALSE,TRUE
543,Huron,2953,2020,45,0.26280424446013934,0.25203053554555715,0.010773708914582212,0,0.04099518611928776,0,0.040995186119287645,FALSE,FALSE
544,Huron,2954,2020,45,0.04600852342921458,0.045086863222288345,9.216602069262384e-4,0,0.020032379616447347,0,0.020032379616447334,FALSE,FALSE
545,Huron,3031,2020,45,0.2536626626761496,0.25366528848870495,0,2.625812555345409e-6,0,1.0351592653183556e-5,-1.035159265314123e-5,FALSE,TRUE
546,Huron,3033,2020,45,0.45971930269556577,0.44886390639351964,0.01085539630204616,0,0.023613096596978866,0,0.023613096596978793,FALSE,FALSE
547,Huron,3034,2020,45,0.6194209351134253,0.6131383913765132,0.006282578354558125,0,0.010142663895284213,0,0.010142608008174188,FALSE,TRUE
548,Huron,3035,2020,45,0.5920984528519904,0.5838321077295149,0.008266351533150772,0,0.013961109834578728,0,0.01396109900753593,FALSE,TRUE
549,Huron,3036,2020,45,0.4383292284781162,0.4270302749958225,0.011660939949365536,3.619610247047507e-4,0.026603153957705367,8.257743294041406e-4,0.025777321584334538,FALSE,TRUE
550,Huron,3037,2020,45,0.10770183556085056,0.1033292012030616,0.004372643332734199,0,0.040599524696714157,0,0.04059944136530944,FALSE,TRUE
551,Huron,3038,2020,45,0.2214024629893512,0.21479591860010216,0.006606544389249049,0,0.02983952527017192,0,0.029839525270171887,FALSE,FALSE
552,Huron,3039,2020,45,0.09235255595485631,0.09068516498221198,0.0016673909726443346,0,0.01805462724236227,0,0.01805462724236223,FALSE,FALSE
553,Huron,3118,2020,45,0.0683915958470374,0.06839947328470343,0,7.877437666036226e-6,0,1.1518136941349736e-4,-1.1518136941343224e-4,FALSE,TRUE
554,Huron,3119,2020,45,0.2669048200202018,0.2636566898892395,0.0032533817560729613,5.251625110690818e-6,0.012189295629156173,1.9676022000252097e-5,0.012169619607156078,FALSE,TRUE
555,Huron,3120,2020,45,0.5503082767787777,0.5485095951783661,0.0018065590380776412,7.877437666036226e-6,0.003282812769330512,1.4314590563941186e-5,0.003268498178766623,FALSE,TRUE
556,Huron,3121,2020,45,0.5270493215033821,0.5271101254753668,3.59736320082321e-4,4.205311167881811e-4,6.825477339695475e-4,7.978970840691662e-4,-1.1536675886665175e-4,TRUE,TRUE
557,Huron,3122,2020,45,0.033667476231718965,0.03256200914591855,0.001105467085800417,0,0.032834866450694306,0,0.03283486645069422,FALSE,FALSE
558,Huron,3123,2020,45,0.29433768897976414,0.27758500487666043,0.016752684103103706,0,0.05691654426306059,0,0.0569165442630606,FALSE,FALSE
559,Huron,3124,2020,45,0.2476575319328776,0.2418466087478982,0.0058188006226454255,7.877437666036226e-6,0.023495350927677378,3.180778555190981e-5,0.023463543142125464,FALSE,TRUE
560,Huron,3208,2020,45,0.07334941202123761,0.07323650208135776,1.1290993987985257e-4,0,0.001539343489858659,0,0.0015393434898586084,FALSE,FALSE
561,Huron,3209,2020,45,0.17269491196565037,0.1691920780168196,0.0035212146367181933,1.838068788741786e-5,0.020389799540930165,1.064344495052283e-4,0.02028336509142493,FALSE,TRUE
562,Iowa,3474,2020,45,0.04202763004629631,0.04164888222788847,3.7874597533872406e-4,0,0.009011832809071306,0,0.00901187666281976,FALSE,FALSE
563,Iowa,3475,2020,45,0.074200400944936,0.0726330626620226,0.0015673398855822055,0,0.021123064911001303,0,0.021123043311808,FALSE,TRUE
564,Iowa,3476,2020,45,0.3274855158810722,0.31838689074935506,0.009153762066839245,5.5142063662253585e-5,0.02795165472345187,1.6838016030693297e-4,0.027783290223502188,FALSE,TRUE
565,Iowa,3477,2020,45,0.15108811589866214,0.14693191619216361,0.004164081952170962,7.877437666036226e-6,0.027560618698587096,5.213803626567018e-5,0.027508448839789444,FALSE,TRUE
566,Iowa,3478,2020,45,0.11621686359506188,0.11198413581248744,0.004232727141506926,0,0.036420937638234264,0,0.03642094315436587,FALSE,FALSE
567,Iowa,3479,2020,45,0.06972518039858344,0.0682599769927007,0.0014678292184380835,2.625812555345409e-6,0.02105163744356414,3.7659458754139785e-5,0.02101397798481006,FALSE,TRUE
568,Iowa,3480,2020,45,0.025825081880508277,0.02527366124388574,5.514206366225359e-4,0,0.021352135074496154,0,0.02135213507449617,FALSE,FALSE
569,Iowa,3481,2020,45,0.028814295097871152,0.02867775284499319,1.3654225287796127e-4,0,0.004738698358373141,0,0.00473869835837315,FALSE,FALSE
570,Iowa,3482,2020,45,0.05407145013529326,0.0528652431353822,0.001206204756174747,0,0.0223076087872006,0,0.022307650282968,FALSE,FALSE
571,Iowa,3483,2020,45,0.1432051086380261,0.1385173972877563,0.004687711029736043,0,0.03273424442968013,0,0.03273424666796448,FALSE,FALSE
572,Iowa,3484,2020,45,0.11918218550814921,0.11504352540895396,0.004138652726918792,0,0.03472543072836844,0,0.034725492585569895,FALSE,FALSE
573,Iowa,3485,2020,45,1.838068788741786e-5,1.838068788741786e-5,0,0,0,0,0,FALSE,FALSE
574,Iowa,3561,2020,45,0.038224455965097534,0.03798288121000576,2.914651936433404e-4,4.9890438551562766e-5,0.007625097239041808,0.00130519682470085,0.006319900414340894,FALSE,TRUE
575,Iowa,3562,2020,45,0.1661359194006458,0.16459719324321337,0.0015439777825431004,5.251625110690818e-6,0.009293461571183256,3.1610413507426045e-5,0.009261851157675884,FALSE,TRUE
576,Iowa,3563,2020,45,0.18631118605635752,0.1819811390959506,0.004330047601474452,0,0.023240942710571602,0,0.023240939269728672,FALSE,TRUE
577,Iowa,3564,2020,45,0.01970542314293999,0.018646564229996953,0.0010588591533433555,0,0.053734403248413415,0,0.05373439104870995,FALSE,TRUE
578,Iowa,3565,2020,45,0.10045201838094335,0.09586233394704634,0.00458969052403843,0,0.04569037634100079,0,0.04569031571363345,FALSE,TRUE
579,Iowa,3566,2020,45,0.06365770199274243,0.06212151446268286,0.0015361892929952414,0,0.024132025582236403,0,0.024131997888247783,FALSE,TRUE
580,Iowa,3567,2020,45,0.10030159829842718,0.09623693277647513,0.004064660393411897,0,0.04052438308428864,0,0.040524434215479334,FALSE,FALSE
581,Iowa,3568,2020,45,0.15877341793662522,0.1513584309927386,0.00741498886708916,0,0.046701702107646695,0,0.04670168999477185,FALSE,TRUE
582,Iowa,3569,2020,45,0.1498276335583737,0.14746965388367353,0.002357979674700177,0,0.015737949126597494,0,0.015737949126597428,FALSE,FALSE
583,Iowa,3570,2020,45,3.2633005129844466e-4,3.0007192574499055e-4,2.6258125553454086e-5,0,0.08046493250920295,0,0.08046493250920303,FALSE,FALSE
584,Iowa,3646,2020,45,0.006897920474507332,0.006897920474507332,0,0,0,0,0,FALSE,FALSE
585,Iowa,3647,2020,45,0.10516614171297102,0.10275564578716394,0.002415747550917776,5.251625110690818e-6,0.022970772832106492,4.993646267849238e-5,0.022920836369427974,FALSE,TRUE
586,Iowa,3648,2020,45,0.09062652525416937,0.08736133759867765,0.003265183809086611,0,0.03602900806280657,0,0.0360290505051831,FALSE,FALSE
587,Iowa,3649,2020,45,0.07037800765953575,0.06538121458021712,0.004996795002521189,0,0.07099938132227243,0,0.0709993539955177,FALSE,TRUE
588,Iowa,3650,2020,45,0.1121890825338482,0.10831181386887334,0.0038772648185697437,0,0.03456009026011909,0,0.03456012454514064,FALSE,FALSE
589,Iowa,3651,2020,45,0.02955095860460907,0.027695524578929005,0.0018554340256800666,0,0.06278760870351847,0,0.06278760870351843,FALSE,FALSE
590,Iowa,3652,2020,45,0.03543311977650257,0.033998938909969995,0.0014341787830631386,0,0.04047565645106453,0,0.0404757152511208,FALSE,FALSE
591,Iowa,3653,2020,45,0.06120624441677998,0.059900251411225645,0.0013059954896909678,0,0.02133761844294637,0,0.021337577856619626,FALSE,TRUE
592,Iowa,3654,2020,45,0.10689425460095772,0.10412139654251297,0.0027728580584447516,0,0.025940197336105548,0,0.02594019733610555,FALSE,FALSE
593,Iowa,3655,2020,45,1.5626498556509886e-4,1.5626498556509886e-4,0,0,0,0,0,FALSE,FALSE
594,J. Clark Salyer,559,2020,45,0.2132069327492276,0.21204796473261203,0.001161585895960385,2.625812555345409e-6,0.00544816193817972,1.2315793494547712e-5,0.0054358833536559984,FALSE,TRUE
595,J. Clark Salyer,560,2020,45,0.27528140824168074,0.2698748601902245,0.005406548051456197,0,0.019640076988815636,0,0.01964007698881579,FALSE,FALSE
596,J. Clark Salyer,561,2020,45,0.4192237752971018,0.41081370796554223,0.008410045535263946,0,0.02006099374803776,0,0.020061045740069026,FALSE,FALSE
597,J. Clark Salyer,562,2020,45,0.4915775889481116,0.4797320971994155,0.011845472516670537,0,0.02409685222228649,0,0.02409689134535879,FALSE,FALSE
598,J. Clark Salyer,563,2020,45,0.18659163514576477,0.1854940454976304,0.001097589648134381,0,0.005882308964584332,0,0.005882308964584229,FALSE,FALSE
599,J. Clark Salyer,564,2020,45,0.14588954040725355,0.14296963684570946,0.0029199035615440944,0,0.02001448187027751,0,0.020014481870277483,FALSE,FALSE
600,J. Clark Salyer,565,2020,45,0.1669715432180633,0.16681924608985327,1.522971282100337e-4,0,9.121142757310152e-4,0,9.121142757309429e-4,FALSE,FALSE
601,J. Clark Salyer,644,2020,45,0.26637311349190496,0.2638511846457804,0.002537688849996776,1.5754875332072452e-5,0.00952682054404825,5.9145891736371665e-5,0.009467655399091947,FALSE,TRUE
602,J. Clark Salyer,645,2020,45,0.1915152593428039,0.18979116723029257,0.0017241078186655252,0,0.009002456642786087,0,0.00900237463284984,FALSE,TRUE
603,J. Clark Salyer,646,2020,45,0.3626547466243027,0.35283080231665315,0.009823971873552833,0,0.027089048096012144,0,0.027088972084589314,FALSE,TRUE
604,J. Clark Salyer,647,2020,45,0.4740295708389865,0.4654361889684069,0.008593379306309549,0,0.018128361256239983,0,0.018128366665754975,FALSE,FALSE
605,J. Clark Salyer,648,2020,45,0.20073934908068114,0.199552481805665,0.0011868672750161248,0,0.005912479443873753,0,0.0059124794438737745,FALSE,FALSE
606,J. Clark Salyer,649,2020,45,0.19803531603101124,0.19283616614310617,0.005201767046048933,2.625812555345409e-6,0.026266865679828364,1.3259314590808747e-5,0.02625365006659171,FALSE,TRUE
607,J. Clark Salyer,650,2020,45,0.3121845368661839,0.30459671811933803,0.007829404400085454,2.415747550917776e-4,0.025079411295254136,7.738203740543601e-4,0.024305556011886525,FALSE,TRUE
608,J. Clark Salyer,651,2020,45,0.4946904897324736,0.48408179672566637,0.010711115082086137,1.0240668965847094e-4,0.02165215484105761,2.070116401749547e-4,0.021445112099374213,FALSE,TRUE
609,J. Clark Salyer,652,2020,45,0.3852099020782233,0.3808994256270179,0.004310462668253729,0,0.01118990619140008,0,0.011189941971767122,FALSE,FALSE
610,J. Clark Salyer,653,2020,45,0.19783782620702445,0.1926163979407201,0.005221439164452158,0,0.026392521918372984,0,0.026392466832103452,FALSE,TRUE
611,J. Clark Salyer,729,2020,45,0.14148600146653784,0.14065721912167664,8.366597023937854e-4,7.877437666036226e-6,0.005913374423770536,5.5676445615711886e-5,0.005857698544524962,FALSE,TRUE
612,J. Clark Salyer,730,2020,45,0.26605108219898455,0.26073908391368134,0.0053146228157234816,2.625812555345409e-6,0.01997594887341438,9.869580434111953e-6,0.01996608411211148,FALSE,TRUE
613,J. Clark Salyer,731,2020,45,0.14456648987716977,0.14404465066011604,5.218421018575555e-4,0,0.003609703066740682,0,0.0036096831118823626,FALSE,TRUE
614,J. Clark Salyer,732,2020,45,0.5369539274904662,0.5244452949865819,0.012508610707588711,0,0.023295500912060663,0,0.02329554150454824,FALSE,FALSE
615,J. Clark Salyer,733,2020,45,0.2753747681865196,0.27079633576970547,0.004578442673894433,0,0.016626224341633637,0,0.016626187093920854,FALSE,TRUE
616,J. Clark Salyer,734,2020,45,0.4149184684143648,0.4130515156875142,0.0018669527268505856,0,0.004499565261544647,0,0.004499565261544712,FALSE,FALSE
617,J. Clark Salyer,735,2020,45,0.34556407121134064,0.3390602617383195,0.006522193366246169,1.838068788741786e-5,0.018874049444386,5.3190390491077906e-5,0.01882084977822691,FALSE,TRUE
618,J. Clark Salyer,736,2020,45,0.3707282586372451,0.36657590533585693,0.004160240996134499,7.877437666036226e-6,0.011221807076231714,2.1248549260832692e-5,0.011200530859589091,FALSE,TRUE
619,J. Clark Salyer,737,2020,45,0.548054098756656,0.5423995345036832,0.005696584305601035,4.201300088552654e-5,0.010394200715813644,7.665849225621963e-5,0.010317529356684087,FALSE,TRUE
620,J. Clark Salyer,738,2020,45,0.13724846311330535,0.13419077619216768,0.003057681472063762,0,0.022278438699451925,0,0.022278478401710038,FALSE,FALSE
621,J. Clark Salyer,817,2020,45,0.2924339748771387,0.28762873790085663,0.004805236976282098,0,0.016431869717945524,0,0.016431869717945347,FALSE,FALSE
622,J. Clark Salyer,818,2020,45,0.6651633283373235,0.6553254754287948,0.009837839446110752,0,0.014790110980263933,0,0.014790131219530519,FALSE,FALSE
623,J. Clark Salyer,819,2020,45,0.6840806666657401,0.6688670369466382,0.015271388620374221,5.776787621759899e-5,0.022323958802706854,8.444600035133854e-5,0.02223952592207328,FALSE,TRUE
624,J. Clark Salyer,820,2020,45,0.6790505124327642,0.6680473731461587,0.011021523820898046,1.838068788741786e-5,0.016230786398220023,2.7068218859841914e-5,0.016203712514972775,FALSE,TRUE
625,J. Clark Salyer,821,2020,45,0.3764169994817586,0.37282509304765193,0.0036181607132549764,2.6258125553454086e-5,0.009612107631260991,6.975807572348116e-5,0.00954235977400574,FALSE,TRUE
626,J. Clark Salyer,822,2020,45,0.5260893408444763,0.5234259873752537,0.0026974931993809727,3.413556321949032e-5,0.0051274431735320244,6.488548725335522e-5,0.005062549765687016,FALSE,TRUE
627,J. Clark Salyer,823,2020,45,0.2538989652919701,0.2528328853944999,0.0010687057100255814,2.625812555345409e-6,0.0042091770984439714,1.0341958472835311e-5,0.0041988351399710215,FALSE,TRUE
628,J. Clark Salyer,903,2020,45,0.6934687260892023,0.6800476647506566,0.013439452283513401,1.838068788741786e-5,0.019380040913026923,2.6505431601905458e-5,0.019353520690447584,FALSE,TRUE
629,J. Clark Salyer,904,2020,45,0.753056618634225,0.7393386353353195,0.013752132965610502,3.413556321949032e-5,0.018261751673535446,4.532934493212476e-5,0.018216403600283083,FALSE,TRUE
630,J. Clark Salyer,905,2020,45,0.5909210220908451,0.5837315473143093,0.007189474776535729,0,0.012166557810208447,0,0.012166557810208489,FALSE,FALSE
631,J. Clark Salyer,906,2020,45,0.2796513142161114,0.27321019601784907,0.00645687307359436,1.5754875332072452e-5,0.023089013873199827,5.633756943440381e-5,0.023032676303765535,FALSE,TRUE
632,J. Clark Salyer,988,2020,45,0.3650666375130298,0.35092741644059716,0.01417598757674764,3.676137577483572e-5,0.03883123276703607,1.0069771377978535e-4,0.0387305210050261,FALSE,TRUE
633,J. Clark Salyer,989,2020,45,0.5313360015283047,0.5230996891369308,0.008259932524089084,2.363231299810868e-5,0.015545591678957726,4.447715368454996e-5,0.015501137449153529,FALSE,TRUE
634,J. Clark Salyer,990,2020,45,0.7569780235157064,0.7519225137802429,0.0050765271340540334,2.100650044276327e-5,0.00670630715337894,2.7750475958602792e-5,0.006678542280506035,FALSE,TRUE
635,J. Clark Salyer,991,2020,45,0.455094672389106,0.4511595230200303,0.00393776941202337,2.625812555345409e-6,0.008652637903562573,5.769816072688143e-6,0.008646880765308394,FALSE,TRUE
636,J. Clark Salyer,1073,2020,45,0.35753658664240157,0.3541387851957846,0.0034293111972811038,3.1509750664144904e-5,0.009591497277203154,8.813014343525102e-5,0.00950336713376786,FALSE,TRUE
637,J. Clark Salyer,1074,2020,45,0.37432541669646247,0.36869304876524656,0.005634993743771247,2.625812555345409e-6,0.01505372996977285,7.014785633631338e-6,0.015046715184139237,FALSE,TRUE
638,J. Clark Salyer,1075,2020,45,0.39359231632130937,0.38623150727553734,0.0073608160975147194,0,0.018701625494908575,0,0.018701607578545866,FALSE,TRUE
639,J. Clark Salyer,1076,2020,45,0.5905116415021382,0.5863788997382728,0.004177355575673087,4.463881344087195e-5,0.007074129080752358,7.559345202292733e-5,0.006998577967662964,FALSE,TRUE
640,Kulm,1842,2020,45,0.45780024400082003,0.4535655058305079,0.004234751632730017,0,0.009250217072235618,0,0.009250187665484355,FALSE,TRUE
641,Kulm,1843,2020,45,0.6323919157686563,0.6293610305983277,0.003030871707910729,0,0.00479271102671637,0,0.004792732314809249,FALSE,FALSE
642,Kulm,1844,2020,45,0.6792659931755872,0.6733711670738003,0.005894815203639098,0,0.008678213340374476,0,0.008678229384380716,FALSE,FALSE
643,Kulm,1845,2020,45,0.4570252600421026,0.4546384784859359,0.002386778030295271,0,0.0052224203757914684,0,0.005222428090619751,FALSE,FALSE
644,Kulm,1846,2020,45,0.17221334204583216,0.16710572634247356,0.005107617626561148,0,0.029658663875193985,0,0.029658652707635645,FALSE,TRUE
645,Kulm,1847,2020,45,0.23826405677102,0.235442190382929,0.002824491239045071,2.625812555345409e-6,0.011854457937646485,1.1020598704356426e-5,0.011843441374805941,FALSE,TRUE
646,Kulm,1848,2020,45,0.23014785478989264,0.22314743851734178,0.007003042085106205,2.625812555345409e-6,0.03042844823167892,1.140924193163814e-5,0.03041703898974725,FALSE,TRUE
647,Kulm,1849,2020,45,0.36833528180458075,0.36376111633316904,0.0046135526597418835,3.938718833018113e-5,0.012525416075100812,1.069329773059261e-4,0.012418483097794896,FALSE,TRUE
648,Kulm,1927,2020,45,0.4489027602136745,0.44486951212866394,0.004046377147787275,1.3129062776727043e-5,0.009013927973758122,2.9247008350934852e-5,0.008984680965407178,FALSE,TRUE
649,Kulm,1928,2020,45,0.6765006843282391,0.6752507975518947,0.00125251258889976,2.625812555345409e-6,0.0018514579776715188,3.881463265558739e-6,0.0018475765144059548,FALSE,TRUE
650,Kulm,1929,2020,45,0.5889747616191588,0.5875647002769383,0.0014100613422204846,0,0.002394094677918057,0,0.002394094677918164,FALSE,FALSE
651,Kulm,1930,2020,45,0.3321874640587905,0.33131528400720406,8.721922318692979e-4,0,0.0026256024872598365,0,0.0026255658203649104,FALSE,TRUE
652,Kulm,1931,2020,45,0.19764850101895193,0.19018854703505503,0.007459950778559303,0,0.03774352317422327,0,0.03774353939158682,FALSE,FALSE
653,Kulm,1932,2020,45,0.17776539703834354,0.17319250344488835,0.004575533188962197,2.625812555345409e-6,0.02573916670619123,1.477122431638947e-5,0.025724317947372146,FALSE,TRUE
654,Kulm,1933,2020,45,0.29975796100465413,0.2908293162075744,0.008996926821666494,6.827112643898063e-5,0.03001397124370887,2.277541727671434e-4,0.029786180714450123,FALSE,TRUE
655,Kulm,2012,2020,45,0.271975202522092,0.26916139819911233,0.002816430776602533,2.625812555345409e-6,0.010355468993073954,9.654602813034469e-6,0.010345812033180173,FALSE,TRUE
656,Kulm,2013,2020,45,0.5802944817643257,0.5777681628878352,0.0025420610907391085,1.5754875332072452e-5,0.004380639779668821,2.7149793470672637e-5,0.004353511804574742,FALSE,TRUE
657,Kulm,2014,2020,45,0.5657427209224556,0.5617570246616895,0.003985708761582698,0,0.007045090664328681,0,0.007045068568036184,FALSE,TRUE
658,Kulm,2015,2020,45,0.42837965545102186,0.4253599710123746,0.00301968443864722,0,0.007049084615066346,0,0.00704908461506642,FALSE,FALSE
659,Kulm,2016,2020,45,0.39989960013589143,0.39676704678568553,0.003145706132480803,1.3129062776727043e-5,0.007866239754708054,3.283089748593298e-5,0.007833349543588984,FALSE,TRUE
660,Kulm,2017,2020,45,0.2031312591769949,0.19625163028198994,0.006879628895004971,0,0.03386789863302391,0,0.03386789863302384,FALSE,FALSE
661,Kulm,2018,2020,45,0.28933943426650355,0.2867185040813782,0.0026209261784533233,0,0.009058309611676547,0,0.009058323459329259,FALSE,FALSE
662,Kulm,2019,2020,45,0.3378875492341095,0.32799034885899797,0.009905073966372488,7.877437666036226e-6,0.029314705406648874,2.3313784967490018e-5,0.029291403005365407,FALSE,TRUE
663,Kulm,2097,2020,45,0.3936854506103818,0.3913447848872184,0.0023406652423627293,0,0.005945521326057876,0,0.005945522547339109,FALSE,FALSE
664,Kulm,2098,2020,45,0.5214016910366883,0.5154227158481668,0.005981601001076841,2.625812555345409e-6,0.011472154969777318,5.0360645170225276e-6,0.011467118905260358,FALSE,TRUE
665,Kulm,2099,2020,45,0.6024339792963994,0.5992803784174295,0.003153600878969836,0,0.005234765945063425,0,0.005234765945063491,FALSE,FALSE
666,Kulm,2100,2020,45,0.770981153646794,0.7666196789923653,0.004379855342316142,1.838068788741786e-5,0.0056808850924554045,2.3840644872414768e-5,0.0056570444475829715,FALSE,TRUE
667,Kulm,2101,2020,45,0.305050224667471,0.30040719315896325,0.004645666616542116,2.625812555345409e-6,0.015229186018814645,8.607804036885247e-6,0.015220547742815234,FALSE,TRUE
668,Kulm,2102,2020,45,0.2017889355930381,0.1968156466132139,0.004981166417490241,7.877437666036226e-6,0.024685032421877227,3.903800593865665e-5,0.02464599441593848,FALSE,TRUE
669,Kulm,2103,2020,45,0.3008569456157085,0.2984578145348675,0.002399124670165797,0,0.007974303751758,0,0.007974325059809204,FALSE,FALSE
670,Kulm,2104,2020,45,0.5263941402425023,0.5194791859629637,0.006914966459821452,0,0.013136480692273331,0,0.013136457553180525,FALSE,TRUE
671,Lake Andes,3204,2020,45,0.4044172285807208,0.40245312078932244,0.0019641077913983658,0,0.004856637285931883,0,0.004856637285931928,FALSE,FALSE
672,Lake Andes,3205,2020,45,0.34250495855604207,0.34029076263290764,0.0022141903137936412,0,0.006464695644490491,0,0.006464712021890732,FALSE,FALSE
673,Lake Andes,3206,2020,45,0.19168862451393845,0.18783979873261974,0.003848811036765787,0,0.020078452993886053,0,0.02007852991317615,FALSE,FALSE
674,Lake Andes,3207,2020,45,0.0373144811368966,0.037235706760236235,8.140018921570768e-5,2.625812555345409e-6,0.0021814637839146873,7.036979948111894e-5,0.002111093984433676,FALSE,TRUE
675,Lake Andes,3288,2020,45,0.1761470964519878,0.1757821085067948,4.201300088552654e-4,5.5142063662253585e-5,0.0023851089079392216,3.130455441670228e-4,0.0020720633637722353,FALSE,TRUE
676,Lake Andes,3289,2020,45,0.14992017293678905,0.14893549322853453,9.846797082545282e-4,0,0.00656802676361439,0,0.0065680267636143794,FALSE,FALSE
677,Lake Andes,3290,2020,45,0.05174543665133032,0.051527494209236656,2.1794244209366893e-4,0,0.004211819557388272,0,0.004211819557388215,FALSE,FALSE
678,Lake Andes,3291,2020,45,0.03963832268410721,0.03806546096345531,0.0015728617206518998,0,0.03968032989656575,0,0.03968032989656578,FALSE,FALSE
679,Lake Andes,3292,2020,45,0.030261820425866632,0.030080639359547797,1.811810663188332e-4,0,0.005987117224579346,0,0.0059871172245794,FALSE,FALSE
680,Lake Andes,3293,2020,45,0.058210812844488674,0.05755019533105283,6.684945103679627e-4,7.877437666036226e-6,0.011484026381041249,1.3532602073571716e-4,0.011348707931646605,FALSE,TRUE
681,Lake Andes,3294,2020,45,0.23423353706936773,0.22610980639130435,0.008780529352292158,6.568124972471325e-4,0.03748621765333213,0.002804092468844967,0.03468218419831809,FALSE,TRUE
682,Lake Andes,3295,2020,45,0.07709473873384651,0.07488252755574903,0.002225338477938528,1.3129062776727043e-5,0.028864985010469323,1.7029777897104487e-4,0.028694710098631636,FALSE,TRUE
683,Lake Andes,3374,2020,45,0.3184202262603116,0.31837903382584964,2.8358775597730416e-4,2.4239023304189577e-4,8.906084871174875e-4,7.612275008049879e-4,1.2936500594110781e-4,FALSE,TRUE
684,Lake Andes,3375,2020,45,0.11225249180422768,0.11211677011777325,1.3654225287796127e-4,8.154738808419411e-7,0.0012163850501964429,7.264639454633724e-6,0.0012090750438852602,FALSE,TRUE
685,Lake Andes,3376,2020,45,0.0648019459705955,0.06270392173887453,0.002098024231720982,0,0.032375944893274965,0,0.03237594489327493,FALSE,FALSE
686,Lake Andes,3377,2020,45,0.02484000471039234,0.024632565518520055,2.1794244209366893e-4,1.0503250221381635e-5,0.008773848662053116,4.2283608009894533e-4,0.008351012581954104,FALSE,TRUE
687,Lake Andes,3378,2020,45,0.044541576319681815,0.04440240825424851,1.470455030993429e-4,7.877437666036226e-6,0.0033013089174027985,1.7685583486086418e-4,0.003124453082541933,FALSE,TRUE
688,Lake Andes,3379,2020,45,0.14824880221699052,0.14564109340836456,0.0027072127445611164,9.949681407571677e-5,0.01826127903953377,6.711475073510821e-4,0.01759008349227049,FALSE,TRUE
689,Lake Andes,3380,2020,45,0.13496851930548434,0.13322490796917294,0.0019247206030681846,1.8110576091878177e-4,0.014260515066567638,0.0013418370583800476,0.012918652032960038,FALSE,TRUE
690,Lake Andes,3459,2020,45,0.5584443980098366,0.5612716596221624,0.003187463988494008,0.0060147345757650805,0.005707755328647532,0.010770516451056127,-0.005062745051076734,TRUE,TRUE
691,Lake Andes,3460,2020,45,0.24148638008796175,0.2407765285891132,0.0013604433573642396,6.505833243043292e-4,0.005633623547914778,0.002694078747080284,0.0029395094604921105,FALSE,TRUE
692,Lake Andes,3461,2020,45,0.061539322585177365,0.06130299945519628,2.363231299810868e-4,0,0.0038401971301193463,0,0.0038401971301193173,FALSE,FALSE
693,Lake Andes,3462,2020,45,0.03756845413779413,0.037371518196143226,1.9693594165090566e-4,0,0.005242056032664562,0,0.0052420560326645535,FALSE,FALSE
694,Lake Andes,3463,2020,45,0.043422518602491425,0.042939366528037794,4.88401135294246e-4,5.251625110690818e-6,0.011247646405895565,1.2094243447199534e-4,0.011126763025346712,FALSE,TRUE
695,Lake Andes,3464,2020,45,0.07325544690866137,0.07193466319332263,0.001399558091999103,7.877437666036226e-5,0.019105174441760533,0.0010753381486919625,0.018029836293068542,FALSE,TRUE
696,Lake Andes,3465,2020,45,0.245215095459034,0.23958701498738114,0.005868691061196989,2.4060906700875553e-4,0.02393282946227681,9.81216374784529e-4,0.022951606878513314,FALSE,TRUE
697,Lake Andes,3466,2020,45,0.08234329184898918,0.08136220211883767,0.0010398217719167818,5.873356430062107e-5,0.01262788684503565,7.132768557314127e-4,0.01191462847940001,FALSE,TRUE
698,Lake Andes,3467,2020,45,0.054344370527764474,0.053955750269573353,4.1750419629991997e-4,2.8883938108799495e-5,0.007682565687031329,5.314982550776391e-4,0.00715106743195369,FALSE,TRUE
699,Lake Andes,3468,2020,45,0.0383501180200533,0.03664870174780264,0.001761809319956087,6.03936887729444e-5,0.04594012772098474,0.0015747979899661457,0.04436534644719977,FALSE,TRUE
700,Lake Andes,3469,2020,45,0.04373581599154122,0.041654792870408075,0.0021282906319331995,4.726462599621736e-5,0.04866241965954914,0.0010806846728401874,0.04758166902695103,FALSE,TRUE
701,Lake Andes,3470,2020,45,0.06315578715416041,0.06212366332100452,0.0010373753781331473,5.251625110690818e-6,0.016425658278962797,8.315350575667498e-5,0.016342506042027898,FALSE,TRUE
702,Lake Andes,3545,2020,45,0.6691835294161996,0.6731464549587124,0.0016918124397575873,0.005654727084122478,0.002528174058966359,0.008450188678516492,-0.005922030905288489,TRUE,TRUE
703,Lake Andes,3546,2020,45,0.2621372880710816,0.2627310704493197,0.0010980114705614846,0.0016917843930536575,0.0041886886014619405,0.006453810541424806,-0.0022651580116945574,TRUE,TRUE
704,Lake Andes,3547,2020,45,0.08960340200897172,0.0870874017552573,0.0027146683598000486,1.986636386463398e-4,0.030296487621398985,0.002217143927486684,0.028079293835991954,FALSE,TRUE
705,Lake Andes,3548,2020,45,0.07336318215153274,0.072042398436194,0.0014205645924418662,9.978087710312553e-5,0.01936345385765395,0.0013600947256762479,0.018003359131977675,FALSE,TRUE
706,Lake Andes,3549,2020,45,0.05191681194888779,0.05169099206912808,2.2581987975970515e-4,0,0.004349648433382722,0,0.004349648433382713,FALSE,FALSE
707,Lake Andes,3550,2020,45,0.23488371287506396,0.22766010253530874,0.007399539780963362,1.7592944120814238e-4,0.0315029922270482,7.49006557562892e-4,0.030753985669485295,FALSE,TRUE
708,Lake Andes,3551,2020,45,0.10336174691883548,0.10106941255801893,0.0023973668630303583,1.0503250221381634e-4,0.023193946837149374,0.001016164154968209,0.022177782682181246,FALSE,TRUE
709,Lake Andes,3552,2020,45,0.04958264408609087,0.047902190721691724,0.0018380001945173178,1.5754875332072452e-4,0.03706942678018499,0.0031774980182011055,0.033891967549801484,FALSE,TRUE
710,Lake Andes,3553,2020,45,0.05383271146290286,0.05312111626040426,0.0010687057100255814,3.571105075269756e-4,0.01985234778229677,0.006633708349858379,0.013218639432438348,FALSE,TRUE
711,Lake Andes,3554,2020,45,0.03182447378735561,0.03134259615512855,5.028844131368624e-4,2.100650044276327e-5,0.01580181392776608,6.600737716238219e-4,0.015141731343206653,FALSE,TRUE
712,Lake Andes,3555,2020,45,0.022076211346657694,0.021837262404121264,2.4945219275781383e-4,1.0503250221381635e-5,0.01129959252702935,4.757723169275516e-4,0.010823820210101703,FALSE,TRUE
713,Lake Andes,3632,2020,45,0.23253486200182574,0.22892180546815222,0.005057314981595258,0.0014442513961790383,0.021748631315142545,0.006210902673886803,0.015537698315726774,FALSE,TRUE
714,Lake Andes,3633,2020,45,0.20481934893767317,0.20239572394908936,0.0033164012574012514,8.92776268817439e-4,0.016191835754787196,0.004358847313244376,0.011832988441542815,FALSE,TRUE
715,Lake Andes,3634,2020,45,0.08063533925232097,0.07971105323283938,9.269118320369293e-4,2.625812555345409e-6,0.011495106743911286,3.2564041767454074e-5,0.01146254270214395,FALSE,TRUE
716,Lake Andes,3635,2020,45,0.0982102514259778,0.09693935814919062,0.0012708932767871777,0,0.01294053582323903,0,0.01294053582323897,FALSE,FALSE
717,Lake Andes,3636,2020,45,0.26009028255674455,0.2528371318257417,0.007449430219514924,1.9627982907918846e-4,0.028641709126098026,7.546603708132218e-4,0.027887050064703656,FALSE,TRUE
718,Lake Andes,3637,2020,45,0.16663652646149027,0.16176360301234596,0.005062635200930417,1.8971461655658664e-4,0.03038130539825188,0.00113849358592115,0.02924282900406256,FALSE,TRUE
719,Lake Andes,3638,2020,45,0.06336327763143418,0.06386243844395716,4.041162624459211e-4,9.032795190388206e-4,0.0063777676526859655,0.014255568095655275,-0.007877761870628785,TRUE,TRUE
720,Lake Andes,3639,2020,45,0.022566379264032637,0.021636585192433003,9.875644319538655e-4,5.776787621759899e-5,0.04376264443662402,0.0025599089486930747,0.041202625406619106,FALSE,TRUE
722,Lake Andes,3718,2020,45,0.48903256115716426,0.4862482972254322,0.006421172023494949,0.0036369055274928425,0.013130356817756612,0.007436939411328935,0.005693412162870752,FALSE,TRUE
723,Lake Andes,3719,2020,45,0.3001063940222521,0.2985497795167864,0.0033264073597621176,0.0017697976623028055,0.011084093594871803,0.005897234106153632,0.0051868755097242685,FALSE,TRUE
724,Lake Andes,3720,2020,45,0.2017075148896618,0.20092916660860777,0.0010137155793651874,2.3535744189806472e-4,0.00502567085772541,0.0011668253511863955,0.0038587966416610614,FALSE,TRUE
725,Lake Andes,3721,2020,45,0.19135742339123493,0.1883677306553683,0.0040278445268979975,0.0010381616474444586,0.021048802055946222,0.005425248882672881,0.015623604681142335,FALSE,TRUE
726,Lake Andes,3722,2020,45,0.03278539296910835,0.03235213389747636,5.829303872866808e-4,1.496713156546883e-4,0.017780186067494753,0.004565182909221625,0.013215003158273063,FALSE,TRUE
727,Lake Andes,3723,2020,45,0.07805399626859158,0.07568810325644433,0.0027203418073378435,3.5444771338916277e-4,0.034852050341879694,0.004541057861656088,0.030310978620568967,FALSE,TRUE
728,Lake Andes,3724,2020,45,0.030863508448741545,0.030225474461843715,8.245051423784583e-4,1.8646967301199144e-4,0.026714563049363153,0.0060417522953257995,0.020672762720981133,FALSE,TRUE
730,Lake Andes,3809,2020,45,0.021803042219989344,0.02037985309712717,0.0014494485305506656,2.6258125553454086e-5,0.0664791874420988,0.0012043331058351231,0.0652747955309362,FALSE,TRUE
736,Litchfield,2541,2020,45,0.10750616124007585,0.10373024278548915,0.0037759184545866978,0,0.03512280980951928,0,0.035122809809519345,FALSE,FALSE
737,Litchfield,2542,2020,45,0.021873310912815642,0.021786659098489244,8.665181432639849e-5,0,0.0039615316890882265,0,0.003961531689088207,FALSE,FALSE
738,Litchfield,2543,2020,45,0.03420513955939675,0.03370360936132577,5.015301980709731e-4,0,0.014662422212897944,0,0.014662422212898039,FALSE,FALSE
739,Litchfield,2623,2020,45,0.31035789446489,0.3073836694061072,0.003255196618217537,2.8096194342195875e-4,0.01048852526799762,9.052837012777945e-4,0.009583210583094337,FALSE,TRUE
740,Litchfield,2624,2020,45,0.08238509457972867,0.08083849098463022,0.0015466035950984457,0,0.018772856946855973,0,0.01877285694685603,FALSE,FALSE
741,Litchfield,2625,2020,45,0.04317601019177808,0.04306572606445357,1.1028412732450717e-4,0,0.0025542917660675455,0,0.0025542917660675477,FALSE,FALSE
742,Litchfield,2626,2020,45,0.060893013698752094,0.05861458793881465,0.0022784254394036876,0,0.03741686116367041,0,0.037416866427554395,FALSE,FALSE
743,Litchfield,2627,2020,45,0.22745883810577364,0.22549686378707648,0.001961975280298425,0,0.008625627813090564,0,0.008625623585506902,FALSE,TRUE
744,Litchfield,2628,2020,45,0.15511768169184703,0.153337873119177,0.0017798076110687824,0,0.011473918328695142,0,0.011473924527867609,FALSE,FALSE
745,Litchfield,2709,2020,45,0.16368225142387993,0.16207482334263618,0.0017930341161083053,1.856022886262432e-4,0.010954358829443104,0.0011339182288347075,0.009820417713348026,FALSE,TRUE
746,Litchfield,2710,2020,45,0.10619274210838843,0.10507152014725593,0.0011264735862431803,5.251625110690818e-6,0.010607820872479357,4.945371036120913e-5,0.010558367162118235,FALSE,TRUE
747,Litchfield,2711,2020,45,0.04819100958861913,0.047452376722464704,7.386331065547474e-4,0,0.015327197185949475,0,0.015327192197460534,FALSE,TRUE
748,Litchfield,2712,2020,45,0.0394790353556766,0.03883308546706163,6.459498886149706e-4,0,0.01636184579474764,0,0.0163618457947477,FALSE,FALSE
749,Litchfield,2713,2020,45,0.06935614090667418,0.06759947230714809,0.0017566685995260784,0,0.02532823448020063,0,0.025328234480200718,FALSE,FALSE
750,Litchfield,2714,2020,45,0.1464911181665153,0.14239222476762112,0.0040988933988941835,0,0.027980490900717976,0,0.027980490900718007,FALSE,FALSE
751,Litchfield,2796,2020,45,0.08311837324996947,0.08216911636851136,0.0014140279474905528,4.6476882229613733e-4,0.017012218745403228,0.005591649645240236,0.011420542105694532,FALSE,TRUE
752,Litchfield,2797,2020,45,0.0428273540826837,0.04162998355744619,0.0011973705252375064,0,0.027958078449717653,0,0.027958078449717722,FALSE,FALSE
753,Litchfield,2798,2020,45,0.02134914846707526,0.02131763871641111,3.1509750664144904e-5,0,0.001475925408113554,0,0.0014759254081136944,FALSE,FALSE
754,Litchfield,2799,2020,45,0.09000420767855251,0.08867332073912386,0.0013308885420974398,0,0.014786959148073061,0,0.014786941341474551,FALSE,TRUE
755,Litchfield,2882,2020,45,0.15346769698446217,0.15306594766349432,6.17065950506171e-4,2.1531662953832353e-4,0.004020819772702042,0.0014030094526024147,0.0026178103200995943,FALSE,TRUE
756,Litchfield,2883,2020,45,0.051366883717448075,0.050936250458371427,4.3063325907664705e-4,0,0.008383480326457325,0,0.008383480326457358,FALSE,FALSE
757,Litchfield,2884,2020,45,0.040901335958958285,0.04078580020652308,1.1553575243519798e-4,0,0.0028247427553743055,0,0.002824742755374461,FALSE,FALSE
758,Litchfield,2885,2020,45,0.07145094441518274,0.07103344021888282,4.1750419629991997e-4,0,0.005843228521570161,0,0.005843228521570159,FALSE,FALSE
759,Litchfield,2969,2020,45,0.12589503427756857,0.12510203888585425,7.929953917143134e-4,0,0.006298861557684217,0,0.006298861557684257,FALSE,FALSE
760,Litchfield,2970,2020,45,0.17770894206840362,0.17711550843089555,5.934336375080624e-4,0,0.0033393572129850296,0,0.00333935721298512,FALSE,FALSE
761,Litchfield,2971,2020,45,0.02981738626525398,0.029699224700263437,1.181615649905434e-4,0,0.003962841140379778,0,0.003962841140379748,FALSE,FALSE
762,Long Lake,1413,2020,45,0.4402562466671703,0.43613815201396516,0.0041259672828647944,7.877437666036226e-6,0.009371740467282882,1.7892847008236766e-5,0.00935385854120171,FALSE,TRUE
763,Long Lake,1414,2020,45,0.5479406554486008,0.5432708939888461,0.0046802890705418265,1.0503250221381635e-5,0.008541598481518146,1.9168590826286817e-5,0.008522385432290254,FALSE,TRUE
764,Long Lake,1415,2020,45,0.7225048792695694,0.7092230270247782,0.013281836859170764,0,0.018383041056550788,0,0.018383062351383317,FALSE,FALSE
765,Long Lake,1416,2020,45,0.723183815928411,0.7145832951299464,0.008613712685857998,1.3129062776727043e-5,0.011910820591027554,1.815453068439063e-5,0.01189257918807726,FALSE,TRUE
766,Long Lake,1498,2020,45,0.30459460516079745,0.3016508026021676,0.0030301876888686016,8.639026879557336e-5,0.009948264471949351,2.836237652665167e-4,0.009664657576833338,FALSE,TRUE
767,Long Lake,1499,2020,45,0.5132603181805186,0.508012426647055,0.005263663076551237,1.5754875332072452e-5,0.010255347803256348,3.0695681653167095e-5,0.010224619647330454,FALSE,TRUE
768,Long Lake,1500,2020,45,0.8100921393188097,0.7952135468704414,0.014881224671598806,2.625812555345409e-6,0.01836979270544722,3.2413751817829046e-6,0.018366543416751854,FALSE,TRUE
769,Long Lake,1501,2020,45,0.672490453131409,0.6710016174125282,0.0014888357188808468,0,0.002213913538769477,0,0.002213913538769422,FALSE,FALSE
770,Long Lake,1502,2020,45,0.7546931563093441,0.7501109492869816,0.00458481007702089,2.625812555345409e-6,0.006075065129041139,3.4793114703548528e-6,0.006071615972736119,FALSE,TRUE
771,Long Lake,1503,2020,45,0.6786137659538322,0.6776648629416442,9.488877868343852e-4,0,0.0013982737080210372,0,0.0013982961439843974,FALSE,FALSE
772,Long Lake,1583,2020,45,0.4801534170295849,0.4691970500291215,0.011024627869822114,6.827112643898063e-5,0.022960636077578565,1.4218606807243458e-4,0.022818471371595688,FALSE,TRUE
773,Long Lake,1584,2020,45,0.6887938771176215,0.6796377097654533,0.009156208380489441,0,0.013293103618756305,0,0.013293044053300474,FALSE,TRUE
774,Long Lake,1585,2020,45,0.7653917013395295,0.7577164512402549,0.00767525009927463,0,0.010027872115469764,0,0.01002787211546974,FALSE,FALSE
775,Long Lake,1586,2020,45,0.6499401390193873,0.6472880683384885,0.0026520706808988628,0,0.004080484527236982,0,0.004080484527236867,FALSE,FALSE
776,Long Lake,1587,2020,45,0.7216463206206138,0.7188603334993924,0.002785987121221479,0,0.003860599079651009,0,0.003860599079650993,FALSE,FALSE
777,Long Lake,1588,2020,45,0.7144919660870059,0.713809254822616,6.827112643898063e-4,0,9.555198613761185e-4,0,9.555198613762516e-4,FALSE,FALSE
778,Long Lake,1668,2020,45,0.5229674548577765,0.5146109705136744,0.008356494601182348,0,0.015978995487309886,0,0.015978975874081234,FALSE,TRUE
779,Long Lake,1669,2020,45,0.5631988829528224,0.5513118295147738,0.011887053438048665,0,0.021106315722299488,0,0.021106315722299433,FALSE,FALSE
780,Long Lake,1670,2020,45,0.5811127506018853,0.5754679921176739,0.005644761048481511,0,0.009713710536612684,0,0.009713706123923256,FALSE,TRUE
781,Long Lake,1671,2020,45,0.5376975658118043,0.5317201086711663,0.005977459063840492,0,0.01111676794522187,0,0.01111676436848544,FALSE,TRUE
782,Long Lake,1672,2020,45,0.6182712394973958,0.6173604517955815,9.134089467635382e-4,2.625812555345409e-6,0.0014773595930259757,4.2470236161720555e-6,0.001473119957115737,FALSE,TRUE
783,Long Lake,1673,2020,45,0.7498841447275136,0.7465362337194483,0.0033479110080653963,0,0.0044645710028739585,0,0.00446457100287384,FALSE,FALSE
784,Long Lake,1754,2020,45,0.6491073871844523,0.6422854030807014,0.006827224189646264,5.251625110690818e-6,0.010517865494120805,8.090533576378018e-6,0.010509792737595737,FALSE,TRUE
785,Long Lake,1755,2020,45,0.6993004916613398,0.6977985268796821,0.001501964781657574,0,0.002147810275507359,0,0.0021478102755074675,FALSE,FALSE
786,Long Lake,1756,2020,45,0.5998224445968237,0.5971309867275946,0.002691457869229044,0,0.00448709096078946,0,0.0044870909607895295,FALSE,FALSE
787,Long Lake,1757,2020,45,0.6895384590903467,0.6845888434518418,0.004949656666826095,0,0.007178216967557958,0,0.007178157466422639,FALSE,TRUE
788,Long Lake,1758,2020,45,0.6985351493580989,0.6970883266401036,0.0014468227179953203,0,0.0020712239310002383,0,0.0020712239310002726,FALSE,FALSE
789,Long Lake,1839,2020,45,0.1302776385174036,0.12737086401863623,0.0029199035615440944,1.3129062776727043e-5,0.02241292976118867,1.0077756187584834e-4,0.022312152199312776,FALSE,TRUE
790,Long Lake,1840,2020,45,0.15889537462132466,0.1577295138467513,0.0011658607745733615,0,0.00733728579168406,0,0.007337285791684104,FALSE,FALSE
791,Long Lake,1841,2020,45,0.4296289268025486,0.42797203908012565,0.001656887722422953,0,0.0038565553179905764,0,0.003856555317990571,FALSE,FALSE
792,Long Lake,1924,2020,45,0.25076635039928247,0.2472477615751196,0.003707647328147717,1.8905850398486944e-4,0.014785266532946782,7.539229393570598e-4,0.014031343593589795,FALSE,TRUE
793,Long Lake,1925,2020,45,0.3880416357775574,0.3816696913288,0.006371942525554852,0,0.016420770190772854,0,0.016420775146948566,FALSE,FALSE
794,Long Lake,1926,2020,45,0.4179281829709659,0.4160439573208997,0.00188422052152607,0,0.0045084792036075,0,0.004508491474950577,FALSE,FALSE
795,Long Lake,2009,2020,45,0.39277696049455346,0.39009748289510815,0.0026820772884992516,2.625812555345409e-6,0.006828499525843352,6.6852509679773344e-6,0.006821880784635452,FALSE,TRUE
796,Long Lake,2010,2020,45,0.4441275559684942,0.43717083485799707,0.006956682005378443,0,0.0156637027175858,0,0.01566379076688187,FALSE,FALSE
797,Long Lake,2011,2020,45,0.3999231914205683,0.3902906032028896,0.009632593346218892,0,0.02408610841497571,0,0.024086095591162798,FALSE,TRUE
798,Long Lake,2094,2020,45,0.23522562238959477,0.23450877556198546,7.299758903860236e-4,1.3129062776727043e-5,0.0031033009200715123,5.581476474948763e-5,0.003047486155322072,FALSE,TRUE
799,Long Lake,2095,2020,45,0.461842149061599,0.4503515933194075,0.0114958073673022,5.251625110690818e-6,0.024891204474646003,1.1371039047348564e-5,0.024879833435598613,FALSE,TRUE
800,Long Lake,2096,2020,45,0.41873758969115116,0.41382206858754456,0.004915521103606605,0,0.011738905760125698,0,0.011738905760125689,FALSE,FALSE
801,Madison,2704,2020,45,0.4469815680462276,0.4367191540701565,0.010262415258206085,0,0.022959370121375406,0,0.02295936725294616,FALSE,TRUE
802,Madison,2705,2020,45,0.4385399499356827,0.4325432505124126,0.006057099522718205,6.03936887729444e-5,0.013811967469797345,1.3771536386092507e-4,0.013674237487712512,FALSE,TRUE
803,Madison,2787,2020,45,0.23221317944963532,0.22870443742255503,0.003540251457210688,3.1509750664144904e-5,0.015245695638815077,1.3569320543659776e-4,0.0151100038137211,FALSE,TRUE
804,Madison,2788,2020,45,0.25172466941118055,0.24795662839425991,0.0038074282052508427,3.938718833018113e-5,0.015125367784400923,1.5646932190759575e-4,0.014968898462493207,FALSE,TRUE
805,Madison,2789,2020,45,0.26987607052569923,0.2606857265819903,0.00919034394370893,0,0.03405394159551382,0,0.03405394159551384,FALSE,FALSE
806,Madison,2790,2020,45,0.4317023340415632,0.4248751393410228,0.006858724324297632,3.1509750664144904e-5,0.015887623909944606,7.298953046918487e-5,0.015814588345225707,FALSE,TRUE
807,Madison,2870,2020,45,0.1995028580512011,0.19641067656903363,0.0031420635868412835,4.9890438551562766e-5,0.015749466536639257,2.500738036482601e-4,0.015499434506215866,FALSE,TRUE
808,Madison,2871,2020,45,0.262480018152036,0.2609471795586925,0.0016798993217963757,1.470455030993429e-4,0.006400103648359738,5.60215989524086e-4,0.0058398296530732564,FALSE,TRUE
809,Madison,2872,2020,45,0.2459145873067853,0.23952116453189162,0.006393434955176558,0,0.025998599860204998,0,0.025998550329662685,FALSE,TRUE
810,Madison,2873,2020,45,0.3824031546264861,0.37888456580232327,0.0035238404492735384,5.251625110690818e-6,0.00921498791691576,1.373321597155851e-5,0.009201254700944177,FALSE,TRUE
811,Madison,2874,2020,45,0.23503285082254335,0.23033789797358575,0.0046949528489575905,0,0.01997573033951078,0,0.019975730339510823,FALSE,FALSE
812,Madison,2875,2020,45,0.26694045311714426,0.26284754985314196,0.004092896212259599,0,0.015332618808672925,0,0.015332645225585834,FALSE,FALSE
813,Madison,2955,2020,45,0.06656583042610864,0.06453890314644772,0.0020269243948570835,0,0.0304499227589006,0,0.030449966096508126,FALSE,FALSE
814,Madison,2956,2020,45,0.3659766456767417,0.3597594190271438,0.006374778608256231,1.5754875332072452e-4,0.01741853936189939,4.3048854395994304e-4,0.016988042059627544,FALSE,TRUE
815,Madison,2957,2020,45,0.2420982969841602,0.24077316426677664,0.0013802800698528117,5.5142063662253585e-5,0.005701320856226921,2.2776725135683783e-4,0.005473531759169078,FALSE,TRUE
816,Madison,2958,2020,45,0.32178376905874556,0.31789231485172365,0.003912460707464659,2.100650044276327e-5,0.012158663934197352,6.528141709636161e-5,0.012093382517101053,FALSE,TRUE
817,Madison,2959,2020,45,0.1373173188933211,0.13376196869338342,0.0035553501999376833,0,0.025891491536473698,0,0.02589149153647375,FALSE,FALSE
818,Madison,2960,2020,45,0.3042644502602839,0.3004754027429205,0.003789047517363425,0,0.012453139083853119,0,0.012453139083853102,FALSE,FALSE
819,Madison,3040,2020,45,0.022883702557097953,0.022723527991221883,1.6017456587606992e-4,0,0.0069995039253989855,0,0.006999503925399021,FALSE,FALSE
820,Madison,3041,2020,45,0.26846133195486455,0.2657516164827116,0.0027386026155993217,2.8883938108799495e-5,0.010201106415056277,1.0759068316645188e-4,0.010093503792227718,FALSE,TRUE
821,Madison,3042,2020,45,0.1751156239434306,0.17141682847557688,0.003816265000458157,1.1746846081967881e-4,0.021792829871599372,6.70805141051411e-4,0.021122018610107526,FALSE,TRUE
822,Madison,3043,2020,45,0.26454784553937044,0.25767679156349155,0.007021422772993623,1.5036441982555287e-4,0.02654122077115417,5.683827041531336e-4,0.02597282152069665,FALSE,TRUE
823,Madison,3044,2020,45,0.13837942930071745,0.13660329276279273,0.0017761395829954064,0,0.012835286226940652,0,0.012835264221714113,FALSE,TRUE
824,Madison,3045,2020,45,0.1368058803556858,0.13050764328592337,0.006298233864424846,0,0.046037742296236646,0,0.046037765726059804,FALSE,FALSE
825,Madison,3125,2020,45,0.05681131629497134,0.056425870603131305,3.854416050345993e-4,0,0.006784592052635061,0,0.006784663989103041,FALSE,FALSE
826,Madison,3126,2020,45,0.12553850842361838,0.12039440828565288,0.0051441027022355555,0,0.040976292986350006,0,0.04097627256018684,FALSE,TRUE
827,Madison,3127,2020,45,0.25934389533788765,0.2483281398425201,0.011107651241994396,9.19034394370893e-5,0.04282981570675774,3.543690099871153e-4,0.04247547635935522,FALSE,TRUE
828,Madison,3128,2020,45,0.12578624768396704,0.12179644859108323,0.004029182755342647,3.938718833018113e-5,0.032031981472774425,3.131279377149391e-4,0.03171888156571795,FALSE,TRUE
829,Madison,3129,2020,45,0.1189150603660443,0.11775970284169231,0.0011763640247947431,2.100650044276327e-5,0.009892473006982126,1.7665130369610938e-4,0.009715821703286085,FALSE,TRUE
830,Madison,3130,2020,45,0.0880027846290434,0.08315290883932044,0.00484987578972297,0,0.0551104809940568,0,0.05511048099405665,FALSE,FALSE
831,Madison,3210,2020,45,0.09855806901875812,0.0974047834246256,0.0011532845523978103,0,0.011701574146895174,0,0.011701584716650903,FALSE,FALSE
832,Madison,3211,2020,45,0.0501225255073823,0.04965007413194572,4.7770440288246883e-4,5.251625110690818e-6,0.009530732899963514,1.0477574817967487e-4,0.00942592917364053,FALSE,TRUE
833,Madison,3212,2020,45,0.17221122908729153,0.16684272454664695,0.005468291828422881,9.978087710312553e-5,0.03175339876153534,5.794098191619547e-4,0.03117395171672202,FALSE,TRUE
834,Madison,3213,2020,45,0.184046279128248,0.17905060919922158,0.00511384335376604,1.181615649905434e-4,0.027785638362200125,6.420209392454248e-4,0.027143552984004164,FALSE,TRUE
835,Madison,3214,2020,45,0.05028885944997511,0.050107678383656276,2.1531662953832353e-4,3.413556321949032e-5,0.004281596995702595,6.787897676113872e-4,0.003602807228091241,FALSE,TRUE
837,Madison,3296,2020,45,0.0743650475978204,0.07386069670266848,5.174785555934411e-4,1.3129062776727043e-5,0.0069586260253884135,1.7654883847760558e-4,0.00678209604436122,FALSE,TRUE
838,Madison,3297,2020,45,0.12556308438800357,0.12041185557923352,0.005395432581754748,2.44200567647123e-4,0.042969895236742314,0.0019448436523948134,0.041025026056640886,FALSE,TRUE
839,Madison,3298,2020,45,0.16702343378727225,0.1647652042184343,0.002289741082437755,3.1509750664144904e-5,0.013709100756209224,1.886546692859697e-4,0.013520435531903394,FALSE,TRUE
840,Madison,3299,2020,45,6.088297153634332e-4,6.088297153634332e-4,0,0,0,0,0,FALSE,FALSE
842,Madison,3381,2020,45,0.07747138897933416,0.07668627102528588,7.90369579158968e-4,5.251625110690818e-6,0.010202083499107041,6.778793022662486e-5,0.010134295568880358,FALSE,TRUE
843,Madison,3382,2020,45,0.07102086503844199,0.07062837273243976,4.450109210456078e-4,5.251625110690817e-5,0.006265918062314976,7.394482041085012e-4,0.005526436573108262,FALSE,TRUE
844,Madison,3383,2020,45,0.12351700201089301,0.12156684384869491,0.0020446920619300365,9.452925199243472e-5,0.0165539320793239,7.653136851888467e-4,0.01578858076579701,FALSE,TRUE
845,Madison,3384,2020,45,0.023946977143107694,0.02191718557377459,0.0020639256901506787,3.413556321949032e-5,0.08618731616172724,0.0014254643922485663,0.08476191200263077,FALSE,TRUE
846,Madison,3385,2020,45,0.013388389973538212,0.013168001217794349,2.2038885591066352e-4,0,0.016461191849524555,0,0.016461184367908006,FALSE,TRUE
847,Morris,2196,2020,45,0.054572021296356715,0.04997072071902639,0.004601302821066635,0,0.08431615160594798,0,0.08431611049080773,FALSE,TRUE
848,Morris,2280,2020,45,0.18029737782315652,0.17572466885714663,0.004591084525357179,1.838068788741786e-5,0.025463956163912234,1.0194650698384774e-4,0.025362038101824216,FALSE,TRUE
849,Morris,2281,2020,45,0.04710434885953835,0.04608144614156704,0.0011883287486911854,1.6542619098676076e-4,0.025227580413746786,0.003511909091027865,0.021715674725098656,FALSE,TRUE
850,Morris,2282,2020,45,0.21426835593224422,0.20902932651615483,0.005281040493772367,4.201300088552654e-5,0.024646852171873356,1.9607655410774637e-4,0.024450784593437927,FALSE,TRUE
851,Morris,2283,2020,45,0.1846224808708616,0.18233020805252684,0.002300136312782287,7.877437666036226e-6,0.012458592810217784,4.266781395677528e-5,0.012416000519125054,FALSE,TRUE
852,Morris,2284,2020,45,8.612665181532941e-4,8.612665181532941e-4,0,0,0,0,0,FALSE,FALSE
855,Morris,2365,2020,45,0.1716271396499316,0.17016456205660418,0.0014625775933273927,0,0.008521831665496592,0,0.00852183166549668,FALSE,FALSE
856,Morris,2366,2020,45,0.09434041914421631,0.0938310115084793,5.146592608477001e-4,5.251625110690818e-6,0.005455342105921225,5.566675618286965e-5,0.005399675349738343,FALSE,TRUE
857,Morris,2367,2020,45,0.13372484831979828,0.13235417416590797,0.0013706741538903034,0,0.010249958561271906,0,0.010249958561271921,FALSE,FALSE
858,Morris,2368,2020,45,0.15929410836068597,0.152309580305511,0.0069845235677023325,0,0.04384671623816392,0,0.04384674440915329,FALSE,FALSE
859,Morris,2369,2020,45,0.08443625934012507,0.08320737906422342,0.0012288802759016513,0,0.014553940279986721,0,0.014553940279986712,FALSE,FALSE
862,Morris,2451,2020,45,0.3278237738750182,0.3243970884902925,0.0035054597613861206,7.877437666036226e-5,0.010693122466226522,2.402948868814949e-4,0.01045282757934496,FALSE,TRUE
863,Morris,2452,2020,45,0.21414457348725238,0.21188900050221068,0.0023107150487039598,5.5142063662253585e-5,0.010790444096130749,2.5749923411221107e-4,0.0105329448620185,FALSE,TRUE
864,Morris,2453,2020,45,0.08710508496168469,0.0853615505534755,0.0017435395367493515,0,0.020016506929719315,0,0.020016448052098564,FALSE,TRUE
865,Morris,2454,2020,45,0.20937150271477328,0.20801920924877038,0.0013522934660028854,0,0.006458822946144272,0,0.006458822946144377,FALSE,FALSE
866,Morris,2455,2020,45,0.010172531181451939,0.010172531181451939,0,0,0,0,0,FALSE,FALSE
867,Morris,2536,2020,45,0.3924470107356458,0.39087414901499395,0.0016017456587606993,2.8883938108799495e-5,0.004081431670885227,7.359958750776638e-5,0.00400783208337734,FALSE,TRUE
868,Morris,2537,2020,45,0.40672749231789185,0.40363715711017734,0.0031402487246967076,4.9890438551562766e-5,0.007720768288371169,1.226630594043276e-4,0.007598048487214516,FALSE,TRUE
869,Morris,2538,2020,45,0.17007398178052507,0.16671453155712856,0.003359448620727708,0,0.019752866285349672,0,0.019752875708712286,FALSE,FALSE
870,Morris,2539,2020,45,0.07681728471188522,0.07488993829626168,0.00192734641562353,0,0.025090009661918315,0,0.02509000966191834,FALSE,FALSE
871,Morris,2540,2020,45,0.03718745489026169,0.03716644838981893,2.100650044276327e-5,0,5.648813693960072e-4,0,5.648813693959366e-4,FALSE,FALSE
872,Morris,2621,2020,45,0.2250246278103261,0.22140595039665129,0.003631808079120326,1.3129062776727043e-5,0.016139602649100204,5.834500385350517e-5,0.016081250523053845,FALSE,TRUE
873,Morris,2622,2020,45,0.13872328766050415,0.1384423257170822,2.8358775597730416e-4,2.625812555345409e-6,0.0020442692842698846,1.8928419298795228e-5,0.0020253408649710115,FALSE,TRUE
874,Morris,2706,2020,45,0.31268483621461957,0.30566105431315826,0.0070657891327391776,4.201300088552654e-5,0.022597159549781892,1.3436213087317673e-4,0.022462815870739384,FALSE,TRUE
875,Morris,2707,2020,45,0.099387077019385775,0.09841290056135263,9.820538956991829e-4,7.877437666036226e-6,0.009881102504982918,7.926018052125334e-5,0.00980184232446166,FALSE,TRUE
876,Morris,2708,2020,45,0.07640068313865118,0.07598278404475994,4.2315172066993955e-4,5.251625110690818e-6,0.0055385855634563904,6.873793394177146e-5,0.005469834518794057,FALSE,TRUE
877,Morris,2791,2020,45,0.27414551865572734,0.26872610822558207,0.005537590586093848,1.181615649905434e-4,0.020199456891534927,4.310176783846356e-4,0.01976837139895391,FALSE,TRUE
878,Morris,2792,2020,45,0.1571296387628184,0.15516553097142002,0.0019641077913983658,0,0.012499919218697603,0,0.01249991921869772,FALSE,FALSE
879,Morris,2793,2020,45,0.09449597802395995,0.09237833199763594,0.002117647468725928,0,0.022409921702582807,0,0.022409906438420828,FALSE,TRUE
880,Morris,2794,2020,45,0.08396236171636698,0.08357576210299385,3.9005460669680914e-4,3.456208785179987e-6,0.004645588793874707,4.116378713661481e-5,0.004604439483004331,FALSE,TRUE
881,Morris,2795,2020,45,0.18716822665742958,0.18509137303943607,0.002223914025912655,1.470455030993429e-4,0.011881899324627583,7.856328273520348e-4,0.011096186863995525,FALSE,TRUE
882,Morris,2880,2020,45,0.0730879744301559,0.07290416755128172,2.0218756676159647e-4,1.838068788741786e-5,0.0027663588755604427,2.514871705054948e-4,0.0025148717050549186,FALSE,TRUE
883,Northeast Montana,457,2020,45,0.5542955731440696,0.5490334447831574,0.005264754173467545,2.625812555345409e-6,0.009498098899843021,4.737206433836919e-6,0.009493361693409225,FALSE,TRUE
884,Northeast Montana,458,2020,45,0.46431685431004854,0.46216893963977596,0.002153166295383235,5.251625110690818e-6,0.004637277917862215,1.1310433946005403e-5,0.004625967483916304,FALSE,TRUE
885,Northeast Montana,459,2020,45,0.33932542777808816,0.3361043763391029,0.0032236708408654325,2.625812555345409e-6,0.009500233631101902,7.738331231288203e-6,0.009492514192280834,FALSE,TRUE
886,Northeast Montana,460,2020,45,0.27865102323164886,0.2770290095822266,0.001622015893158586,0,0.005820957965082252,0,0.005820949912944891,FALSE,TRUE
887,Northeast Montana,461,2020,45,0.39539448532902105,0.3938391016731907,0.0015816483523258995,2.6258125553454086e-5,0.0040001780778752055,6.640994380992394e-5,0.003933751515365898,FALSE,TRUE
888,Northeast Montana,462,2020,45,0.3330894101573911,0.3315437091853585,0.0015588234638672092,1.3129062776727043e-5,0.004679894996153241,3.941603178114642e-5,0.004640498691634104,FALSE,TRUE
889,Northeast Montana,463,2020,45,0.1453255138189493,0.14242924257040332,0.002896271248545986,0,0.019929544182821498,0,0.01992954418282137,FALSE,FALSE
890,Northeast Montana,464,2020,45,0.29212716509137504,0.28709848787796155,0.005028676251812244,0,0.01721399737076596,0,0.01721400066248738,FALSE,FALSE
891,Northeast Montana,465,2020,45,0.27353481209500363,0.27348754746900744,4.726462599621736e-5,0,1.727919954108126e-4,0,1.7279199541071492e-4,FALSE,FALSE
892,Northeast Montana,543,2020,45,0.58334403482079,0.5750758434238614,0.008276074604202266,7.877437666036226e-6,0.014187296192622885,1.3503931120948662e-5,0.014173782370927415,FALSE,TRUE
893,Northeast Montana,544,2020,45,0.5660080100471878,0.5608112808302322,0.005207241442122266,1.0503250221381635e-5,0.009199943021456783,1.8556716574569298e-5,0.009181370448312784,FALSE,TRUE
894,Northeast Montana,545,2020,45,0.3498007377127481,0.3496678880087761,1.328538508775164e-4,0,3.7979865836250545e-4,0,3.7978680331181075e-4,FALSE,TRUE
895,Northeast Montana,546,2020,45,0.3204629853434068,0.309859954244922,0.010618785973816833,1.5754875332072452e-5,0.033135764376774395,4.916285515841898e-5,0.03308660152161597,FALSE,TRUE
896,Northeast Montana,547,2020,45,0.5709186077522531,0.5678490328750544,0.0031194653157503457,4.9890438551562766e-5,0.005463940522155866,8.738625414222344e-5,0.005376554268013535,FALSE,TRUE
897,Northeast Montana,548,2020,45,0.44655208358014387,0.4387691751661001,0.007785534226599137,2.625812555345409e-6,0.017434773037402807,5.880193267252212e-6,0.01742889284413552,FALSE,TRUE
898,Northeast Montana,549,2020,45,0.3498325346616605,0.34410852997509517,0.0057266516543487914,2.625812555345409e-6,0.016369694316417157,7.505912958853172e-6,0.016362127931014946,FALSE,TRUE
899,Northeast Montana,550,2020,45,0.4744542139631712,0.4729467103581547,0.0015075032844827463,0,0.00317734196497149,0,0.00317734264055566,FALSE,FALSE
900,Northeast Montana,629,2020,45,0.5472874845754586,0.5432311785739464,0.004116664431571607,6.03936887729444e-5,0.007521941479741644,1.1035094073052473e-4,0.007411654963494631,FALSE,TRUE
901,Northeast Montana,630,2020,45,0.49306662980859833,0.48553809698585365,0.00752855910651296,0,0.015268847355245765,0,0.015268794048518665,FALSE,TRUE
902,Northeast Montana,631,2020,45,0.14846838579193128,0.14625745162033044,0.002210934171600834,0,0.014891615880429343,0,0.014891615880429398,FALSE,FALSE
903,Northeast Montana,632,2020,45,0.45618463076950144,0.4457393535659433,0.01044528104996326,0,0.022897047259886744,0,0.02289703882820173,FALSE,TRUE
904,Northeast Montana,633,2020,45,0.3544907261348432,0.35271731798027683,0.001783931438147737,1.0503250221381635e-5,0.00503237830111571,2.962912552298011e-5,0.005002692662520633,FALSE,TRUE
905,Northeast Montana,634,2020,45,0.11661977196610299,0.115175575060663,0.0014441969054399748,0,0.012383808346493328,0,0.012383808346493387,FALSE,FALSE
906,Northeast Montana,635,2020,45,0.411222842384322,0.4100937429855235,0.0011317252113538711,2.625812555345409e-6,0.00275209714711368,6.385376211400651e-6,0.002745711770902257,FALSE,TRUE
907,Northeast Montana,713,2020,45,0.5339515980316769,0.5323515345340846,0.0016027026122987832,2.625812555345409e-6,0.0030015878184593467,4.917697718341938e-6,0.0029966452080876,FALSE,TRUE
908,Northeast Montana,714,2020,45,0.424379435164559,0.4138484908263827,0.010533578484609379,2.625812555345409e-6,0.024821133193046543,6.187417055982493e-6,0.024814926138192316,FALSE,TRUE
909,Northeast Montana,715,2020,45,0.6554034702673529,0.6425673086755104,0.012851907492229314,1.5754875332072452e-5,0.019609153865155382,2.403843746150094e-5,0.01958512912146527,FALSE,TRUE
910,Northeast Montana,716,2020,45,0.32900471255762426,0.32844804029589103,6.879628895004971e-4,1.3129062776727043e-4,0.002091042660612353,3.9905394286495285e-4,0.0016919887177473997,FALSE,TRUE
911,Northeast Montana,717,2020,45,0.3633353244159913,0.358152790998163,0.0063536631263353405,0.0011711123996840523,0.01748705038946579,0.003223227473316681,0.014263775277447866,FALSE,TRUE
912,Northeast Montana,718,2020,45,0.29837608611908245,0.294731458292263,0.0036446278268194273,0,0.012214879128633819,0,0.012214879128633921,FALSE,FALSE
913,Northeast Montana,719,2020,45,0.5706129057311613,0.5697385101502312,8.848988311514028e-4,1.0503250221381635e-5,0.0015507865704816606,1.840696226090992e-5,0.0015323796082208085,FALSE,TRUE
914,Northeast Montana,720,2020,45,0.3826037010604006,0.3824215353143735,2.0053263092950014e-4,1.838068788741786e-5,5.241262182611313e-4,4.8041061381463615e-5,4.7612123333414213e-4,FALSE,TRUE
915,Northeast Montana,798,2020,45,0.7075104228421966,0.699984023492153,0.0075473366151942636,2.100650044276327e-5,0.010667456438133103,2.969072930173436e-5,0.010637863566459717,FALSE,TRUE
916,Northeast Montana,799,2020,45,0.4850986426377239,0.4837532009013576,0.001348059375310767,2.625812555345409e-6,0.002778938666949662,5.412945583742624e-6,0.00277354257074492,FALSE,TRUE
917,Northeast Montana,800,2020,45,0.5145832763968798,0.5059496047149041,0.00863629749453105,2.625812555345409e-6,0.01678309010545881,5.102794194423475e-6,0.016777987311264394,FALSE,TRUE
918,Northeast Montana,801,2020,45,0.2988902735542366,0.2965165390042043,0.0023737345500322495,0,0.007941826014627779,0,0.007941826014627808,FALSE,FALSE
919,Northeast Montana,802,2020,45,0.35894939688214095,0.35653364933122317,0.002415747550917776,0,0.0067300504525181675,0,0.006730050452518177,FALSE,FALSE
920,Northeast Montana,803,2020,45,0.4280117955233464,0.4271584064428592,8.560148930426033e-4,2.625812555345409e-6,0.001999979678120602,6.1349069881000065e-6,0.001993844771132391,FALSE,TRUE
921,Northeast Montana,804,2020,45,0.3504240399680732,0.34972557382835134,7.142210150539512e-4,1.5754875332072452e-5,0.0020381621509729273,4.4959459212638104e-5,0.0019932026917602185,FALSE,TRUE
922,Northeast Montana,883,2020,45,0.5582989936395844,0.5370236346081464,0.02129635912120551,2.100650044276327e-5,0.0381450788266217,3.762589702306401e-5,0.0381074644121112,FALSE,TRUE
923,Northeast Montana,886,2020,45,0.5519084633613336,0.5467179294208757,0.0052201153600266725,2.9601265116013432e-5,0.00945829916836965,5.36343743231086e-5,0.009404700752087655,FALSE,TRUE
924,Northeast Montana,888,2020,45,0.3304301595202862,0.3240651898861289,0.006388601947155379,2.363231299810868e-5,0.01933419744865378,7.151984259674642e-5,0.019262677606057065,FALSE,TRUE
925,Northeast Montana,889,2020,45,0.5157296487188939,0.5138915799301522,0.002371108737476904,5.330399487351179e-4,0.0045975808126736415,0.0010335646788181055,0.003564016133855387,FALSE,TRUE
926,Roseau,663,2020,45,0.08770570881247908,0.0871464107381905,5.592980742885721e-4,0,0.006376985966607834,0,0.0063769859666078675,FALSE,FALSE
927,Roseau,664,2020,45,0.11438011796967806,0.1116820237694986,0.0026981006108546517,0,0.0235888951571978,0,0.023588839110086662,FALSE,TRUE
928,Roseau,665,2020,45,0.205222595792364,0.20578712497760268,0.0012709150730828033,0.0018354429761864408,0.006192861308355462,0.00894366903946322,-0.002750813978641327,TRUE,TRUE
929,Roseau,666,2020,45,7.520561388553784e-5,7.520561388553784e-5,0,0,0,0,0,FALSE,FALSE
930,Roseau,667,2020,45,0.04099141620237306,0.03967850992470035,0.0013129062776727045,0,0.032028809914518105,0,0.03202880991451817,FALSE,FALSE
931,Roseau,748,2020,45,0.10268792854306084,0.1007135123859667,0.0019744161570941555,0,0.019227344295548916,0,0.01922734429554886,FALSE,FALSE
932,Roseau,749,2020,45,0.051370278811025495,0.049529209826297625,0.0018410672217921986,0,0.035839151828723464,0,0.03583918614692676,FALSE,FALSE
933,Roseau,750,2020,45,0.2384249083041955,0.23510364519073473,0.0034446718160893635,1.234131901012342e-4,0.01444761724179616,5.176186958779363e-4,0.013930017367242985,FALSE,TRUE
934,Roseau,751,2020,45,0.13321084551208942,0.13332638126452462,1.838068788741786e-4,2.993426313093766e-4,0.0013798191743892008,0.00224713408400527,-8.67314909616065e-4,TRUE,TRUE
935,Roseau,752,2020,45,0.1848716253512106,0.18440700012803857,8.401219477937566e-4,3.754911954143935e-4,0.00454435312178238,0.002031091546369285,0.0025132316670519834,FALSE,TRUE
936,Roseau,833,2020,45,0.0962649653769195,0.09402757819523962,0.002242638806790571,5.251625110690818e-6,0.023296521200726117,5.4553856536782674e-5,0.023241967344189405,FALSE,TRUE
937,Roseau,834,2020,45,0.009310278060387835,0.009165858369843839,1.4441969054399749e-4,0,0.01551185577995309,0,0.015511855779953013,FALSE,FALSE
938,Roseau,835,2020,45,0.25522491857577717,0.2566139734175549,7.115952024986058e-4,0.002100650044276327,0.002788110214588356,0.008230583659301419,-0.005442473444712995,TRUE,TRUE
939,Roseau,836,2020,45,0.4550539722944982,0.45206604377644216,0.0033111496322905604,3.232361592878712e-4,0.007276388810748975,7.103248822508505e-4,0.006566096990627547,FALSE,TRUE
940,Roseau,837,2020,45,0.4650665648229208,0.4631838982490593,0.0029828701748021167,0.0011002154606897263,0.006413856424913877,0.00236571610154053,0.004048165824559624,FALSE,TRUE
941,Roseau,838,2020,45,0.6590564268433713,0.6475038362795598,0.012009461434281056,4.568913846301011e-4,0.018222205178700393,6.932507840314014e-4,0.017528985521230746,FALSE,TRUE
942,Roseau,918,2020,45,0.1406805847505871,0.13978040286979715,9.402844203372066e-4,4.0104515337395066e-5,0.0066838250779539966,2.850749832217178e-4,0.006398764139244056,FALSE,TRUE
943,Roseau,919,2020,45,0.027249762126418237,0.02711986389730092,1.2989821910063679e-4,0,0.004766948735112165,0,0.00476694910270003,FALSE,FALSE
944,Roseau,920,2020,45,0.15025733342314357,0.14888780806224622,0.0014771804703289095,1.0765831476916176e-4,0.0098310041624989,7.164929146318762e-4,0.009114532580187578,FALSE,TRUE
945,Roseau,921,2020,45,0.3624102998867285,0.35551672136252327,0.007136659787965249,2.430969899475662e-4,0.019692210155715262,6.707783692228014e-4,0.01902147517981646,FALSE,TRUE
946,Roseau,922,2020,45,0.49013068417347394,0.4843552094579917,0.006096690570519236,3.211914944713107e-4,0.012438908167523357,6.553180709609074e-4,0.01178354039437795,FALSE,TRUE
947,Roseau,923,2020,45,0.5615737921793118,0.5504432599554508,0.011787672587077018,6.571704533227162e-4,0.020990425036275885,0.0011702299189789828,0.019820248699047107,FALSE,TRUE
948,Roseau,1003,2020,45,0.07485296665034082,0.07317985222689224,0.001717037965805787,4.392148893782801e-5,0.022938809811327218,5.867701829774843e-4,0.022352012195644262,FALSE,TRUE
949,Roseau,1004,2020,45,0.014862027263692953,0.014734324049758621,1.2770399523537077e-4,0,0.008592636318690117,0,0.008592583748403103,FALSE,TRUE
950,Roseau,1005,2020,45,0.07245411251066777,0.069749525578662,0.003232375255630198,5.277883236244271e-4,0.04461272305494432,0.007284449499629414,0.037328273555314935,FALSE,TRUE
951,Roseau,1006,2020,45,0.3555809717134869,0.34095597531831534,0.01463812802221836,1.3129062776727043e-5,0.04116679233897022,3.6922849705540267e-5,0.04112986227777061,FALSE,TRUE
952,Roseau,1007,2020,45,0.38974468036130483,0.3816962776809229,0.010780415762959659,0.002732046418088697,0.027660199885129657,0.007009836325555513,0.02065044909123794,FALSE,TRUE
953,Roseau,1008,2020,45,0.4167998220819486,0.39890376072427663,0.01817772719322908,2.8166914106154804e-4,0.043612607851965655,6.757899743204976e-4,0.04293682580832137,FALSE,TRUE
954,Roseau,1091,2020,45,0.23615122131535402,0.2310779463168208,0.005078542650331867,5.251625110690818e-6,0.02150546849618038,2.2238399113243837e-5,0.021483162230858912,FALSE,TRUE
955,Roseau,1092,2020,45,0.20043040582221627,0.18921859649410314,0.01121181061024816,0,0.055938671401948595,0,0.055938665005039814,FALSE,TRUE
956,Roseau,1093,2020,45,0.23866149811826423,0.2265902275181296,0.012071283421484984,0,0.05057909850001564,0,0.050579044778110545,FALSE,TRUE
957,Roseau,1094,2020,45,0.15451523208076026,0.1384334841138685,0.016437868666170353,3.5611424853667007e-4,0.10638348365278832,0.0023047193712949954,0.10407872253323441,FALSE,TRUE
958,Roseau,1176,2020,45,0.16257456880873594,0.15801665055251043,0.004557913768752873,0,0.028035834891957306,0,0.02803586249450712,FALSE,FALSE
959,Roseau,1177,2020,45,0.2122823185031766,0.20060176060561313,0.011683192685064058,2.625812555345409e-6,0.055036108364763456,1.2369436012665916e-5,0.05502369665040514,FALSE,TRUE
960,Roseau,1178,2020,45,0.2102744129789215,0.20481272286380306,0.005503703116003977,4.201300088552654e-5,0.026173907885576567,1.998008235540196e-4,0.02597410706202247,FALSE,TRUE
961,Sand Lake,2180,2020,45,0.5257879057687869,0.5159332312485756,0.00985467452021132,0,0.0187426801036859,0,0.018742680103685808,FALSE,FALSE
962,Sand Lake,2181,2020,45,0.5972482456695193,0.5837557129954828,0.013492532674036497,0,0.02259116334265876,0,0.022591163342658756,FALSE,FALSE
963,Sand Lake,2182,2020,45,0.47961574088055675,0.47727876770629934,0.0023369776617300424,0,0.004872604175666624,0,0.004872594819275135,FALSE,TRUE
964,Sand Lake,2183,2020,45,0.5535516886528046,0.5504595892272794,0.0030920949380524765,0,0.005585919077544142,0,0.005585927184235433,FALSE,FALSE
965,Sand Lake,2184,2020,45,0.7150062150646418,0.7032072904604819,0.011798887422243819,0,0.016501797010501668,0,0.016501849012729445,FALSE,FALSE
966,Sand Lake,2185,2020,45,0.6184052379943608,0.6154669537449292,0.002943535874542203,5.251625110690818e-6,0.004759881860135611,8.492206708538112e-6,0.004751389653427125,FALSE,TRUE
967,Sand Lake,2186,2020,45,0.37820402903895584,0.36959854381362894,0.008613354970182733,7.877437666036226e-6,0.022774360685870798,2.0828539785928176e-5,0.022753552486455685,FALSE,TRUE
968,Sand Lake,2187,2020,45,0.18508558804615005,0.18138257691829537,0.003724013461358579,2.100650044276327e-5,0.02012049398697654,1.1349614340326389e-4,0.020007020357151482,FALSE,TRUE
969,Sand Lake,2188,2020,45,0.31587327013826894,0.3131416455426073,0.002731619467121446,0,0.008647833562889697,0,0.008647849798958582,FALSE,FALSE
970,Sand Lake,2189,2020,45,0.5986299154134851,0.5695549494412842,0.029075001871981906,0,0.04856924307215627,0,0.048569183102248246,FALSE,TRUE
971,Sand Lake,2264,2020,45,0.13348900727259103,0.1330933609143983,4.009011085075713e-4,5.251625110690818e-6,0.003003251853457205,3.934125526880835e-5,0.0029638871864916634,FALSE,TRUE
972,Sand Lake,2265,2020,45,0.3769783900004272,0.37427199782228965,0.0027116402773769105,5.251625110690818e-6,0.007193092095740123,1.3930838610364021e-5,0.00717917061010976,FALSE,TRUE
973,Sand Lake,2266,2020,45,0.5711088560775521,0.562526223627121,0.008582669632347245,0,0.015028080095437683,0,0.015028014990658211,FALSE,TRUE
974,Sand Lake,2267,2020,45,0.5296238076289348,0.5230350695310767,0.006588714378359932,0,0.012440366696989799,0,0.012440411482548566,FALSE,FALSE
975,Sand Lake,2268,2020,45,0.5725950659838777,0.5680007966350891,0.004594249796229254,0,0.00802355812887604,0,0.008023592276147821,FALSE,FALSE
976,Sand Lake,2269,2020,45,0.78197977981807,0.7778668547333333,0.004112944637296121,0,0.005259655995520767,0,0.005259630991601333,FALSE,TRUE
977,Sand Lake,2270,2020,45,0.2925860053212611,0.2900125654178985,0.0025734341337549553,0,0.008795479233291797,0,0.008795498952648011,FALSE,FALSE
978,Sand Lake,2271,2020,45,0.3086278327316474,0.2944705797120573,0.01415726840521051,0,0.045871651561381656,0,0.04587160170968719,FALSE,TRUE
979,Sand Lake,2272,2020,45,0.1469555895334829,0.14269966023528272,0.004269054514571808,1.3129062776727043e-5,0.029049963517033366,8.934034301387134e-5,0.028960649347948023,FALSE,TRUE
980,Sand Lake,2273,2020,45,0.2986972353030975,0.295349878177368,0.003347367062276038,0,0.011206555222646635,0,0.011206521956364306,FALSE,TRUE
981,Sand Lake,2274,2020,45,0.309968022842903,0.30627159676059723,0.003696412619887847,0,0.01192514178070959,0,0.011925185212344175,FALSE,FALSE
982,Sand Lake,2350,2020,45,0.34340686362632145,0.3419531071220472,0.0014537467279946237,0,0.004233307140816264,0,0.004233335609320169,FALSE,FALSE
983,Sand Lake,2351,2020,45,0.45600102903223316,0.4485883601884931,0.007412668843740089,0,0.016255816043818868,0,0.016255816043818868,FALSE,FALSE
984,Sand Lake,2352,2020,45,0.49346878941277794,0.4885538427056678,0.004914970426608304,0,0.0099600431315161,0,0.009959995064650092,FALSE,TRUE
985,Sand Lake,2353,2020,45,0.3091105924727798,0.3084383844586113,6.722080141684247e-4,0,0.002174652148899165,0,0.0021746521488992527,FALSE,FALSE
986,Sand Lake,2354,2020,45,0.4886627728983935,0.47863742056208475,0.01002535233630877,0,0.020515891310577322,0,0.020515891310577274,FALSE,FALSE
987,Sand Lake,2355,2020,45,0.10659803012205782,0.1042558053226897,0.0023422247993681047,0,0.021972496083522274,0,0.02197249608352239,FALSE,FALSE
988,Sand Lake,2356,2020,45,0.09773263048207288,0.09773263048207288,0,0,0,0,0,FALSE,FALSE
989,Sand Lake,2357,2020,45,0.07487762467136835,0.07365440630378917,0.0012232156430422346,0,0.016336197207254183,0,0.016336233593784402,FALSE,FALSE
990,Sand Lake,2358,2020,45,0.15591947765845388,0.15361664004741596,0.0023028376110379237,0,0.014769403063819622,0,0.014769403063819577,FALSE,FALSE
991,Sand Lake,2359,2020,45,0.09314287424861381,0.09172493546872729,0.0014179387798865207,0,0.015223266313446657,0,0.015223266313446691,FALSE,FALSE
992,Sand Lake,2435,2020,45,0.35978358470831723,0.3563857832617003,0.003397801446616959,0,0.00944401465500883,0,0.009444014655008789,FALSE,FALSE
993,Sand Lake,2436,2020,45,0.3832689342599689,0.3824575581803672,8.113760796017313e-4,0,0.002116988900152758,0,0.0021169889001526475,FALSE,FALSE
994,Sand Lake,2437,2020,45,0.45960380797145173,0.45813228620410773,0.0014715049393216801,0,0.0032016813477165154,0,0.0032017179619090556,FALSE,FALSE
995,Sand Lake,2438,2020,45,0.34315425225283297,0.33743260669473535,0.005721645558097645,0,0.016673683978952965,0,0.016673683978952893,FALSE,FALSE
996,Sand Lake,2439,2020,45,0.45662379791938296,0.45489338744541036,0.0017304104739726243,0,0.0037895757554846686,0,0.003789575755484613,FALSE,FALSE
997,Sand Lake,2440,2020,45,0.08413869118370661,0.0833982120430992,7.404791406074052e-4,0,0.008800697160723108,0,0.008800697160723082,FALSE,FALSE
998,Sand Lake,2441,2020,45,0.05176581234133499,0.0515583731494627,2.0743919187228728e-4,0,0.004007262370470851,0,0.0040072623704709535,FALSE,FALSE
999,Sand Lake,2442,2020,45,0.07889956432535442,0.07857133775593624,3.282265694181761e-4,0,0.004160055536741415,0,0.004160055536741467,FALSE,FALSE
1000,Sand Lake,2443,2020,45,0.11713722115279074,0.11498142904485216,0.0021557921079385805,0,0.018403988815191556,0,0.01840398881519154,FALSE,FALSE
1001,Sand Lake,2444,2020,45,0.15291617377703667,0.14972791422375234,0.0031908860069072,2.625812555345409e-6,0.020866896732321807,1.7171581595901307e-5,0.020849720958445225,FALSE,TRUE
1002,Sand Lake,2520,2020,45,0.46385073155315354,0.45889582326121675,0.0049549082919367864,0,0.010682118092917126,0,0.01068211809291713,FALSE,FALSE
1003,Sand Lake,2521,2020,45,0.2404934536871506,0.23745801437317132,0.0030354393139792927,0,0.012621712846820303,0,0.012621712846820284,FALSE,FALSE
1004,Sand Lake,2522,2020,45,0.41469002272204974,0.4083523779497965,0.006337661440008686,0,0.015282888646338543,0,0.0152828484530507,FALSE,TRUE
1005,Sand Lake,2523,2020,45,0.4261701982989834,0.4183965212572045,0.007773679606048979,0,0.01824078651458234,0,0.01824078049757295,FALSE,TRUE
1006,Sand Lake,2524,2020,45,0.33640905265216536,0.330028328142676,0.006380724509489343,0,0.018967160542159304,0,0.018967160542159307,FALSE,FALSE
1007,Sand Lake,2525,2020,45,0.09928738845600531,0.09513860461855955,0.004148783837445746,0,0.04178560743678026,0,0.04178560743678035,FALSE,FALSE
1008,Sand Lake,2526,2020,45,0.07755647146037553,0.07750395520926863,5.251625110690817e-5,0,6.77135642171902e-4,0,6.771356421718174e-4,FALSE,FALSE
1009,Sand Lake,2527,2020,45,0.09667635635336401,0.09636913628438859,3.072200689754128e-4,0,0.0031778201058021423,0,0.0031778201058022116,FALSE,FALSE
1010,Sand Lake,2528,2020,45,0.0369313227739622,0.036849922584746495,8.402600177105308e-5,2.625812555345409e-6,0.002275196106170727,7.109987831783522e-5,0.0022040962278528976,FALSE,TRUE
1011,Sand Lake,2529,2020,45,0.3110833777541071,0.297040921977171,0.014060853132578958,1.838068788741786e-5,0.045199628582190676,5.908604959904576e-5,0.045140488952887116,FALSE,TRUE
1012,Sand Lake,2604,2020,45,0.13707097459589246,0.1361466680622503,9.269280991252085e-4,2.625812555345409e-6,0.0067623951887549015,1.915659068658942e-5,0.0067432695825442104,FALSE,TRUE
1013,Sand Lake,2605,2020,45,0.16869412753977134,0.16697685638565574,0.001717265224241058,0,0.010179756991458967,0,0.010179792143094831,FALSE,FALSE
1014,Sand Lake,2606,2020,45,0.1148147104617483,0.1145693918723491,2.45322035137115e-4,0,0.0021366777318908674,0,0.0021366477205979175,FALSE,TRUE
1015,Sand Lake,2607,2020,45,0.5456303506831086,0.5380350237534873,0.007595354495524595,0,0.01392032991935932,0,0.013920279398153382,FALSE,TRUE
1016,Sand Lake,2608,2020,45,0.5230579223059724,0.5205620464437954,0.0024958731376400352,0,0.00477169550675504,0,0.004771700715617711,FALSE,FALSE
1017,Sand Lake,2609,2020,45,0.33435546209227934,0.33047976276058955,0.003878325144245169,2.625812555345409e-6,0.011599407169770665,7.853356242227938e-6,0.011591553813528358,FALSE,TRUE
1018,Sand Lake,2610,2020,45,0.22291999801889556,0.21632986495811743,0.006590126009035437,0,0.02956274029966945,0,0.02956277193318262,FALSE,FALSE
1019,Sand Lake,2611,2020,45,0.0773292361035352,0.07714805503721638,1.811810663188332e-4,0,0.0023429827507445177,0,0.0023429827507444496,FALSE,FALSE
1020,Sand Lake,2612,2020,45,0.07708757416326092,0.075506835004943,0.0015833649708732814,2.625812555345409e-6,0.020539820951168228,3.406272131205345e-5,0.020505758229856043,FALSE,TRUE
1021,Sand Lake,2613,2020,45,0.062017841023608036,0.060374082363961815,0.0016437586596462258,0,0.026504609520678155,0,0.02650460952067809,FALSE,FALSE
1022,Sand Lake,2614,2020,45,0.19588959637592168,0.1877873440239946,0.008112758166418543,1.0503250221381635e-5,0.04141495166925437,5.36182136044907e-5,0.04136132036526564,FALSE,TRUE
1023,Sand Lake,2696,2020,45,0.13103430333071542,0.13077054251094705,2.6375386819248484e-4,0,0.00201286122403231,0,0.002012914275605101,FALSE,FALSE
1024,Sand Lake,2697,2020,45,0.16988467710661315,0.16315617603266463,0.006739007529507463,1.0503250221381635e-5,0.03966813042990522,6.182576557384393e-5,0.039606285796605196,FALSE,TRUE
1025,Sand Lake,2698,2020,45,0.09039108423309358,0.08963222440459877,7.588598284948232e-4,0,0.008395295121562363,0,0.008395295121562273,FALSE,FALSE
1026,Sand Lake,2699,2020,45,0.049312164878729706,0.047993299237406,0.0013188644393221061,0,0.02674521474702046,0,0.02674523912237696,FALSE,FALSE
1027,Sand Lake,2781,2020,45,0.1056060986580352,0.1055284935885284,7.76017589940783e-5,0,7.348227041826609e-4,0,7.348540519246494e-4,FALSE,FALSE
1028,Sand Lake,2782,2020,45,0.10878024446883455,0.10829038682813852,4.898543151582876e-4,0,0.004503155122974838,0,0.0045031856941301325,FALSE,FALSE
1029,Sand Lake,2783,2020,45,0.1542369985206966,0.1499364509232161,0.004303176935907172,2.625812555345409e-6,0.027899770983482546,1.702453095255908e-5,0.027882723592442184,FALSE,TRUE
1030,Sand Lake,2784,2020,45,0.02382549997691201,0.023807119289024594,1.838068788741786e-5,0,7.714712348210775e-4,0,7.71471234820981e-4,FALSE,FALSE
1031,Tewaukon,1850,2020,45,0.268776429461506,0.2635826337695146,0.005204306955556814,1.0503250221381635e-5,0.01936295889480953,3.9078018271263274e-5,0.019323851062376222,FALSE,TRUE
1032,Tewaukon,1851,2020,45,0.2196321319588731,0.21747396020830626,0.002343303074934045,1.8512044625272966e-4,0.010669217905569649,8.428659531811772e-4,0.009826302423595152,FALSE,TRUE
1033,Tewaukon,1852,2020,45,0.555112857301921,0.5479182129569168,0.015165376566992298,0.007970706579287497,0.027319447509651148,0.014358713682166258,0.012960687633814003,FALSE,TRUE
1034,Tewaukon,1853,2020,45,0.3494147432671123,0.33660902468958337,0.015434096685082988,0.0026283849990298477,0.04417128064136749,0.0075222498468548084,0.036649050517423426,FALSE,TRUE
1035,Tewaukon,1854,2020,45,0.127332276882569,0.1186460581782455,0.00876758812229832,8.13733795717548e-5,0.0688559753815142,6.390632568896937e-4,0.06821694323690053,FALSE,TRUE
1036,Tewaukon,1934,2020,45,0.3348841325248091,0.32907487098683735,0.005809253204093971,0,0.017347054219308544,0,0.01734707910516294,FALSE,FALSE
1037,Tewaukon,1935,2020,45,0.25328438155489513,0.25046087403395706,0.0028261224353456267,2.625812555345409e-6,0.011157902504671857,1.0367052793487419e-5,0.01114757847919701,FALSE,TRUE
1038,Tewaukon,1936,2020,45,0.3221579268337217,0.3177423973661419,0.004952493711128752,5.369793487023744e-4,0.01537287553282812,0.0016668202268992451,0.013706102193346958,FALSE,TRUE
1039,Tewaukon,1937,2020,45,0.7015842100747091,0.6909284986118327,0.01118219585516839,5.264747362125162e-4,0.015938494188712772,7.504084736406109e-4,0.015188071951821256,FALSE,TRUE
1040,Tewaukon,1938,2020,45,0.11840529373249697,0.11164136470321191,0.006763929029285064,0,0.057125224861704536,0,0.057125224861704516,FALSE,FALSE
1041,Tewaukon,1939,2020,45,0.05366569029593033,0.05239316101483621,0.001466838929389043,1.9431012909556025e-4,0.027332899685076423,0.00362075150853497,0.023712157135722566,FALSE,TRUE
1042,Tewaukon,2020,2020,45,0.29929977722790696,0.287116068513586,0.012183694610835526,0,0.040707329366162684,0,0.040707376487766164,FALSE,FALSE
1043,Tewaukon,2021,2020,45,0.2717368484902127,0.2687551562769756,0.0029843196284612076,2.625812555345409e-6,0.010982388457959524,9.663071349854065e-6,0.010972719488739005,FALSE,TRUE
1044,Tewaukon,2022,2020,45,0.2687452069090901,0.26398030077252527,0.004854186968784175,8.92776268817439e-5,0.01806241318538651,3.322017456926937e-4,0.01773019951264351,FALSE,TRUE
1045,Tewaukon,2023,2020,45,0.09953926131971258,0.09618910401106273,0.0034236771753956906,7.352275154967145e-5,0.03439524394699995,7.386306727103582e-4,0.033656642255857176,FALSE,TRUE
1046,Tewaukon,2024,2020,45,0.028061933129742776,0.027016585355817434,0.001192391514089013,1.470455030993429e-4,0.0424914245421389,0.005240034691105786,0.037251452674063316,FALSE,TRUE
1047,Tewaukon,2105,2020,45,0.34645471400745687,0.3389545522688062,0.007500188663486394,0,0.021648395476370874,0,0.021648317761060156,FALSE,TRUE
1048,Tewaukon,2106,2020,45,0.36356934995998647,0.35940784734297576,0.004200904549893804,3.938718833018113e-5,0.011554616884938583,1.0833473265696348e-4,0.01144624159728731,FALSE,TRUE
1049,Tewaukon,2107,2020,45,0.2784718115247466,0.27742411231516373,0.001060828272359545,1.3129062776727043e-5,0.0038094637534444803,4.7146828631738616e-5,0.003762316924812907,FALSE,TRUE
1050,Tewaukon,2108,2020,45,0.33194529439304166,0.32845027633939516,0.003736531266256517,2.415007919268428e-4,0.011256467042524953,7.275319036181078e-4,0.010528897721044954,FALSE,TRUE
1051,Tewaukon,2109,2020,45,0.1610270625905716,0.15481709795382204,0.006322956633271744,1.1298390304478738e-4,0.03926642224946084,7.016454329298731e-4,0.038564726554933496,FALSE,TRUE
1052,Tewaukon,2110,2020,45,0.03220075221368259,0.03145764726051984,7.457307657180961e-4,2.625812555345409e-6,0.023158799545099563,8.15450688207731e-5,0.023077254476278813,FALSE,TRUE
1053,Valley City,1338,2020,45,0.5260692369670995,0.522127892321526,0.003959725333460876,1.838068788741786e-5,0.0075270041568853766,3.493967446830082e-5,0.007492064482417149,FALSE,TRUE
1054,Valley City,1339,2020,45,0.33953953407215176,0.3267334462397322,0.012832345957973012,2.6258125553454086e-5,0.03779337800247483,7.733451606808845e-5,0.0377160434864067,FALSE,TRUE
1055,Valley City,1340,2020,45,0.20197643502081825,0.19628621715674238,0.005690219787278411,0,0.028172691466169828,0,0.02817268194425433,FALSE,TRUE
1056,Valley City,1341,2020,45,0.1573263798199437,0.1532432412963816,0.004711079863984092,6.279412602885411e-4,0.02994462765478879,0.0039913284790967975,0.025953298666346856,FALSE,TRUE
1057,Valley City,1342,2020,45,0.0480645192744296,0.04513665621857711,0.0029331166041657313,5.251625110690818e-6,0.061024569650198375,1.0926199179702794e-4,0.0609152676454649,FALSE,TRUE
1058,Valley City,1343,2020,45,0.037366561462091,0.03735268876099294,2.685770198005685e-4,2.5470381786850464e-4,0.007187630043857377,0.006816356868343531,3.712597722467385e-4,FALSE,TRUE
1059,Valley City,1423,2020,45,0.2575046367278317,0.25306321838958906,0.0044466635526781454,5.251625110690818e-6,0.017268285376072764,2.0394293389914754e-5,0.017247915978060493,FALSE,TRUE
1060,Valley City,1424,2020,45,0.31387623711912577,0.30838430913129966,0.005491924782488508,0,0.01749710278450978,0,0.0174971129966164,FALSE,FALSE
1061,Valley City,1425,2020,45,0.10737163963201586,0.10547978271421067,0.0018944860959650067,2.625812555345409e-6,0.01764419452341224,2.4455364231603383e-5,0.017619707813804123,FALSE,TRUE
1062,Valley City,1426,2020,45,0.10236407148984805,0.1012888012484341,0.0012061894506877452,1.3091855818960204e-4,0.011783328204245656,0.0012789502828889127,0.01050437156088098,FALSE,TRUE
1063,Valley City,1427,2020,45,0.029083640897859794,0.02861230754417529,4.844617353269896e-4,1.3129062776727043e-5,0.016657533939041316,4.514243186688907e-4,0.01620613304021324,FALSE,TRUE
1064,Valley City,1428,2020,45,0.04004902900044208,0.039726833594236954,3.694584695992584e-4,4.726462599621736e-5,0.009225154237701497,0.0011801690871380585,0.008045024167791083,FALSE,TRUE
1065,Valley City,1508,2020,45,0.22678763528547405,0.22332435263825817,0.0034632749544056644,0,0.015271004303414465,0,0.01527103822418004,FALSE,FALSE
1066,Valley City,1509,2020,45,0.3986114749642098,0.3855429699895404,0.01307374890696986,5.251625110690818e-6,0.03279822515933269,1.317479661407727e-5,0.032785069661737075,FALSE,TRUE
1067,Valley City,1510,2020,45,0.12646455866091058,0.12246282032656418,0.0040122415845677845,1.0503250221381635e-5,0.0317262134708097,8.3052914845051565e-05,0.031643160555964646,FALSE,TRUE
1068,Valley City,1511,2020,45,0.048731208979399684,0.04851326653730601,2.363231299810868e-4,1.838068788741786e-5,0.004849523230195017,3.771851401262791e-4,0.00447233809006882,FALSE,TRUE
1069,Valley City,1512,2020,45,0.04141594393440451,0.041077214114764955,3.544846949716302e-4,1.5754875332072452e-5,0.008559135958196943,3.804060425865308e-4,0.00817872991561031,FALSE,TRUE
1070,Valley City,1513,2020,45,0.008317372173737264,0.007807964538000255,5.094076357370093e-4,0,0.06124622357834397,0,0.06124622357834393,FALSE,FALSE
1071,Valley City,1514,2020,45,0.055826769928760636,0.05317378123917543,0.0026529885293183246,0,0.04752179881988063,0,0.04752180169066966,FALSE,FALSE
1072,Valley City,1593,2020,45,0.2602786846075906,0.25788903106894157,0.0023896610711923723,0,0.00918116316284273,0,0.009181134222542367,FALSE,TRUE
1073,Valley City,1594,2020,45,0.29644137511980756,0.2905665503245946,0.005877445479228189,2.625812555345409e-6,0.019826670541022835,8.85778024165547e-6,0.019817830061133086,FALSE,TRUE
1074,Valley City,1595,2020,45,0.11279235271135851,0.11055893501975253,0.002233418172406618,0,0.019801148914076215,0,0.019801144651370242,FALSE,TRUE
1075,Valley City,1596,2020,45,0.058001881247433565,0.05749389421731732,5.184916025393845e-4,1.0503250221381635e-5,0.008939220442308092,1.8108464752333145e-4,0.008758112998942105,FALSE,TRUE
1076,Valley City,1597,2020,45,0.06376610394583292,0.06011885030645815,0.0038625702689130963,2.1531662953832353e-4,0.06057403588894525,0.0033766627755904216,0.057197373113354696,FALSE,TRUE
1077,Valley City,1598,2020,45,0.0070732005143193406,0.006582173566469749,5.881820123973716e-4,9.715506454778013e-5,0.0831564171278089,0.013735658186289863,0.06942075894151907,FALSE,TRUE
1078,Valley City,1599,2020,45,0.06552959350375473,0.06490465011558251,6.380724509489343e-4,1.3129062776727043e-5,0.009737164795816624,2.003531850991075e-4,0.009536811610717701,FALSE,TRUE
1079,Valley City,1678,2020,45,0.3005587722915527,0.2969929188413936,0.0035684792627144104,2.625812555345409e-6,0.011872816872078711,8.736436256128559e-6,0.011864080435822648,FALSE,TRUE
1080,Valley City,1679,2020,45,0.3364716208419607,0.3319690908193245,0.004505157437860326,2.625812555345409e-6,0.013389412832461076,7.803964413922272e-6,0.013381604104885252,FALSE,TRUE
1081,Valley City,1680,2020,45,0.13970620315094806,0.13865955016355527,0.0010466541893943946,0,0.007491823310547767,0,0.0074918147067665475,FALSE,TRUE
1082,Valley City,1681,2020,45,0.09223664069045023,0.0908147324204898,0.001536788210324302,1.1487962984680081e-4,0.016661363627517866,0.001245488007660007,0.015415872253331603,FALSE,TRUE
1083,Valley City,1682,2020,45,0.03701386662763073,0.03407689528447689,0.0030479109620159058,1.1094024991290434e-4,0.08234511116276218,0.002997261837813178,0.0793478663739876,FALSE,TRUE
1084,Valley City,1683,2020,45,0.015876688417647774,0.015354151719134037,5.251625110690817e-4,2.625812555345409e-6,0.03307758502619072,1.6538792513095364e-4,0.03291219710105981,FALSE,TRUE
1085,Valley City,1684,2020,45,0.06199006485017103,0.06176424497041132,3.702395703037026e-4,1.4441969054399749e-4,0.005972563042135309,0.002329723172464128,0.0036428398696712865,FALSE,TRUE
1086,Valley City,1763,2020,45,0.21082806965904818,0.20865348658001043,0.0021745765080957075,0,0.010314454387465765,0,0.01031448555476744,FALSE,FALSE
1087,Valley City,1764,2020,45,0.3494952408332621,0.3391559192691443,0.010339329256928065,0,0.02958360529395813,0,0.029583583282756416,FALSE,TRUE
1088,Valley City,1765,2020,45,0.20031169037488983,0.1973480095946496,0.0029663005026541642,2.625812555345409e-6,0.014808424296668041,1.3108633602118357e-5,0.014795346066390859,FALSE,TRUE
1089,Valley City,1766,2020,45,0.21774638826092332,0.2108745957752632,0.007092346636823722,2.2056825464901434e-4,0.03257159254611853,0.0010129594176538515,0.031558697898702734,FALSE,TRUE
1090,Valley City,1767,2020,45,0.10203888101619699,0.09965464321594336,0.0025837995544598824,1.9956175420625106e-4,0.025321715886415366,0.0019557422839101297,0.02336597360250517,FALSE,TRUE
1091,Valley City,1768,2020,45,0.04447871067455794,0.043233644725951856,0.001252941543203006,7.877437666036226e-6,0.028169466340212404,1.7710580065312374e-4,0.027992401976666793,FALSE,TRUE
1092,Valley City,1769,2020,45,0.06965488349878633,0.06901421087798279,6.643305765023884e-4,2.365912264206155e-5,0.00953745872698163,3.3966208044083207e-4,0.009197813399755459,FALSE,TRUE
1093,Waubay,2190,2020,45,0.23406447987195678,0.22906930228278452,0.004995176307037242,0,0.021341026668248917,0,0.021341032145948974,FALSE,FALSE
1094,Waubay,2191,2020,45,0.5397204261591285,0.5262333092234873,0.013602679612912068,1.1553575243519798e-4,0.025203195865152454,2.140659253113648e-4,0.024989080053206512,FALSE,TRUE
1095,Waubay,2192,2020,45,0.32771465905484726,0.3236755028915872,0.004136310907274096,9.715506454778013e-5,0.012621684117529302,2.964623701240047e-4,0.012325222725493204,FALSE,TRUE
1096,Waubay,2193,2020,45,0.2640689834887499,0.26063602077088405,0.0034329704106761017,0,0.013000278810943186,0,0.013000249679122637,FALSE,TRUE
1097,Waubay,2194,2020,45,0.22111885471921333,0.22033404447757388,7.847995037585146e-4,0,0.003549220190901804,0,0.0035492687524817487,FALSE,FALSE
1098,Waubay,2195,2020,45,0.2634478967627684,0.26010349367616364,0.003417928722958244,7.352275154967145e-5,0.012973831884625165,2.790789087827783e-4,0.012694742025655147,FALSE,TRUE
1099,Waubay,2275,2020,45,0.18998244126362102,0.17908964764682175,0.010908540799321095,1.5754875332072452e-5,0.05741867894088341,8.292806023168675e-5,0.05733579137286873,FALSE,TRUE
1100,Waubay,2276,2020,45,0.7077588903552461,0.7026063076118773,0.0052969719832057565,1.4441969054399749e-4,0.007484147575379862,2.0405210377718997e-4,0.007280138495727813,FALSE,TRUE
1101,Waubay,2277,2020,45,0.758326788546088,0.7411517589047855,0.017366669083116473,1.9168431654021485e-4,0.022901299737034145,2.52772708857779e-4,0.022648586204150358,FALSE,TRUE
1102,Waubay,2278,2020,45,0.19060176377179192,0.18782730560882127,0.002798082783158553,2.363231299810868e-5,0.014680256508584602,1.2398790299970004e-4,0.014556308966230301,FALSE,TRUE
1103,Waubay,2279,2020,45,0.24043012647341347,0.23847621421982768,0.0020221941179057274,6.827112643898063e-5,0.008410735158554849,2.839541260505471e-4,0.008126736371375053,FALSE,TRUE
1104,Waubay,2360,2020,45,0.24960089990792086,0.24338882231263068,0.006244182256611382,3.21035219238682e-5,0.025016665640688378,1.2861941577819376e-4,0.02488804166003351,FALSE,TRUE
1105,Waubay,2361,2020,45,0.607562888698449,0.6042965009645628,0.003337280505941613,7.089693899432604e-5,0.00549289722598248,1.1669070035894546e-4,0.005376213384072268,FALSE,TRUE
1106,Waubay,2362,2020,45,0.6843626953455126,0.6763794456391602,0.008075168531409941,9.19034394370893e-5,0.011799545162719673,1.3429054514827143e-4,0.011665232135895369,FALSE,TRUE
1107,Waubay,2363,2020,45,0.4702839723137498,0.46140175106208214,0.008947858872741032,6.564531388363521e-5,0.019026501857417055,1.3958654291505382e-4,0.01888693167230008,FALSE,TRUE
1108,Waubay,2364,2020,45,0.23459438115412184,0.23063229669219326,0.00399623605183602,3.413556321949032e-5,0.017034662263332754,1.4550886961382174e-4,0.016889085077129815,FALSE,TRUE
1109,Waubay,2445,2020,45,0.31633393612844735,0.31442437549005414,0.0019168431654021485,7.283667032355428e-6,0.006059555888508322,2.3025247058532145e-5,0.006036534245310397,FALSE,TRUE
1110,Waubay,2446,2020,45,0.48964897065453156,0.4863174709749371,0.0033315000001282466,0,0.006803853780545908,0,0.006803853125926345,FALSE,TRUE
1111,Waubay,2447,2020,45,0.6307924266675604,0.6198076680688422,0.011003127747390186,1.838068788741786e-5,0.01744334155297182,2.913904338471843e-5,0.017414220802792462,FALSE,TRUE
1112,Waubay,2448,2020,45,0.6482818973623655,0.6346372316734037,0.013670890479004319,2.6258125553454086e-5,0.021087879415770262,4.05041782907857e-5,0.021047426658799592,FALSE,TRUE
1113,Waubay,2449,2020,45,0.16384226187647127,0.15874792909209384,0.0051205851403232396,2.6258125553454086e-5,0.031253139951057926,1.6026466708114282e-4,0.03109291049838105,FALSE,TRUE
1114,Waubay,2450,2020,45,0.27400538642474637,0.2700929257172817,0.003936093020462768,2.363231299810868e-5,0.014365020599855206,8.624762201380711e-5,0.014278772977841362,FALSE,TRUE
1115,Waubay,2530,2020,45,0.3206554902263706,0.3156877605840659,0.004980861269351484,1.3129062776727043e-5,0.015533372797812337,4.094445028045029e-5,0.015492420350568947,FALSE,TRUE
1116,Waubay,2531,2020,45,0.38837991428566404,0.3842423311798997,0.004142837936212633,5.251625110690818e-6,0.010666972682746571,1.3521876177221935e-5,0.010653442553471075,FALSE,TRUE
1117,Waubay,2532,2020,45,0.4695909219124233,0.4658168087039684,0.0037846068426635035,1.0503250221381635e-5,0.008059369689794208,2.2366808494948815e-5,0.008037023358724008,FALSE,TRUE
1118,Waubay,2533,2020,45,0.45152885996726816,0.4432195171641988,0.008309345367339443,0,0.01840268940492928,0,0.018402683725845873,FALSE,TRUE
1119,Waubay,2534,2020,45,0.3453832593999124,0.33860864249296063,0.006787725455567882,1.3129062776727043e-5,0.019652734377923368,3.801302587606067e-5,0.019614780747400248,FALSE,TRUE
1120,Waubay,2535,2020,45,0.14467334813967597,0.14203251921877968,0.002664466041900787,2.363231299810868e-5,0.01841711743152829,1.633494579477948e-4,0.018253734740048176,FALSE,TRUE
1121,Waubay,2615,2020,45,0.47235401523042786,0.4651773002617783,0.007216112414060073,3.938718833018113e-5,0.01527691557896432,8.338489154361676e-5,0.015193508972605156,FALSE,TRUE
1122,Waubay,2616,2020,45,0.4179040172897925,0.4146742678467177,0.0032402526932962345,1.0503250221381635e-5,0.007753581107714753,2.513316404445625e-5,0.007728447943670178,FALSE,TRUE
1123,Waubay,2617,2020,45,0.37268268374484564,0.3677503000012352,0.004966504562277031,3.413556321949032e-5,0.013326362556939487,9.159417571131631e-5,0.013234807944517634,FALSE,TRUE
1124,Waubay,2618,2020,45,0.28456989192964566,0.27279211742505266,0.01177778732594337,0,0.041388030357249445,0,0.041387985302060074,FALSE,TRUE
1125,Waubay,2619,2020,45,0.5493528912918437,0.5288079184340035,0.02055547995446663,1.0503250221381635e-5,0.03741762404513592,1.9119313628590303e-5,0.03739849772980564,FALSE,TRUE
1126,Waubay,2620,2020,45,0.1491495995225981,0.14785338151456426,0.0013251030680108058,2.8883938108799495e-5,0.008884389044638605,1.9365749691083284e-4,0.008690724025963244,FALSE,TRUE
1127,Waubay,2700,2020,45,0.39082803318199066,0.37548397442986625,0.01539397355124169,4.9890438551562766e-5,0.03938809973764964,1.2765317304741822e-4,0.03926038423395128,FALSE,TRUE
1128,Waubay,2701,2020,45,0.2741416414793761,0.2711174028970782,0.00302949341274618,5.251625110690818e-6,0.011050832687795413,1.9156612189053016e-5,0.011031664383338148,FALSE,TRUE
1129,Waubay,2702,2020,45,0.39425845214394356,0.3903172305833336,0.004025252690921127,8.402600177105308e-5,0.010209680145174184,2.131241608496328e-4,0.009996542976258132,FALSE,TRUE
1130,Waubay,2703,2020,45,0.2158560699051623,0.2062741311499769,0.009581949012265698,0,0.04439045432669828,0,0.044390406808552024,FALSE,TRUE
1131,Waubay,2785,2020,45,0.32452308646462785,0.32183425440795416,0.002709838557116462,2.100650044276327e-5,0.008350218120496728,6.473037302710642e-5,0.008285487747469612,FALSE,TRUE
1132,Waubay,2786,2020,45,0.31298501992651306,0.3100146515299209,0.002991387077317752,2.100650044276327e-5,0.009557604635583233,6.711663212410443e-5,0.009490449086954938,FALSE,TRUE
1133,Windom,2876,2020,45,0.26725390949093863,0.26475493599051275,0.002617142117159118,1.181615649905434e-4,0.009792717802123877,4.421322225580005e-4,0.009350559193636835,FALSE,TRUE
1134,Windom,2877,2020,45,0.1534295509028476,0.1515355399981806,0.001917636165922403,2.363231299810868e-5,0.012498479951470758,1.540271274930133e-4,0.012344498784763486,FALSE,TRUE
1135,Windom,2878,2020,45,0.06929008018103862,0.0691731597227637,1.300480686330616e-4,1.3129062776727043e-5,0.00187686416718348,1.8947968803649675e-4,0.0016874054405686778,FALSE,TRUE
1136,Windom,2879,2020,45,0.09795748619628492,0.09758462081342587,3.859944456357751e-4,1.3129062776727043e-5,0.003940428247232973,1.340281716745909e-4,0.003806400075558402,FALSE,TRUE
1137,Windom,2881,2020,45,0.12665629426285227,0.12451625703024576,0.0022188116092668702,7.877437666036226e-5,0.017518368290975948,6.219539038216313e-4,0.016896414387154373,FALSE,TRUE
1138,Windom,2961,2020,45,0.24387322318661014,0.23966141984783612,0.004211803338774036,0,0.017270462430191414,0,0.01727046243019136,FALSE,FALSE
1139,Windom,2962,2020,45,0.21887150791256765,0.2168732645579498,0.001998243354617856,0,0.009129755506669657,0,0.00912975550666961,FALSE,FALSE
1140,Windom,2963,2020,45,0.16073592562349767,0.1577818864987341,0.0029540391247635848,0,0.018378213291800272,0,0.01837821329180024,FALSE,FALSE
1141,Windom,2964,2020,45,0.10472684122104567,0.102282763614355,0.002444068952279184,0,0.02333756011145717,0,0.023337642749407365,FALSE,FALSE
1142,Windom,2965,2020,45,0.06946690711677252,0.06922745044876151,3.733712251977815e-4,1.3391644032261584e-4,0.005374807094407582,0.0019277731783495832,0.0034470610244455627,FALSE,TRUE
1143,Windom,2966,2020,45,0.02825858700168559,0.028174560999914538,1.1290993987985257e-4,2.8883938108799495e-5,0.003995597510700646,0.0010221295957606304,0.0029734679149400122,FALSE,TRUE
1144,Windom,2967,2020,45,0.020709809266709976,0.020631034890049613,7.877437666036226e-5,0,0.003803722943358454,0,0.0038037229433584814,FALSE,FALSE
1145,Windom,2968,2020,45,0.12302063112421008,0.12220400341949765,8.166277047124221e-4,0,0.006638136199186774,0,0.006638136199186819,FALSE,FALSE
1146,Windom,3046,2020,45,0.24420481407836486,0.23834662626738926,0.005858187810975607,0,0.02398883016735176,0,0.02398883016735176,FALSE,FALSE
1147,Windom,3047,2020,45,0.17886764340093153,0.1764200783869408,0.002447565655058269,0,0.013683669156260165,0,0.013683665572227197,FALSE,TRUE
1148,Windom,3048,2020,45,0.20927044995971364,0.20555890494105408,0.0037115485445309094,0,0.017735655202372882,0,0.01773563835397717,FALSE,TRUE
1149,Windom,3049,2020,45,0.1260415771837335,0.12246681033079866,0.003606282693740397,3.1509750664144904e-5,0.028611849949191304,2.4999489349623476e-4,0.028361806737183345,FALSE,TRUE
1150,Windom,3050,2020,45,0.08855199999340266,0.08642968699554474,0.0022719923268565948,1.496713156546883e-4,0.025657154293814526,0.001690208190281859,0.023966855610444034,FALSE,TRUE
1151,Windom,3051,2020,45,0.13167570933276002,0.12954617535037488,0.002216185796711525,8.665181432639849e-5,0.016830634958730033,6.580698502820984e-4,0.016172565108447993,FALSE,TRUE
1152,Windom,3052,2020,45,0.14548643715168685,0.14286587622145214,0.0026231867427900634,2.625812555345409e-6,0.018030455581609168,1.804850408569486e-5,0.01801240707752346,FALSE,TRUE
1153,Windom,3053,2020,45,0.15567314361810553,0.15504557441737798,6.275692007275527e-4,0,0.0040313260601140925,0,0.004031326060114013,FALSE,FALSE
1154,Windom,3054,2020,45,0.11670378771079375,0.11536987493267828,0.0013339127781154677,0,0.011429901327804944,0,0.011429901327804942,FALSE,FALSE
1155,Windom,3055,2020,45,0.16762196519368658,0.16653119650394793,0.001090772776544089,0,0.006507337957073258,0,0.006507313575987895,FALSE,TRUE
1156,Windom,3056,2020,45,0.15265270015551655,0.15093648548067123,0.0017162209252535926,0,0.011242650300356132,0,0.011242609355071351,FALSE,TRUE
1157,Windom,3131,2020,45,0.11626052798587479,0.11426753625636762,0.001992991729507165,0,0.017142462399184235,0,0.017142462399184214,FALSE,FALSE
1158,Windom,3132,2020,45,0.16956801026668666,0.1652275421127007,0.004345719779096651,5.251625110690818e-6,0.025628181708695862,3.097061233679258e-5,0.025597211096359165,FALSE,TRUE
1159,Windom,3133,2020,45,0.0780916602674323,0.07777393694823552,3.2034913175213984e-4,2.625812555345409e-6,0.004102219502762188,3.3624750022640886e-5,0.0040685947527394385,FALSE,TRUE
1160,Windom,3134,2020,45,0.19315610499164654,0.19044889224708542,0.0027072127445611164,0,0.014015672684423802,0,0.014015672684423828,FALSE,FALSE
1161,Windom,3135,2020,45,0.08551779665759884,0.0835753005343806,0.0020107645251202654,6.827112643898063e-5,0.023512819596733556,7.983265367830811e-4,0.02271452491924836,FALSE,TRUE
1162,Windom,3136,2020,45,0.11649452275862907,0.11219419055983477,0.004300336045199405,0,0.03691449128565032,0,0.036914458267745066,FALSE,TRUE
1163,Windom,3137,2020,45,0.06946742509932738,0.066674575991389,0.002792846864202063,0,0.04020369058171849,0,0.040203722880832994,FALSE,FALSE
1164,Windom,3138,2020,45,0.0926877983671958,0.0903658005301681,0.002322001202632181,0,0.025051854111727258,0,0.02505181780053488,FALSE,TRUE
1165,Windom,3139,2020,45,0.10717316512832081,0.10154300246936819,0.005630169069627807,0,0.05253338429341599,0,0.05253332447736804,FALSE,TRUE
1166,Windom,3140,2020,45,0.10743162303757704,0.10414410571828459,0.0032875173192924516,0,0.03060102068962093,0,0.03060102068962098,FALSE,FALSE
1167,Windom,3141,2020,45,0.16420891146867198,0.16118348306505995,0.003025422954538132,0,0.018424231227641544,0,0.01842426441143071,FALSE,FALSE
1168,Windom,3142,2020,45,0.10463239402569559,0.10285423684295292,0.001778155419806999,0,0.016994310761639653,0,0.01699432761049118,FALSE,FALSE
1171,Windom,3218,2020,45,0.04679690313479646,0.04555226798356273,0.0012446351512337237,0,0.026596528143082585,0,0.026596528143082672,FALSE,FALSE
1172,Windom,3219,2020,45,0.09346393111890626,0.09016065892428174,0.0033400335703993598,3.676137577483572e-5,0.0357360698444207,3.93321523444882e-4,0.03534274832097579,FALSE,TRUE
1173,Windom,3220,2020,45,0.1913199235056789,0.18437233119664379,0.00697123295591097,2.363231299810868e-5,0.0364375692200402,1.2352248822327806e-4,0.03631400317191159,FALSE,TRUE
1174,Windom,3221,2020,45,0.20523455554798717,0.1958814932824892,0.009360933933556363,7.877437666036226e-6,0.045610905573684565,3.8382608839934624e-5,0.04557255107710691,FALSE,TRUE
1175,Windom,3222,2020,45,0.07959315835193649,0.07886580827410582,7.273500778306782e-4,0,0.009138349236181327,0,0.009138349236181275,FALSE,FALSE
1176,Windom,3223,2020,45,0.0813394775574456,0.07887383956797626,0.0024656379894693386,0,0.03031293122983233,0,0.030312931229832255,FALSE,FALSE
1177,Windom,3224,2020,45,0.05110366139439514,0.04914162553321623,0.001962034899577636,0,0.038393235358138635,0,0.038393254174819313,FALSE,FALSE
1178,Windom,3225,2020,45,0.09166284936170578,0.09021651898356459,0.0014463390325526913,0,0.015778901077418743,0,0.015778806661725178,FALSE,TRUE
1179,Windom,3226,2020,45,0.11370541748499811,0.1109693208023282,0.0027360966826699158,0,0.024063028333992147,0,0.024063028333992133,FALSE,FALSE
1180,Windom,3227,2020,45,0.1007887583270058,0.09797222562066785,0.0028165295010003657,0,0.02794487746205017,0,0.027944909264580972,FALSE,FALSE
1181,Windom,3228,2020,45,0.008099307928815101,0.007931255925272995,1.6805200354210617e-4,0,0.020748933738427643,0,0.02074893373842762,FALSE,FALSE
1184,Windom,3303,2020,45,0.02941769861742529,0.029036955796900205,3.807428205250843e-4,0,0.012942644680558219,0,0.012942644680558252,FALSE,FALSE
1185,Windom,3304,2020,45,0.04971597587283671,0.04845522684846061,0.0012633752375986417,2.625812555345409e-6,0.025411856358408754,5.281627302382035e-5,0.025359032026261233,FALSE,TRUE
1186,Windom,3305,2020,45,0.0731606971294426,0.07193697103638885,0.0012394802471848707,1.5754875332072452e-5,0.016941886775516488,2.1534616194536095e-4,0.016726550471336067,FALSE,TRUE
1187,Windom,3306,2020,45,0.17489913800673873,0.17290323326642798,0.0020825595997078622,8.665181432639849e-5,0.011907203336974839,4.954387729633056e-4,0.011411747153572873,FALSE,TRUE
1188,Windom,3307,2020,45,0.05742592054620687,0.05625193616404041,0.001237006768298584,6.301950132828981e-5,0.021540913171835804,0.0010974051565717986,0.0204434577800426,FALSE,TRUE
1189,Windom,3308,2020,45,0.11339480232244528,0.11187445685290029,0.0015203454695449916,0,0.013407541072489313,0,0.01340754107248932,FALSE,FALSE
1190,Windom,3309,2020,45,0.08875234128571129,0.08797485459940198,7.774895711131374e-4,0,0.00876021477123905,0,0.008760182267264657,FALSE,TRUE
1191,Windom,3310,2020,45,0.09162059019089319,0.0882275480295328,0.0033930421613603953,0,0.0370336204371848,0,0.03703362043718481,FALSE,FALSE
1192,Windom,3311,2020,45,0.08959404755174331,0.0879739314621755,0.0016201178525034985,0,0.018082873770914644,0,0.01808285409398598,FALSE,TRUE
1193,Windom,3312,2020,45,0.03944521776194623,0.03934543688484311,9.978087710312553e-5,0,0.0025296064457118192,0,0.002529606445711679,FALSE,FALSE
1198,Windom,3388,2020,45,0.013020806987030738,0.011525168259644685,0.0014956388876529328,0,0.11486529898973627,0,0.114865286681215,FALSE,TRUE
1199,Windom,3389,2020,45,0.10463835338934659,0.10264806952903713,0.001992901178720192,2.625812555345409e-6,0.019045609130572315,2.5094169301146013e-5,0.019020596137477946,FALSE,TRUE
1200,Windom,3390,2020,45,0.06499495857903384,0.06329036004762187,0.001743986200542793,3.938718833018113e-5,0.026832638079492065,6.060037453872106e-4,0.026226626936598177,FALSE,TRUE
1201,Windom,3391,2020,45,0.211712947976039,0.20910044911091563,0.002633510654373174,2.100650044276327e-5,0.012439062794927527,9.922161418838077e-5,0.012339816199711388,FALSE,TRUE
1202,Windom,3392,2020,45,0.09754150004786856,0.09395443495566085,0.0036001967192545153,1.3129062776727043e-5,0.03690938439010796,1.34599762873074e-4,0.0367747583382187,FALSE,TRUE
1203,Windom,3393,2020,45,0.057324442122315036,0.05595376796842473,0.0013706741538903034,0,0.023910815406901844,0,0.023910815406901882,FALSE,FALSE
1204,Windom,3394,2020,45,0.17749395366543472,0.17595284786537402,0.001543728727812204,2.625812555345409e-6,0.00869735952088846,1.4793814105323867e-5,0.008682581959752779,FALSE,TRUE
1205,Windom,3395,2020,45,0.04521519468239071,0.04391804328005008,0.001297151402340632,0,0.028688395824729564,0,0.02868839582472951,FALSE,FALSE
1206,Windom,3396,2020,45,0.05416083546151809,0.052341147360663726,0.0018196881008543683,0,0.03359785877282632,0,0.03359785877282628,FALSE,FALSE
1207,Windom,3397,2020,45,0.03423881098973292,0.032130283507790555,0.0021085274819423634,0,0.06158296450699297,0,0.06158296450699307,FALSE,FALSE
1208,Windom,3398,2020,45,0.0922545392955638,0.09028647227117184,0.0019680692681282867,0,0.02133303448433051,0,0.02133301016318231,FALSE,TRUE
1209,Windom,3399,2020,45,0.06390124097871057,0.06190171036051577,0.0019995335029986258,0,0.03129099642469844,0,0.0312909512799754,FALSE,TRUE
1,Arrowwood,1161,2030,45,0.3626160979457537,0.35866556295623653,0.003950520244964244,0,0.010894497699755265,0,0.010894538361361398,FALSE,FALSE
2,Arrowwood,1162,2030,45,0.22208310232352158,0.209586450089421,0.012496650951965536,0,0.05627015662704912,0,0.05627016240027104,FALSE,FALSE
3,Arrowwood,1163,2030,45,0.27103985937005315,0.2669080612575748,0.004131787534864302,0,0.015244206311453014,0,0.015244245337499025,FALSE,FALSE
4,Arrowwood,1164,2030,45,0.29776632320974583,0.2871938171822169,0.010572508591798944,0,0.03550605883779442,0,0.03550605022610854,FALSE,TRUE
5,Arrowwood,1246,2030,45,0.41958634257134536,0.41597831200701607,0.0036159057582590224,7.877437666036226e-6,0.008617787071189485,1.877429474410685e-5,0.008599018123941414,FALSE,TRUE
6,Arrowwood,1247,2030,45,0.18458395527727614,0.18181222549766377,0.0027953537587327463,2.363231299810868e-5,0.015144077688299912,1.280301582150462e-4,0.015016092679608966,FALSE,TRUE
7,Arrowwood,1248,2030,45,0.056639628156464894,0.05578793662276635,0.0010144903895946073,1.6280037843141535e-4,0.01791131796967513,0.002874319336660991,0.015037025514111405,FALSE,TRUE
8,Arrowwood,1249,2030,45,0.14005962110956907,0.13895996978829553,0.0010996598154181575,0,0.00785136934333051,0,0.00785130869669626,FALSE,TRUE
9,Arrowwood,1250,2030,45,0.18824378409709175,0.1878472864012346,3.964976958571567e-4,0,0.0021062990088036716,0,0.0021062990088036113,FALSE,FALSE
10,Arrowwood,1251,2030,45,0.4762111697609456,0.47356697651771273,0.0026704513687862805,2.6258125553454086e-5,0.005607704183265645,5.513966748540457e-5,0.005552564515780268,FALSE,TRUE
11,Arrowwood,1252,2030,45,0.4932718124428059,0.4845122248431371,0.008775375169444263,1.5754875332072452e-5,0.017790141151561856,3.1939541110306614e-5,0.017758135329665595,FALSE,TRUE
12,Arrowwood,1331,2030,45,0.35294042999083886,0.34904109834615094,0.003899331644687932,0,0.011048129693696881,0,0.011048129693696847,FALSE,FALSE
13,Arrowwood,1332,2030,45,0.252169026643691,0.2431574020670303,0.00901162649986329,0,0.035736452726989776,0,0.035736445100349026,FALSE,TRUE
14,Arrowwood,1333,2030,45,0.16650864118438072,0.16356435654297702,0.002944285923538725,0,0.01768248123698527,0,0.017682473536874233,FALSE,TRUE
15,Arrowwood,1334,2030,45,0.09546343609440032,0.09299254647982029,0.0024708896145800296,0,0.025883099495147617,0,0.025883099495147617,FALSE,FALSE
16,Arrowwood,1335,2030,45,0.13518277945575236,0.13478890757245054,3.938718833018113e-4,0,0.0029136246856851494,0,0.0029136246856851446,FALSE,FALSE
17,Arrowwood,1336,2030,45,0.35649352363311176,0.3527982668579596,0.0036978668815533257,2.625812555345409e-6,0.010372886564298474,7.365666923160673e-6,0.010365564954709104,FALSE,TRUE
18,Arrowwood,1337,2030,45,0.35197893128404945,0.3495185449196908,0.002468263802024684,7.877437666036226e-6,0.0070125328042228135,2.2380423843264297e-5,0.006990152380379514,FALSE,TRUE
19,Arrowwood,1417,2030,45,0.6275451581313428,0.6213174282315235,0.0062276933589707475,0,0.009923896755916511,0,0.009923954984154153,FALSE,FALSE
20,Arrowwood,1418,2030,45,0.36364119055036787,0.3613357271267746,0.0023054634235932688,0,0.006339940258428836,0,0.006339940258428865,FALSE,FALSE
21,Arrowwood,1419,2030,45,0.36879923006045334,0.3674349152963455,0.0013642998592880236,0,0.003699302352297179,0,0.0036993427667520564,FALSE,FALSE
22,Arrowwood,1420,2030,45,0.18837445930004137,0.18508581370191654,0.003288639828517161,0,0.017457992132994215,0,0.017458022761390943,FALSE,FALSE
23,Arrowwood,1421,2030,45,0.3511618112394829,0.34749428960944656,0.003670163148745891,2.625812555345409e-6,0.01045148712438705,7.477500318377943e-6,0.010443964897809495,FALSE,TRUE
24,Arrowwood,1422,2030,45,0.17063689034707724,0.16960757182538183,0.0010293185216954002,0,0.006032215657480369,0,0.006032215657480429,FALSE,FALSE
25,Arrowwood,1504,2030,45,0.6228598059095407,0.620900949743253,0.0019588561662876747,0,0.0031449391142316925,0,0.0031449391142316673,FALSE,FALSE
26,Arrowwood,1505,2030,45,0.39756180639521044,0.3954769112262662,0.0020875209814996,2.625812555345409e-6,0.005250808674071739,6.604790784995898e-6,0.005244203883286663,FALSE,TRUE
27,Arrowwood,1506,2030,45,0.3244353268856297,0.3202235235468556,0.004214429151329381,2.625812555345409e-6,0.012990043938140731,8.093485319713852e-6,0.01298195045282115,FALSE,TRUE
28,Arrowwood,1507,2030,45,0.28567613855354845,0.28201503785577636,0.0036611141601899885,0,0.012815610637721261,0,0.012815563512966754,FALSE,TRUE
29,Arrowwood,1589,2030,45,0.5954768068743693,0.5930295495727874,0.002447257301581921,0,0.004109744113171197,0,0.004109744113171172,FALSE,FALSE
30,Arrowwood,1590,2030,45,0.35178162608750796,0.34720914277726456,0.0045725009396001895,0,0.01299812326884506,0,0.012998073154355048,FALSE,TRUE
31,Arrowwood,1591,2030,45,0.30736358604289093,0.2992301111385479,0.008133471057937882,0,0.02646205154830182,0,0.026462064062487987,FALSE,FALSE
32,Arrowwood,1592,2030,45,0.27133581716486543,0.269508251626345,0.0018275655385204044,0,0.006735437870371399,0,0.0067354378703714775,FALSE,FALSE
33,Arrowwood,1674,2030,45,0.5169006790619357,0.5105750966161086,0.006325582445827089,0,0.012237520092460838,0,0.012237520092460954,FALSE,FALSE
34,Arrowwood,1675,2030,45,0.26669120606599234,0.26251589741890546,0.004175315698829555,0,0.01565599316310557,0,0.015655966721503742,FALSE,TRUE
35,Arrowwood,1676,2030,45,0.22652991588599902,0.22293249114269403,0.0036158047901248755,1.838068788741786e-5,0.015961709851799556,8.114022298347528e-5,0.01588057245876253,FALSE,TRUE
36,Arrowwood,1677,2030,45,0.2864567844205884,0.2836970554249204,0.00276235480822337,2.625812555345409e-6,0.0096431816541219,9.166522484906748e-6,0.009634015131636938,FALSE,TRUE
37,Arrowwood,1759,2030,45,0.5122127420558994,0.5075706747129393,0.004642042020793111,0,0.00906272265340582,0,0.0090627720902217,FALSE,FALSE
38,Arrowwood,1760,2030,45,0.2184542293720342,0.21481183758871894,0.0036450224038769995,2.625812555345409e-6,0.016685519956994813,1.2019966667129938e-5,0.016673477981111386,FALSE,TRUE
39,Arrowwood,1761,2030,45,0.20702819066489397,0.2039428609123631,0.0030853297525308553,0,0.01490294506570326,0,0.014902945065703324,FALSE,FALSE
40,Arrowwood,1762,2030,45,0.2490455610666259,0.24267796561991328,0.006367595446712616,0,0.025567994143084225,0,0.02556799414308422,FALSE,FALSE
41,Audubon,814,2030,45,0.230991663757385,0.2282109282612742,0.0027807354961107878,0,0.012038250432411482,0,0.012038250432411525,FALSE,FALSE
42,Audubon,815,2030,45,0.3341858920408537,0.33131587891786113,0.0028700131229925318,0,0.008588073857533391,0,0.00858807385753349,FALSE,FALSE
43,Audubon,816,2030,45,0.14268349507673886,0.1402572442755997,0.0024262508011391576,0,0.017004425072670512,0,0.01700442507267043,FALSE,FALSE
44,Audubon,899,2030,45,0.35347716248847993,0.34421304962329424,0.009264110300915592,0,0.026208511564640376,0,0.026208518819055577,FALSE,FALSE
45,Audubon,900,2030,45,0.25439042303719206,0.2480779696541417,0.006320330820716399,7.877437666036226e-6,0.02484500298893863,3.0965936421610256e-5,0.024814037052517026,FALSE,TRUE
46,Audubon,901,2030,45,0.21781459784488055,0.21067238769434105,0.007144835963094857,2.625812555345409e-6,0.03280237428431286,1.2055264345576208e-5,0.03279031901996726,FALSE,TRUE
47,Audubon,902,2030,45,0.18892198224615206,0.18667213271191457,0.002249847450768042,0,0.01190887065665365,0,0.011908881684853857,FALSE,FALSE
48,Audubon,984,2030,45,0.5164304124446017,0.5110762985876102,0.005354092701763536,0,0.010367500775988628,0,0.010367541740322906,FALSE,FALSE
49,Audubon,985,2030,45,0.4053562027391839,0.4025780930556284,0.0027807354961107878,2.625812555345409e-6,0.00685998012937767,6.477790490441615e-6,0.006853502338887279,FALSE,TRUE
50,Audubon,986,2030,45,0.21273118885101655,0.20718920631135418,0.005541985744999964,0,0.026051590154376563,0,0.026051575086827653,FALSE,TRUE
51,Audubon,987,2030,45,0.2744378454441154,0.26751148529128954,0.006926358870690847,0,0.025238351727627454,0,0.025238356399486885,FALSE,FALSE
52,Audubon,1069,2030,45,0.2836243122114731,0.27773461464983334,0.005892323374195097,2.625812555345409e-6,0.02077509973757723,9.258065836709995e-6,0.020765841671740556,FALSE,TRUE
53,Audubon,1070,2030,45,0.5107898388491504,0.500780077274889,0.010009791063367253,0,0.019596691833024905,0,0.019596634100658983,FALSE,TRUE
54,Audubon,1071,2030,45,0.37476942518824286,0.37131016331650235,0.003459267961881937,0,0.00923039001952836,0,0.009230373769159403,FALSE,TRUE
55,Audubon,1072,2030,45,0.33984702082521484,0.33502340316104534,0.004839372539501588,1.5754875332072452e-5,0.014239855708461554,4.635872721148634e-5,0.01419349698125002,FALSE,TRUE
56,Audubon,1152,2030,45,0.08313685650865983,0.08257230680926057,5.698013245099537e-4,5.251625110690818e-6,0.006853775189955627,6.31684349304666e-5,0.006790606755025104,FALSE,TRUE
57,Audubon,1153,2030,45,0.1178445596669672,0.11557848343170411,0.0022660762352630878,0,0.01922936656275943,0,0.019229366562759472,FALSE,FALSE
58,Audubon,1154,2030,45,0.1896343775009136,0.18776016276121466,0.001874215060232722,0,0.009883308527345959,0,0.009883306837073487,FALSE,TRUE
59,Audubon,1155,2030,45,0.2862304106584928,0.28376604454697996,0.00246437140031987,0,0.008609746933075398,0,0.008609728455629176,FALSE,TRUE
60,Audubon,1156,2030,45,0.3020343148343721,0.29398673272041376,0.008050200874771016,2.625812555345409e-6,0.0266532658025481,8.693755730322686e-6,0.026644595394306202,FALSE,TRUE
61,Audubon,1157,2030,45,0.5159093527656504,0.5093658278777297,0.006543524887920759,0,0.012683477926582825,0,0.012683477926582826,FALSE,FALSE
62,Audubon,1158,2030,45,0.5593426720736917,0.5523058226519355,0.007036836600405909,0,0.012580546687628416,0,0.012580569609802833,FALSE,FALSE
63,Audubon,1159,2030,45,0.46033780463731316,0.44516663923062977,0.01517118335657392,0,0.03295663142097759,0,0.03295659242811117,FALSE,TRUE
64,Audubon,1160,2030,45,0.3720821932360951,0.3667737028722526,0.005319021500500948,1.0503250221381635e-5,0.014295286356597832,2.8228306573964614e-5,0.014266983103042898,FALSE,TRUE
65,Audubon,1238,2030,45,0.15304442830903683,0.15099366870331207,0.0020507596057247643,0,0.0133997665147518,0,0.01339976651475178,FALSE,FALSE
66,Audubon,1239,2030,45,0.0775762060828618,0.07716596389941026,4.1024186291778366e-4,0,0.005288243440000021,0,0.005288247571856545,FALSE,FALSE
67,Audubon,1240,2030,45,0.3315643669450713,0.33127815337653865,2.8621356853264957e-4,0,8.632217363093943e-4,0,8.632217363093805e-4,FALSE,FALSE
68,Audubon,1241,2030,45,0.6143400288471531,0.6136042679634811,7.35767695014402e-4,0,0.0011976554684139911,0,0.001197644381162496,FALSE,TRUE
69,Audubon,1242,2030,45,0.46703723714570755,0.46602104768678887,0.0010188152714740186,2.625812555345409e-6,0.0021814433420780234,5.622276654840267e-6,0.002175821065423201,FALSE,TRUE
70,Audubon,1243,2030,45,0.49683056799340125,0.4881813055493782,0.008649258597617957,0,0.017408869652587144,0,0.01740887739447205,FALSE,FALSE
71,Audubon,1244,2030,45,0.6223012463450334,0.6121525218469445,0.010148734755169121,0,0.01630839535478317,0,0.01630837887228329,FALSE,TRUE
72,Audubon,1245,2030,45,0.3685739435488689,0.36385388136735086,0.004720061540450563,0,0.012806281135890264,0,0.012806282875208781,FALSE,FALSE
73,Audubon,1326,2030,45,0.2555976198453515,0.25270692844848563,0.0028906833835218968,0,0.011309508223397758,0,0.011309539574800727,FALSE,FALSE
74,Audubon,1327,2030,45,0.2982394618095621,0.2959209308656739,0.0023185352710939793,0,0.007774072743513926,0,0.007774058234348296,FALSE,TRUE
75,Audubon,1328,2030,45,0.6546005049935925,0.6497000002555368,0.004900505379123242,0,0.007486253587859988,0,0.0074862526085336095,FALSE,TRUE
76,Audubon,1329,2030,45,0.5230352746726825,0.5135593325852587,0.009475944010626477,0,0.018117217842633194,0,0.01811721416562954,FALSE,TRUE
77,Audubon,1330,2030,45,0.5529215346678428,0.5475018165252887,0.005419739938849726,0,0.009802005527069104,0,0.009801966106836183,FALSE,TRUE
78,Audubon,1411,2030,45,0.23186763892868034,0.22910790993301233,0.0027597289956680245,0,0.011902174052485536,0,0.01190217405248547,FALSE,FALSE
79,Audubon,1412,2030,45,0.28894950110203477,0.2860817240225464,0.0028677806053597214,0,0.009924850516862604,0,0.009924838314483531,FALSE,TRUE
82,Benton Lake,3,2030,45,0.11773150612796322,0.11757743452486227,2.100650044276327e-4,5.598962503833143e-5,0.0017842717836235912,4.7557044736585554e-4,0.001308669260830557,FALSE,TRUE
84,Benton Lake,88,2030,45,0.1603686913777202,0.1586855455297438,0.001683145847976407,0,0.010495476601552192,0,0.0104954766015522,FALSE,FALSE
85,Benton Lake,89,2030,45,0.5527180752231247,0.5417564565975506,0.011016796589017401,5.5142063662253585e-5,0.01993203602862105,9.976526213656664e-5,0.019832205815141914,FALSE,TRUE
86,Benton Lake,90,2030,45,0.6678009980774892,0.6474445913837797,0.02035903763480489,2.625812555345409e-6,0.03048668344823663,3.932028497868042e-6,0.03048274373999563,FALSE,TRUE
87,Benton Lake,91,2030,45,0.5063608726063851,0.5039054916972101,0.0024632429612206157,7.877437666036226e-6,0.004864599724188,1.555696360480775e-5,0.004849073145277621,FALSE,TRUE
88,Benton Lake,92,2030,45,0.38736684297915486,0.3840585653293467,0.003310918847983938,2.625812555345409e-6,0.00854724380259388,6.7786198094572334e-06,0.008540425464309045,FALSE,TRUE
89,Benton Lake,93,2030,45,0.11928316646364677,0.11623273129827719,0.003084567843785243,3.413556321949032e-5,0.02585920490906241,2.861725106022702e-4,0.025573056582960902,FALSE,TRUE
91,Benton Lake,173,2030,45,0.13570864970536173,0.13075374141342494,0.004968037354713514,1.3129062776727043e-5,0.03660811131419894,9.674448021722764e-5,0.03651136683398173,FALSE,TRUE
92,Benton Lake,174,2030,45,0.7686117680988066,0.741186140637932,0.0275201541485969,9.452925199243472e-5,0.035805012739616456,1.2298699540635031e-4,0.03568202908044599,FALSE,TRUE
93,Benton Lake,175,2030,45,0.4786145267588678,0.46295348319732776,0.01566626826181495,5.251625110690818e-6,0.03273253816156695,1.0972556863775794e-5,0.03272162186048787,FALSE,TRUE
94,Benton Lake,176,2030,45,0.368291135330994,0.3556372215418209,0.012659162850013674,5.251625110690818e-6,0.03437270581773986,1.425943935894908e-5,0.03435845334099784,FALSE,TRUE
95,Benton Lake,177,2030,45,0.2617713564745015,0.25172739779453884,0.01008860390407872,4.463881344087195e-5,0.038539754845413825,1.7052596602646288e-4,0.03836920438978975,FALSE,TRUE
96,Benton Lake,178,2030,45,0.503881408072679,0.492177340947081,0.011722442684945303,1.838068788741786e-5,0.023264288971849657,3.647820219786054e-5,0.023227820947721575,FALSE,TRUE
97,Benton Lake,179,2030,45,0.5650849959056627,0.5639585223194196,0.0011317252113538711,5.251625110690818e-6,0.00200275218693438,9.293513628465801e-6,0.0019934586733059167,FALSE,TRUE
98,Benton Lake,180,2030,45,0.39802427763152065,0.3935919060380976,0.004608301034631192,1.7592944120814238e-4,0.011577939572061541,4.420068098735745e-4,0.0111359327621879,FALSE,TRUE
99,Benton Lake,181,2030,45,0.7855037843806283,0.7768159553146986,0.008782425630011569,9.452925199243472e-5,0.01118062803088407,1.2034219805442602e-4,0.01106020013993957,FALSE,TRUE
100,Benton Lake,182,2030,45,0.473683455921535,0.4651512062495095,0.008537505784608808,5.251625110690818e-6,0.018023652035723692,1.1086781784417529e-5,0.018012555780370844,FALSE,TRUE
101,Benton Lake,183,2030,45,0.3527827581525546,0.34609977800095226,0.006727600374085145,4.463881344087195e-5,0.019070094041205705,1.265334328543593e-4,0.018943613306386168,FALSE,TRUE
102,Benton Lake,184,2030,45,0.29899286487134036,0.2922117654896426,0.006799482633855243,1.838068788741786e-5,0.022741287277143318,6.147533953804302e-5,0.022679803361246486,FALSE,TRUE
103,Benton Lake,185,2030,45,0.2265709236930157,0.2135248406958697,0.013279768775356422,2.3369731742574137e-4,0.05861197261723387,0.001031453258064046,0.05758057028898531,FALSE,TRUE
104,Benton Lake,258,2030,45,0.09651130967434814,0.0868720338403175,0.009647069291851768,7.794302978499382e-6,0.09995791502988871,8.076051402472099e-5,0.09987716327294514,FALSE,TRUE
105,Benton Lake,259,2030,45,0.7777666635730184,0.7418928124418893,0.036199582665765555,3.256838953066225e-4,0.04654298565519202,4.187424205229473e-4,0.04612418198322684,FALSE,TRUE
106,Benton Lake,260,2030,45,0.7718140285666927,0.7479202010494,0.023933196755732276,3.938718833018113e-5,0.031009020139446973,5.1031967381216975e-5,0.030958011428821753,FALSE,TRUE
107,Benton Lake,261,2030,45,0.4075284061755934,0.39457765248270277,0.012966538057328537,1.5754875332072452e-5,0.03181750734632617,3.8659575856128384e-5,0.03177877540961028,FALSE,TRUE
108,Benton Lake,262,2030,45,0.3601141088637213,0.3515820643333017,0.008547771839848383,1.5754875332072452e-5,0.023736286997528146,4.374967529537867e-5,0.023692613869923135,FALSE,TRUE
109,Benton Lake,263,2030,45,0.3596953327894649,0.34111656016740316,0.018584024247172422,5.251625110690818e-6,0.05166601441017288,1.46002036500281e-5,0.051651414206522916,FALSE,TRUE
110,Benton Lake,264,2030,45,0.37240258339616844,0.3635483434595437,0.008854239936624719,0,0.02377598956451229,0,0.02377598956451241,FALSE,FALSE
111,Benton Lake,265,2030,45,0.2723210302412952,0.27098449165062444,0.001336538590670813,0,0.004907952167655019,0,0.004907952167654928,FALSE,FALSE
112,Benton Lake,266,2030,45,0.4954091418062147,0.4897416946603922,0.005667420862054215,0,0.011439879452751591,0,0.011439932507421115,FALSE,FALSE
113,Benton Lake,267,2030,45,0.47034596610704865,0.46268261422091544,0.007665949491717757,2.625812555345409e-6,0.016298533513887988,5.582725790291535e-6,0.01629301075878487,FALSE,TRUE
114,Benton Lake,268,2030,45,0.2266178395782819,0.21920722215060068,0.007450010385619072,3.938718833018113e-5,0.03287477455209598,1.7380444718508308e-4,0.032700944645275114,FALSE,TRUE
115,Benton Lake,269,2030,45,0.3167902941449021,0.3086223964790914,0.008178386171479183,1.0503250221381635e-5,0.02581640385654723,3.315521471304097e-5,0.025783295185409515,FALSE,TRUE
116,Benton Lake,270,2030,45,0.27040065864027185,0.2648308178705301,0.005577713719935147,7.877437666036226e-6,0.02062758925212335,2.9132464786322854e-5,0.02059847338297949,FALSE,TRUE
117,Benton Lake,271,2030,45,0.42420219281707316,0.4102121096921199,0.014307820547635474,3.1772331919679444e-4,0.0337287755459703,7.489902800521469e-4,0.032979752018835365,FALSE,TRUE
118,Benton Lake,343,2030,45,3.281042056556025e-4,3.281042056556025e-4,0,0,0,0,0,FALSE,FALSE
119,Benton Lake,344,2030,45,0.4835972522525628,0.4643919771661241,0.01923149603007606,2.6258125553454086e-5,0.03976758747180029,5.4297507752878126e-5,0.03971336685016675,FALSE,TRUE
120,Benton Lake,345,2030,45,0.7816653387645675,0.7373288219941296,0.0444625352589338,1.2603900265657962e-4,0.05688180485168683,1.612442005625911e-4,0.05672058689529751,FALSE,TRUE
121,Benton Lake,346,2030,45,0.8152234693918088,0.8015129532473575,0.01381559608566152,1.0503250221381634e-4,0.016947004845148213,1.288389087867834e-4,0.016818107744959693,FALSE,TRUE
122,Benton Lake,347,2030,45,0.32056091994605695,0.3084420770075173,0.012200245692025444,8.140018921570768e-5,0.03805905502791315,2.53930482946597e-4,0.037805116545644356,FALSE,TRUE
123,Benton Lake,348,2030,45,0.5142462287384085,0.4973784191660814,0.01710411218814763,2.363231299810868e-4,0.03326054958168358,4.595524804544591e-4,0.03280103699293751,FALSE,TRUE
124,Benton Lake,349,2030,45,0.35450701437835064,0.3417490732808326,0.012765809560238808,7.877437666036226e-6,0.03601003377217916,2.222082313335827e-5,0.03598783826573886,FALSE,TRUE
125,Benton Lake,350,2030,45,0.11870596978424462,0.11433639203638338,0.004369579029996272,0,0.03681010346773839,0,0.03681009266680707,FALSE,TRUE
126,Benton Lake,351,2030,45,0.24203626216254015,0.23783233626143216,0.004203925901108,0,0.017368991999574184,0,0.01736899199957415,FALSE,FALSE
127,Benton Lake,352,2030,45,0.14664215367384914,0.14302236849550254,0.0036250441757337414,5.251625110690818e-6,0.02472034189975348,3.5812520336895094e-5,0.024684479105492856,FALSE,TRUE
128,Benton Lake,353,2030,45,0.12187794109402157,0.11178605107784356,0.010091888734042974,0,0.08280324268242834,0,0.08280325320225682,FALSE,FALSE
129,Benton Lake,354,2030,45,0.1259116097193242,0.12395320486456947,0.0019584050150216045,0,0.015553808099087782,0,0.015553806826235481,FALSE,TRUE
130,Benton Lake,355,2030,45,0.12299924511179643,0.12008332129740652,0.0029211760805681083,5.251625110690818e-6,0.023749544787148847,4.269640115203563e-5,0.023706843174033817,FALSE,TRUE
131,Benton Lake,356,2030,45,0.3190253939976764,0.3128416054298379,0.006204795068281201,2.100650044276327e-5,0.019449219983806033,6.584585690666453e-5,0.019383374126899458,FALSE,TRUE
132,Benton Lake,429,2030,45,0.022653372126278822,0.02263005265422969,2.7103696114386922e-5,3.782940365111906e-6,0.001196453047400636,1.6699237288048357e-4,0.0010294040074537824,FALSE,TRUE
133,Benton Lake,430,2030,45,0.5562995604636524,0.551281345472139,0.005227147229635946,2.0890787755692994e-4,0.009396281430241179,3.755312648149748e-4,0.009020706375052435,FALSE,TRUE
134,Benton Lake,431,2030,45,0.41689291534269984,0.40363379278784084,0.013731761122010949,4.726462599621736e-4,0.03293834127817448,0.001133735409184497,0.03180462432171476,FALSE,TRUE
135,Benton Lake,432,2030,45,0.3103280873895547,0.3018069358784077,0.008662951158743354,1.4179387798865208e-4,0.027915459511303455,4.5691603097033976e-4,0.02745852488837216,FALSE,TRUE
136,Benton Lake,433,2030,45,0.24486721632377192,0.23045454149069275,0.014420550988610175,7.877437666036226e-6,0.05889130935985658,3.2170242241086306e-5,0.05885914435365752,FALSE,TRUE
137,Benton Lake,434,2030,45,0.48396630200155233,0.4688226255700577,0.01521194884006865,6.827112643898063e-5,0.03143183477270253,1.4106586792640298e-4,0.03129076625555231,FALSE,TRUE
138,Benton Lake,435,2030,45,0.38885666337774394,0.37630023287968806,0.012556408701760233,0,0.03229058386885005,0,0.03229063992111224,FALSE,FALSE
139,Benton Lake,436,2030,45,0.5579047114730707,0.5531458775280401,0.004758838111969473,0,0.008529840336720612,0,0.008529832867812821,FALSE,TRUE
140,Benton Lake,437,2030,45,0.12490400543661186,0.11898366997613298,0.005922967683709409,2.625812555345409e-6,0.047420158088647406,2.1022644919725936e-5,0.04739908411891095,FALSE,TRUE
141,Benton Lake,438,2030,45,0.21228748807164494,0.20897371262679904,0.003313775444845906,0,0.015609848111856405,0,0.015609848111856383,FALSE,FALSE
142,Benton Lake,439,2030,45,0.10515111509033985,0.09888855214584104,0.0062625629444988,0,0.05955774162849688,0,0.05955774162849699,FALSE,FALSE
143,Benton Lake,440,2030,45,0.19370317662622427,0.19008324784875358,0.0036277901884487858,7.877437666036226e-6,0.018728604515604222,4.0667570884688056e-5,0.018688019683104226,FALSE,TRUE
144,Benton Lake,441,2030,45,0.1348956735212341,0.12799657668783052,0.006920098846373721,2.100650044276327e-5,0.05129963523466465,1.5572404877356284e-4,0.05114394445213689,FALSE,TRUE
145,Benton Lake,442,2030,45,0.3736759794005474,0.3659279450595043,0.00812351912578232,3.754911954143935e-4,0.021739473698079558,0.0010048577273196902,0.02073463312646568,FALSE,TRUE
146,Benton Lake,515,2030,45,0.2852636192982716,0.27704482600004043,0.008754459059521593,5.356657612904633e-4,0.03068901348534014,0.0018777920668894385,0.028811221418450824,FALSE,TRUE
147,Benton Lake,516,2030,45,0.35905980409442895,0.3430269824005411,0.01627440029538477,2.415747550917776e-4,0.04532504087008518,6.72798103093283e-4,0.044652232054556026,FALSE,TRUE
148,Benton Lake,517,2030,45,0.4210667674843849,0.41176412902561377,0.009389280016017229,8.665181432639849e-5,0.02229879140572505,2.0579115004513374e-4,0.022093024615427746,FALSE,TRUE
149,Benton Lake,518,2030,45,0.20991960005738045,0.20040781973140817,0.009511770709959491,0,0.04531149405467378,0,0.04531153986274877,FALSE,FALSE
150,Benton Lake,519,2030,45,0.07290791138558914,0.0679599676511722,0.0049479424522819076,0,0.06786564528112254,0,0.06786566286680025,FALSE,FALSE
151,Benton Lake,520,2030,45,0.12936115813602597,0.12601587294051594,0.0033636658833974685,1.838068788741786e-5,0.02600213179802011,1.4208815190174922e-4,0.025860043646118186,FALSE,TRUE
152,Benton Lake,521,2030,45,0.39306305097812255,0.3892392935010432,0.0038369214780358766,1.3129062776727043e-5,0.009761592875463217,3.3401925579257235e-5,0.009728102062923705,FALSE,TRUE
153,Benton Lake,522,2030,45,0.5191224036820061,0.5181797369746372,9.820538956991829e-4,3.938718833018113e-5,0.0018917578758568668,7.587264207982087e-5,0.0018158852337769994,FALSE,TRUE
154,Benton Lake,523,2030,45,0.34566709332581674,0.34487274399950363,8.153373960647728e-4,2.100650044276327e-5,0.002358735939310998,6.077090023424097e-5,0.002298018358271617,FALSE,TRUE
155,Benton Lake,524,2030,45,0.21763573487870824,0.21043850574946998,0.00719722271856305,0,0.03307004119784912,0,0.03307007065383534,FALSE,FALSE
156,Benton Lake,525,2030,45,0.19119468455528527,0.189322480203324,0.0018722043519612765,0,0.009792135991206992,0,0.009792135991206876,FALSE,FALSE
157,Benton Lake,526,2030,45,0.39505813515200977,0.38047621849407437,0.01471584463747337,1.3391644032261584e-4,0.03724982054049092,3.389790727156845e-4,0.036910812258870704,FALSE,TRUE
159,Benton Lake,600,2030,45,0.2929517728045565,0.2871674154575394,0.00594221381274666,1.578563355127144e-4,0.02028393191090543,5.388475174650288e-4,0.01974508394894114,FALSE,TRUE
160,Benton Lake,601,2030,45,0.6297582668039661,0.6057265020708754,0.02536534928463665,0.0013336052259735178,0.040277913957948074,0.0021176462402654702,0.03816030054683088,FALSE,TRUE
161,Benton Lake,602,2030,45,0.22803481419262078,0.217807992285171,0.010274083328108391,4.726462599621736e-5,0.04505488937943433,2.072693424623004e-4,0.04484763409332398,FALSE,TRUE
162,Benton Lake,603,2030,45,0.17850706600026509,0.16927201144355322,0.0092560636214247,2.100650044276327e-5,0.051852645549677875,1.176788175025636e-4,0.051734952367085286,FALSE,TRUE
163,Benton Lake,604,2030,45,0.07434754389029814,0.07078140324189083,0.003584518130957132,1.838068788741786e-5,0.048212999964681924,2.4722656493587837e-4,0.04796581651263757,FALSE,TRUE
164,Benton Lake,605,2030,45,0.13103350327845248,0.12481425598403657,0.006368962843729353,1.4971489822925918e-4,0.04860560608072121,0.0011425696061190384,0.04746303150576465,FALSE,TRUE
165,Benton Lake,606,2030,45,0.312696036946301,0.30209887289774456,0.010597169818164076,0,0.033889683801729534,0,0.03388966535055982,FALSE,TRUE
166,Benton Lake,607,2030,45,0.3647735311865394,0.353816015393083,0.010978522293899154,2.100650044276327e-5,0.0300968172174886,5.758778707005712e-5,0.030039229430418528,FALSE,TRUE
167,Benton Lake,608,2030,45,0.47898833579311395,0.46921497940547596,0.009807491309789938,3.413556321949032e-5,0.02047542826601527,7.126595924923368e-5,0.020404163645144222,FALSE,TRUE
168,Benton Lake,609,2030,45,0.08435839784361089,0.081463418987182,0.0028949836644352896,0,0.0343176700653111,0,0.03431761307031688,FALSE,TRUE
169,Benton Lake,610,2030,45,0.23618312083506934,0.23406956738378276,0.0021161760585043324,2.625812555345409e-6,0.008959895402441116,1.1117697767991889e-5,0.008948791276081544,FALSE,TRUE
170,Benton Lake,611,2030,45,0.4760592418876261,0.4564766293313201,0.01973039272278147,1.477729444491615e-4,0.04144524669776043,3.104087295169943e-4,0.041134822797807336,FALSE,TRUE
171,Benton Lake,612,2030,45,0.12330370602617266,0.12282112065540529,0.001147288647898263,6.647102487401578e-4,0.009304575546616073,0.005390837551947265,0.003913794534812558,FALSE,TRUE
174,Benton Lake,685,2030,45,0.5066598049544827,0.49757396014481226,0.009135774994408123,4.9890438551562766e-5,0.018031379053700267,9.846930438076654e-5,0.01793283130183715,FALSE,TRUE
175,Benton Lake,686,2030,45,0.836558114347348,0.8233627498035984,0.013329250212831248,1.3391644032261584e-4,0.015933442021813682,1.6008025984792765e-4,0.015773398545113785,FALSE,TRUE
176,Benton Lake,687,2030,45,0.49778825106632113,0.47992493030894867,0.01796571206141049,1.0240668965847094e-4,0.03609107290685511,2.057233963218371e-4,0.035885380418495455,FALSE,TRUE
177,Benton Lake,688,2030,45,0.33091542198901036,0.32305626244005864,0.007924794605755093,6.564531388363521e-5,0.02394809694308618,1.983749004173498e-4,0.02374975303874693,FALSE,TRUE
178,Benton Lake,689,2030,45,0.16690442088461727,0.1606001013662403,0.0063806219386864,7.630688274036045e-5,0.03822919671551055,4.571891046140244e-4,0.0377720343473418,FALSE,TRUE
179,Benton Lake,690,2030,45,0.17798832442146026,0.17384596151627874,0.004223565004534026,8.11982880057932e-5,0.023729449772969414,4.5620008093071875e-4,0.023273228278573952,FALSE,TRUE
180,Benton Lake,691,2030,45,0.2471737464837158,0.23843836559354165,0.008759710684632284,2.4330608313370266e-5,0.035439486633380736,9.8435245083657e-5,0.03534105468094139,FALSE,TRUE
181,Benton Lake,692,2030,45,0.4078076039012047,0.40347915704532367,0.0044430591505559705,1.1464256508183437e-4,0.010894988489798597,2.811192434499275e-4,0.010613943473524899,FALSE,TRUE
182,Benton Lake,693,2030,45,0.5592903609641907,0.5367446009958198,0.022590398781811856,4.463881344087195e-5,0.0403911820380152,7.981330728446079e-5,0.04031136873073066,FALSE,TRUE
183,Benton Lake,694,2030,45,0.4470789692807024,0.433754488610208,0.013377007178681594,5.251625110690817e-5,0.029920904578006943,1.1746526836500643e-4,0.02980341636720675,FALSE,TRUE
184,Benton Lake,696,2030,45,0.515613702683247,0.4928172186441617,0.02280701806054756,1.0503250221381635e-5,0.04423276173976784,2.0370386137379317e-5,0.04421233167476483,FALSE,TRUE
185,Benton Lake,697,2030,45,0.3464888085423552,0.33646606150444114,0.01005423627441757,3.1509750664144904e-5,0.02901749212828768,9.094016859217869e-5,0.028926611165534563,FALSE,TRUE
187,Benton Lake,769,2030,45,0.002105270217881399,0.0021564668315016914,0,5.1196518461832564e-5,0,0.024318264718223803,-0.024318309918340685,FALSE,TRUE
188,Benton Lake,770,2030,45,0.6957880570853535,0.6844890215464174,0.011359377942307475,6.03936887729444e-5,0.01632591681710053,8.67989729888908e-5,0.01623919155247875,FALSE,TRUE
189,Benton Lake,771,2030,45,0.6560607029442915,0.6269600122147125,0.029470994406634567,3.703167388062294e-4,0.044921139575002184,5.644549919608191e-4,0.04435670449240432,FALSE,TRUE
190,Benton Lake,772,2030,45,0.6351128319724907,0.6176826061734655,0.017690099185362018,2.5987827447666867e-4,0.027853474681689708,4.091844179396537e-4,0.02744429796024051,FALSE,TRUE
191,Benton Lake,773,2030,45,0.28216093456588276,0.2747633436301753,0.0074212367111234365,2.363231299810868e-5,0.026301432274958056,8.375473037920027e-5,0.026217629832737087,FALSE,TRUE
192,Benton Lake,774,2030,45,0.42605289832873755,0.41131675621149677,0.014786013323766799,4.9890438551562766e-5,0.03470464203334225,1.170991647921331e-4,0.03458758800854476,FALSE,TRUE
193,Benton Lake,775,2030,45,0.3210075952787139,0.314750324987647,0.006273025166399005,1.5754875332072452e-5,0.01954167209331128,4.907944722738827e-5,0.01949259264608388,FALSE,TRUE
194,Benton Lake,776,2030,45,0.22497961974199462,0.21804927984201455,0.007025574967310266,9.522754480352631e-5,0.03122760619547298,4.2327187197103777e-4,0.030804300887021435,FALSE,TRUE
195,Benton Lake,777,2030,45,0.3849609832536408,0.3776761176303679,0.007378857660684906,9.402585372361514e-5,0.01916780656138123,2.4424774928856604e-4,0.01892364665557054,FALSE,TRUE
196,Benton Lake,781,2030,45,0.388324813250323,0.3865171874758947,0.001823356128927744,1.5754875332072452e-5,0.004695440689627957,4.057138455872121e-5,0.004654932450229602,FALSE,TRUE
197,Benton Lake,782,2030,45,0.33040316288495153,0.32368132891319434,0.006727079827260208,5.251625110690818e-6,0.020360216193216707,1.5894596967037713e-5,0.020344339058575446,FALSE,TRUE
198,Benton Lake,854,2030,45,0.02115880398164849,0.021241523487817052,0,8.271992186078329e-5,0,0.003909480041146378,-0.003909460394845964,FALSE,TRUE
199,Benton Lake,855,2030,45,0.5839708244834152,0.5714648998487285,0.01259401244025424,8.811850669172613e-5,0.02156616719918327,1.508953923677204e-4,0.021415324379860115,FALSE,TRUE
200,Benton Lake,856,2030,45,0.6990081238446305,0.6886408414796303,0.01091725803543623,5.499539542738882e-4,0.015618213384116295,7.867633229340367e-4,0.014831418994072412,FALSE,TRUE
201,Benton Lake,857,2030,45,0.8593461465522707,0.853322450493666,0.0062809865839099505,2.5732963042385005e-4,0.007309029788647458,2.9944816935092603e-4,0.007009627124962452,FALSE,TRUE
202,Benton Lake,858,2030,45,0.4892294150421728,0.46829738100234625,0.021081710484021358,1.496713156546883e-4,0.043091665864375836,3.0593278133487996e-4,0.042785722600146965,FALSE,TRUE
203,Benton Lake,859,2030,45,0.43729707900225956,0.4240948627288734,0.013296753218188776,9.452925199243472e-5,0.03040668199414172,2.1616712420790323e-4,0.030190497278208252,FALSE,TRUE
204,Benton Lake,860,2030,45,0.37123787141458803,0.3594314386276527,0.011916705375044502,1.1028412732450717e-4,0.032099918388273106,2.970713276214887e-4,0.0318028781437286,FALSE,TRUE
205,Benton Lake,940,2030,45,0.1158055957035809,0.11581609895380228,0,1.0503250221381635e-5,0,9.069725998617577e-5,-9.069725998616442e-5,FALSE,TRUE
206,Benton Lake,941,2030,45,0.7322125082866814,0.7203543387867416,0.012114101603173616,2.5587725189420656e-4,0.01654451606067157,3.494576355885245e-4,0.016194983513306747,FALSE,TRUE
207,Benton Lake,942,2030,45,0.6773548939751499,0.664055522637216,0.013396525120346644,9.715506454778013e-5,0.019777704774121142,1.4343302958603034e-4,0.019634273637390773,FALSE,TRUE
208,Benton Lake,943,2030,45,0.6879431138496896,0.6696964654875579,0.01829650546517232,4.9890438551562766e-5,0.026595956986597537,7.252116860706516e-5,0.026523484274774644,FALSE,TRUE
209,Bowdoin,272,2030,45,0.4892094752780806,0.48433760830820666,0.00492175356202044,4.9890438551562766e-5,0.01006062599098837,1.019817502986908e-4,0.009958652103180653,FALSE,TRUE
210,Bowdoin,273,2030,45,0.39015964080169174,0.38199110719690277,0.008476037666675033,3.0752581811496727e-4,0.02172453729262886,7.882050985157505e-4,0.020936387956489926,FALSE,TRUE
211,Bowdoin,274,2030,45,0.7378252646803746,0.7301852989373124,0.007760696065598927,1.207873775458888e-4,0.010518338741030853,1.6370729402741965e-4,0.010354708775622865,FALSE,TRUE
212,Bowdoin,275,2030,45,0.7169891958837817,0.7135925432301577,0.0034307452653197534,3.413556321949032e-5,0.004784933001801954,4.760959218836461e-5,0.004737383315012405,FALSE,TRUE
213,Bowdoin,276,2030,45,0.5429477139029327,0.5411043934890802,0.0018748301645166218,3.1509750664144904e-5,0.0034530584004849514,5.803459496613363e-5,0.003395023805518841,FALSE,TRUE
214,Bowdoin,277,2030,45,0.3569738421891341,0.3570972553792353,0,1.234131901012342e-4,0,3.457205417192632e-4,-3.4572054171924915e-4,FALSE,TRUE
215,Bowdoin,357,2030,45,0.27756397786205705,0.27720424154197476,4.3588488418733786e-4,7.614856410501685e-5,0.0015703942836702055,2.743459893158793e-4,0.0012960482943542267,FALSE,TRUE
216,Bowdoin,358,2030,45,0.33337558269760253,0.32770360192229,0.005777007507918709,1.0503250221381634e-4,0.017328826128093795,3.1505757369485864e-4,0.01701378586102835,FALSE,TRUE
217,Bowdoin,359,2030,45,0.6970198093437375,0.6938740859024337,0.0035579760124930288,4.1225257118922916e-4,0.005104555085518957,5.914502940416798e-4,0.0045131047914773,FALSE,TRUE
218,Bowdoin,360,2030,45,0.7485992197648839,0.7457373302494844,0.0029779631234825633,1.1614223235763946e-4,0.0039780473247325405,1.551460772215563e-4,0.003822992917756846,FALSE,TRUE
219,Bowdoin,361,2030,45,0.6703843052920949,0.6572595915174126,0.013179853274074433,5.5142063662253585e-5,0.019660145934251555,8.225440725111769e-5,0.019577895352075207,FALSE,TRUE
220,Bowdoin,362,2030,45,0.22546026652458637,0.21682134321749996,0.008746581621855556,1.0765831476916176e-4,0.038794337275839884,4.7750460171403045e-4,0.038316832674125896,FALSE,TRUE
221,Bowdoin,363,2030,45,0.3378804103062247,0.3285208040234989,0.009629923300004778,2.703083228007936e-4,0.0285009814309065,8.000118223954158e-4,0.027700943876098172,FALSE,TRUE
222,Bowdoin,364,2030,45,0.7597328291128331,0.7602818701068274,1.5995397854966226e-4,7.089693899432603e-4,2.1053977453685418e-4,9.331825120301159e-4,-7.226764106473528e-4,TRUE,TRUE
223,Bowdoin,365,2030,45,0.7862659264748173,0.7673504754491749,0.019424857379244397,5.094076357370093e-4,0.02470520052463006,6.478821205198502e-4,0.024057320034773545,FALSE,TRUE
224,Bowdoin,366,2030,45,0.7819889701620137,0.7780099615175996,0.004252101163514097,2.7308450575592254e-4,0.005437546213258148,3.4921784855781844e-4,0.005088318117312782,FALSE,TRUE
225,Bowdoin,367,2030,45,0.7225569031808222,0.7226986970588108,0,1.4179387798865208e-4,0,1.962390468687664e-4,-1.9623904686873227e-4,FALSE,TRUE
226,Bowdoin,368,2030,45,0.7335544626157476,0.7335544626157476,0,0,0,0,0,FALSE,FALSE
227,Bowdoin,369,2030,45,0.6000870362400959,0.5977336927656888,0.002555548189724859,2.0218756676159647e-4,0.0042586292244153395,3.369304026769558e-4,0.003921670244956767,FALSE,TRUE
228,Bowdoin,370,2030,45,0.47276856538760303,0.4523829875575366,0.020543131711927308,1.5754875332072452e-4,0.04345282917675557,3.332470998607044e-4,0.04311957122900752,FALSE,TRUE
229,Bowdoin,443,2030,45,0.4668504762277086,0.46178356061895787,0.006064735918997325,9.978087710312553e-4,0.012990745919340609,0.002137319809746899,0.010853401392439212,FALSE,TRUE
230,Bowdoin,444,2030,45,0.48223219897867375,0.4692518638662143,0.013397836744489279,4.1750419629991997e-4,0.027782957614329244,8.657742000309351e-4,0.02691718873179906,FALSE,TRUE
231,Bowdoin,445,2030,45,0.6181441747867098,0.5931355667547095,0.025287405731480125,2.787922504059513e-4,0.04090858858324682,4.5101492787204267e-4,0.04045756484015972,FALSE,TRUE
232,Bowdoin,446,2030,45,0.6801236492014769,0.6595237804499016,0.020871373666965926,2.7152128264567655e-4,0.030687616423088204,3.992234102790951e-4,0.030288417077926018,FALSE,TRUE
233,Bowdoin,447,2030,45,0.4641007171140866,0.45957119045611583,0.004603049409520501,7.352275154967145e-5,0.009918212232343881,1.584198188851276e-4,0.009759792413458679,FALSE,TRUE
234,Bowdoin,448,2030,45,0.7354547303393942,0.7210492764908422,0.014570827472002229,1.6542619098676076e-4,0.0198119977626334,2.2493048744199476e-4,0.019587138751428403,FALSE,TRUE
235,Bowdoin,449,2030,45,0.740545278261143,0.7404321221513361,6.856435873523843e-4,5.724271370652991e-4,9.258631544614367e-4,7.729806047908398e-4,1.5280106852154693e-4,FALSE,TRUE
236,Bowdoin,450,2030,45,0.49724721059495647,0.49029725915745365,0.0072046578196413935,2.5470381786850464e-4,0.014489086446600711,5.122277459611114e-4,0.01397685354370757,FALSE,TRUE
237,Bowdoin,451,2030,45,0.7461340741152687,0.7380793120451042,0.008238583052523979,1.838068788741786e-4,0.011041692556787344,2.463456438336881e-4,0.010795328010874437,FALSE,TRUE
238,Bowdoin,452,2030,45,0.8004613153189416,0.7997080353421269,0.0016813418839796439,9.281111090969665e-4,0.002100466133469196,0.0011594702846160195,9.410573158236804e-4,FALSE,TRUE
239,Bowdoin,453,2030,45,0.8788784994151345,0.879325297832755,0.0010129910929359614,0.0014598150731237496,0.0011525951466671155,0.0016609975942012574,-5.083733620948171e-4,TRUE,TRUE
240,Bowdoin,454,2030,45,0.9563242969791345,0.9501088345473471,0.006627723977921779,4.1225257118922916e-4,0.006930414712726247,4.310803066401897e-4,0.006499325021251657,FALSE,TRUE
241,Bowdoin,455,2030,45,0.7443548399390951,0.7261989872517287,0.018176866880619393,2.100650044276327e-5,0.02441962610481134,2.8221083971835358e-5,0.024391394685969892,FALSE,TRUE
242,Bowdoin,456,2030,45,0.3431316251337037,0.33840073147539484,0.00477816565658156,4.726462599621736e-5,0.013925168380267233,1.3774488427815523e-4,0.013787402010716555,FALSE,TRUE
243,Bowdoin,527,2030,45,0.44886345508198666,0.43375416038363857,0.015633372523176037,5.240553874648138e-4,0.034828793358373404,0.0011675162714440475,0.033661227099872335,FALSE,TRUE
244,Bowdoin,528,2030,45,0.5871373082552347,0.5751104302986139,0.012716383254570564,6.894815784515745e-4,0.021658278354613807,0.0011743106233539663,0.020483927332706,FALSE,TRUE
245,Bowdoin,529,2030,45,0.5977202354763426,0.5852750737853195,0.012508173499541166,6.301950132828981e-5,0.020926468198910815,1.0543310664071383e-4,0.020821047962522304,FALSE,TRUE
246,Bowdoin,530,2030,45,0.4110284091702629,0.3947689265160312,0.016460595791832486,2.0112497731649703e-4,0.04004734326043607,4.893213530483333e-4,0.03955805071249089,FALSE,TRUE
247,Bowdoin,531,2030,45,0.7039922443012455,0.6978425912966265,0.006356067129529321,2.0637660242718784e-4,0.009028603910030427,2.9315181253456704e-4,0.008735398797926962,FALSE,TRUE
248,Bowdoin,532,2030,45,0.657705651425252,0.6422973012938428,0.015518620155248316,1.1028412732450717e-4,0.023595084095171415,1.6768006643324537e-4,0.02342742547219899,FALSE,TRUE
249,Bowdoin,533,2030,45,0.7012047801604616,0.6922349224147594,0.009156307104887273,1.8643269142952403e-4,0.013057964469084153,2.6587481532407885e-4,0.012792065883591969,FALSE,TRUE
250,Bowdoin,534,2030,45,0.5989128056880023,0.5915372264466066,0.007617175792783238,2.415747550917776e-4,0.012718338496758292,4.0335546810402244e-4,0.012314946635550807,FALSE,TRUE
251,Bowdoin,535,2030,45,0.8226382717082501,0.8047847977479602,0.018315614405760634,4.621430097407919e-4,0.022264481286200472,5.6178155774485e-4,0.021702702845585176,FALSE,TRUE
252,Bowdoin,536,2030,45,0.8568934735122934,0.8408406505118315,0.016283863734091315,2.3107150487039596e-4,0.01900337000741283,2.6966187981717764e-4,0.018733744037824726,FALSE,TRUE
253,Bowdoin,537,2030,45,0.7360312603085772,0.7326925396444556,0.0036306323612915895,2.9186495934113943e-4,0.004932714895518793,3.965388089885973e-4,0.004536112586742474,FALSE,TRUE
254,Bowdoin,538,2030,45,0.8228359461596823,0.8145357526722353,0.009229785622778175,9.295939784004537e-4,0.011217042310627267,0.0011297440063709292,0.010087300544155086,FALSE,TRUE
255,Bowdoin,539,2030,45,0.879785635596364,0.880643127508969,4.75272072517519e-4,0.0013328056545111996,5.402134943875903e-4,0.0015149209086685704,-9.746600511654494e-4,TRUE,TRUE
256,Bowdoin,540,2030,45,0.6448479499647913,0.6385586775832062,0.006486210246438665,1.9693594165090566e-4,0.010058511075041507,3.0539903501539914e-4,0.009753109057613596,FALSE,TRUE
257,Bowdoin,541,2030,45,0.2330078775166785,0.2202758458039839,0.012905332777077306,1.7330362865279698e-4,0.055385821778293966,7.437672515616647e-4,0.05464206553181128,FALSE,TRUE
258,Bowdoin,542,2030,45,0.22762395658435156,0.22138525160861736,0.006278087676591769,3.938718833018113e-5,0.02758096191103361,1.7303621693081877e-4,0.027407945408515454,FALSE,TRUE
259,Bowdoin,613,2030,45,0.33998456827196166,0.3358388615586042,0.004652939848072064,5.072379427210019e-4,0.013685738360777798,0.0014919440176333247,0.012193808484981609,FALSE,TRUE
260,Bowdoin,614,2030,45,0.6462770074197169,0.636432836149727,0.009846797082545282,2.625812555345409e-6,0.01523618660341787,4.062983094244765e-6,0.015232123620323617,FALSE,TRUE
261,Bowdoin,615,2030,45,0.685472757603285,0.6805677397498997,0.0049575341044921315,5.251625110690817e-5,0.007232284652457753,7.661318487773044e-5,0.00715567146758008,FALSE,TRUE
262,Bowdoin,616,2030,45,0.7337081547068777,0.7323309980782414,0.0015288532368484898,1.5164612414510372e-4,0.002083734829769309,2.0668452868114512e-4,0.0018769814943469312,FALSE,TRUE
263,Bowdoin,617,2030,45,0.7922569639897649,0.7751661244635181,0.017250290967962104,1.5952356181113994e-4,0.021773605978911863,2.0135330967340138e-4,0.021572343700430496,FALSE,TRUE
264,Bowdoin,618,2030,45,0.6696370975068144,0.6493376381228991,0.020428104967101714,1.2866481521192502e-4,0.03050623247003401,1.9214110999968262e-4,0.030314120080106127,FALSE,TRUE
265,Bowdoin,619,2030,45,0.6233436939295054,0.6018016508104153,0.021765242314834708,2.2319406720435974e-4,0.03491692067602141,3.580593970516705e-4,0.03455885305150187,FALSE,TRUE
266,Bowdoin,620,2030,45,0.6804414135489949,0.6657835534685603,0.014823295246366571,1.6542619098676076e-4,0.02178482225097433,2.431159945482203e-4,0.02154169306653928,FALSE,TRUE
267,Bowdoin,621,2030,45,0.7003535245526756,0.6858292937143154,0.015090112676062665,5.658735038247482e-4,0.021546422124027867,8.07982660166062e-4,0.02073842756433187,FALSE,TRUE
268,Bowdoin,622,2030,45,0.4732883121602767,0.4700631578891737,0.004214429151329381,9.89280329300289e-4,0.008904570518745845,0.0020902276770470387,0.006814354354921941,FALSE,TRUE
269,Bowdoin,623,2030,45,0.5622448514004873,0.5540716405670841,0.00894825889887251,7.750708233662336e-4,0.01591523493115753,0.00137852898329904,0.014536746424702044,FALSE,TRUE
270,Bowdoin,624,2030,45,0.8399941541893021,0.8204269272534375,0.021598123705599385,0.002030860228886269,0.025712230969564587,0.0024177075742227035,0.023294479894029076,FALSE,TRUE
271,Bowdoin,625,2030,45,0.818478984620583,0.7785782858225471,0.04065237610605459,7.516910108369327e-4,0.049668197803392045,9.18399891703254e-4,0.048749814653497106,FALSE,TRUE
272,Bowdoin,626,2030,45,0.6574662511711825,0.6507477404934408,0.008187611774136403,0.001469095487053793,0.012453280696235493,0.0022344804534632895,0.010218791711017397,FALSE,TRUE
273,Bowdoin,627,2030,45,0.43468931890823215,0.4266537170640575,0.008180011918705831,1.4441969054399749e-4,0.01881806513960543,3.3223657509396065e-4,0.018485850686087435,FALSE,TRUE
274,Bowdoin,628,2030,45,0.5506702696565247,0.543853660262848,0.007037177648325696,2.2056825464901434e-4,0.01277929468157972,4.0054505718384195e-4,0.012378749624395868,FALSE,TRUE
275,Bowdoin,698,2030,45,0.45058192631449673,0.44841366159692025,0.0022608246101523967,9.25544435020193e-5,0.00501756612530967,2.0541090997382402e-4,0.004812143121921562,FALSE,TRUE
276,Bowdoin,699,2030,45,0.22564009365630636,0.225204208772119,4.3588488418733786e-4,0,0.0019317705338807167,0,0.0019317705338808137,FALSE,FALSE
277,Bowdoin,700,2030,45,0.2796096089276347,0.27900567203990523,6.144401379508256e-4,1.0503250221381635e-5,0.0021974929270397424,3.7563981658799014e-5,0.0021599289453810458,FALSE,TRUE
278,Bowdoin,701,2030,45,0.6790351678406439,0.6655432095631039,0.013655403569894935,1.6345138249634534e-4,0.020110009343580256,2.4071121826595016e-4,0.01986930709413023,FALSE,TRUE
279,Bowdoin,702,2030,45,0.8674905965325286,0.8601663847492467,0.007550658627074586,2.2647088382463516e-4,0.008704023602394698,2.6106436741777766e-4,0.008442986947129714,FALSE,TRUE
280,Bowdoin,703,2030,45,0.7891650697058457,0.7859773332636564,0.003295394756958488,1.0765831476916176e-4,0.004175799060881924,1.364205270885728e-4,0.004039378533793294,FALSE,TRUE
281,Bowdoin,704,2030,45,0.7552116722323825,0.7423090857885539,0.012991858942170099,8.92776268817439e-5,0.017202937162989766,1.1821536949745754e-4,0.017084728584356924,FALSE,TRUE
282,Bowdoin,705,2030,45,0.6277993696093572,0.6217482666322061,0.006101009442390662,4.9890438551562766e-5,0.00971808787604703,7.946876178389071e-5,0.00963859358590375,FALSE,TRUE
283,Bowdoin,706,2030,45,0.8412805561714942,0.83955392030307,0.0024183733634731215,6.916958256601105e-4,0.0028746336115013436,8.221940000704223e-4,0.0020523900805241957,FALSE,TRUE
284,Bowdoin,707,2030,45,0.8470962386417302,0.8485584880084882,0.0017199072237512427,0.003182109151512856,0.002030356345943661,0.0037564907106838103,-0.0017261903666372265,TRUE,TRUE
285,Bowdoin,708,2030,45,0.8417587002264942,0.8346076279585803,0.009907272186893063,0.002756155044252973,0.011769729477375509,0.003274281624307972,0.008495394542390516,FALSE,TRUE
286,Bowdoin,709,2030,45,0.5844052733763613,0.5789495733961347,0.005602710865679918,1.470455030993429e-4,0.009587029961777451,2.5161563353081603e-4,0.009335473563930413,FALSE,TRUE
287,Bowdoin,710,2030,45,0.71282752915348635,0.6983282025060807,0.016598049642721605,0.002098706327560554,0.023284804477785123,0.0029441993213321304,0.020340581773860767,FALSE,TRUE
288,Bowdoin,711,2030,45,0.4609725948225679,0.4550795329385916,0.0069274115035560515,0.001034344090372417,0.015027816363405439,0.002243829897893484,0.012783974470856779,FALSE,TRUE
289,Bowdoin,712,2030,45,0.6228534465197583,0.6176640613722933,0.005465084567628351,2.7571031831126794e-4,0.008774270413313008,4.42656807715877e-4,0.008331631102727312,FALSE,TRUE
290,Bowdoin,783,2030,45,0.12057861519065854,0.12008758824280896,4.910269478495914e-4,0,0.0040722556572173356,0,0.004072255657217258,FALSE,FALSE
291,Bowdoin,784,2030,45,0.030086419224293646,0.030086419224293646,0,0,0,0,0,FALSE,FALSE
292,Bowdoin,785,2030,45,0.3834762093385565,0.3834762093385565,0,0,0,0,0,FALSE,FALSE
293,Bowdoin,786,2030,45,0.406830760602295,0.4002846099018189,0.006556653950697486,1.0503250221381635e-5,0.016116416420898578,2.581724696980149e-5,0.016090599173928754,FALSE,TRUE
294,Bowdoin,787,2030,45,0.5124184580582822,0.5059210490033648,0.0066879445784647565,1.905362447482094e-4,0.013051724568641657,3.718372001473411e-4,0.01267988877593956,FALSE,TRUE
295,Bowdoin,788,2030,45,0.7523466645645736,0.7504152153168323,0.002069140293612182,1.3769032466996668e-4,0.0027502485105183696,1.8301446813704693e-4,0.0025672330837793866,FALSE,TRUE
296,Bowdoin,789,2030,45,0.9074434012984596,0.9075353047378967,0,9.19034394370893e-5,0,1.0127732407947955e-4,-0.00010127732407949365,FALSE,TRUE
297,Bowdoin,790,2030,45,0.847133000017505,0.8471826442861295,0,4.967106825177203e-5,0,5.8634320998881686e-5,-5.860268532037003e-5,FALSE,TRUE
298,Bowdoin,791,2030,45,0.8864163866951077,0.8866242361701917,0,2.0785346172269003e-4,0,2.344873863373009e-4,-2.3448288885875694e-4,FALSE,TRUE
299,Bowdoin,792,2030,45,0.14484534911913138,0.14484797493168672,0,2.625812555345409e-6,0,1.8128387078453925e-5,-1.81283870783798e-5,FALSE,TRUE
300,Bowdoin,793,2030,45,0.30545059953967946,0.3000730174829744,0.0054432280116561964,6.564531388363521e-5,0.017820321910840105,2.1491303006955658e-4,0.017605406782010603,FALSE,TRUE
301,Bowdoin,794,2030,45,0.6815758056012253,0.6758378307712991,0.00580363040089013,6.564531388363521e-5,0.00851501821689619,9.631403190101324e-5,0.008418689135927719,FALSE,TRUE
302,Bowdoin,795,2030,45,0.3199519570889833,0.31507584368786745,0.005067818231816639,1.917154483815769e-4,0.015839309994929034,5.992007366539035e-4,0.015240142443509744,FALSE,TRUE
303,Bowdoin,796,2030,45,0.4163368174774631,0.41033088668192813,0.006591653672931772,5.857199525262562e-4,0.01583250242644848,0.001406841595406013,0.014425653805791685,FALSE,TRUE
304,Bowdoin,797,2030,45,0.5684052538252546,0.5576069279179661,0.010977658134884358,1.793388987046457e-4,0.019313083510412502,3.1551238750474324e-4,0.018997582859444,FALSE,TRUE
306,Bowdoin,870,2030,45,0.06746610462062122,0.06746610462062122,0,0,0,0,0,FALSE,FALSE
307,Bowdoin,871,2030,45,0.686892214431055,0.6719954874647264,0.014901986284249543,5.251625110690818e-6,0.021694795735299883,7.645486439296272e-6,0.021687139049417513,FALSE,TRUE
308,Bowdoin,872,2030,45,0.8916650577666737,0.8852094975993571,0.006513333813141952,5.776787621759899e-5,0.007304686615684706,6.478652013379153e-5,0.007239893624951141,FALSE,TRUE
309,Bowdoin,873,2030,45,0.958667096174999,0.9536522865341434,0.005108512556816827,9.36907456950542e-5,0.005328765926356878,9.773021945665225e-5,0.00523102301191344,FALSE,TRUE
310,Bowdoin,874,2030,45,0.8980204267736756,0.8934155721180232,0.004624055909963265,1.9219194184798382e-5,0.0051491656226308165,2.140173387129658e-5,0.005127783865892891,FALSE,TRUE
311,Bowdoin,875,2030,45,0.8722722011958126,0.8722800786334786,0,7.877437666036226e-6,0,9.030939717254447e-6,-9.030939717153882e-6,FALSE,TRUE
312,Bowdoin,876,2030,45,0.5853464630641679,0.5853569663143893,0,1.0503250221381635e-5,0,1.794364685557215e-5,-1.794364685549878e-5,FALSE,TRUE
315,Bowdoin,879,2030,45,0.08975325795207172,0.08975588376462706,0,2.625812555345409e-6,0,2.925590240688081e-5,-2.9255902406915805e-5,FALSE,TRUE
316,Bowdoin,880,2030,45,0.22720794992177462,0.22674055528692313,7.247242652753328e-4,2.5732963042385005e-4,0.0031896958954334476,0.0011325731802626009,0.0020571227151708646,FALSE,TRUE
317,Bowdoin,882,2030,45,0.46529098973976046,0.4608353550882299,0.005967821895836461,0.0015121983027205908,0.012825999272357055,0.0032500055579549707,0.009576017481066195,FALSE,TRUE
318,Bowdoin,956,2030,45,0.07874842624721763,0.07829465814353716,4.53765419210248e-4,0,0.005762215714454111,0,0.005762249803646163,FALSE,FALSE
319,Bowdoin,957,2030,45,0.4191134911697773,0.4191134911697773,0,0,0,0,0,FALSE,FALSE
320,Bowdoin,958,2030,45,0.3781931155055227,0.37819574131807804,0,2.625812555345409e-6,0,6.943046945303436e-6,-6.943046945275047e-6,FALSE,TRUE
321,Bowdoin,959,2030,45,0.9735362521094965,0.9735493811722732,0,1.3129062776727043e-5,0,1.3485951599931153e-5,-1.3485951599933033e-5,FALSE,TRUE
322,Bowdoin,960,2030,45,0.6447182184132288,0.6447182184132288,0,0,0,0,0,FALSE,FALSE
323,Bowdoin,961,2030,45,0.04621559849473642,0.04621559849473642,0,0,0,0,0,FALSE,FALSE
327,Bowdoin,1044,2030,45,0.3946049773446068,0.3946049773446068,0,0,0,0,0,FALSE,FALSE
328,Crosby Lostwood,551,2030,45,0.45063419639567653,0.44701406247659997,0.00362015218950087,0,0.008033460883475027,0,0.00803342033967153,FALSE,TRUE
329,Crosby Lostwood,552,2030,45,0.4002585569178714,0.39555047500613705,0.004708081911734318,0,0.011762601524345084,0,0.011762601524345115,FALSE,FALSE
330,Crosby Lostwood,553,2030,45,0.15286352418388593,0.1511777525233542,0.0016883974730870978,2.625812555345409e-6,0.011045129844422885,1.7177495870020038e-5,0.011027952348552802,FALSE,TRUE
331,Crosby Lostwood,554,2030,45,0.2793572026957521,0.27446808331682304,0.004889122584266623,0,0.01750132997140355,0,0.01750131849742851,FALSE,TRUE
332,Crosby Lostwood,555,2030,45,0.340038458971828,0.33439390562922244,0.0056576868928549075,1.3129062776727043e-5,0.01663837352387144,3.861052310501965e-5,0.01659974980381028,FALSE,TRUE
333,Crosby Lostwood,556,2030,45,0.34073770464965225,0.3392432480507701,0.0014944586823515678,0,0.00438595043037041,0,0.0043859443157860944,FALSE,TRUE
334,Crosby Lostwood,557,2030,45,0.14626869338033302,0.14287876937138208,0.003389924008950923,0,0.02317600527227192,0,0.023176005272272034,FALSE,FALSE
335,Crosby Lostwood,558,2030,45,0.2379037460544412,0.2362100969562434,0.0016936490981977886,0,0.007119051827835527,0,0.007119051827835585,FALSE,FALSE
336,Crosby Lostwood,636,2030,45,0.29078248237895055,0.2869234200314981,0.0038748034398328663,1.5754875332072452e-5,0.013325436278459116,5.41809644211667e-5,0.01327130271356325,FALSE,TRUE
337,Crosby Lostwood,637,2030,45,0.36604770672902076,0.35810675722180213,0.007943564421626177,2.625812555345409e-6,0.02170089929700521,7.173416216179864e-6,0.02169375565326841,FALSE,TRUE
338,Crosby Lostwood,638,2030,45,0.2805607479833268,0.274875761230201,0.005690237096101407,5.251625110690818e-6,0.020281657847731314,1.8718317328562698e-5,0.02026294410030456,FALSE,TRUE
339,Crosby Lostwood,639,2030,45,0.47757839753585696,0.47119607292184174,0.00638232717828533,0,0.01336393608089474,0,0.013363930711577113,FALSE,TRUE
340,Crosby Lostwood,640,2030,45,0.6096885249903222,0.6067220953125632,0.0029848148531191675,1.838068788741786e-5,0.004895638888999176,3.0147669070382493e-5,0.004865483859657931,FALSE,TRUE
341,Crosby Lostwood,641,2030,45,0.6065254465691604,0.6018278679076475,0.004708081911734318,1.0503250221381635e-5,0.007762381509903341,1.731708089214354e-5,0.007745064429011106,FALSE,TRUE
342,Crosby Lostwood,642,2030,45,0.3618347135689326,0.36084215642301204,9.925571459205645e-4,0,0.0027431230578474444,0,0.0027431230578474275,FALSE,FALSE
343,Crosby Lostwood,643,2030,45,0.19936034617759182,0.1990006098575095,3.59736320082321e-4,0,0.001804452725828761,0,0.001804452725828762,FALSE,FALSE
344,Crosby Lostwood,721,2030,45,0.2522577298740763,0.24796538794083126,0.0043159816185195906,2.363231299810868e-5,0.017109412744949665,9.36832064964099e-5,0.0170157003132777,FALSE,TRUE
345,Crosby Lostwood,722,2030,45,0.3215098229582449,0.3162074663284184,0.005307621396821332,5.251625110690818e-6,0.016508426859202507,1.6334260217526407e-5,0.016492051723455754,FALSE,TRUE
346,Crosby Lostwood,723,2030,45,0.17421525743519536,0.17296516551724508,0.001260592523768169,1.0503250221381635e-5,0.007235833085612978,6.028892288775934e-5,0.007175559341668393,FALSE,TRUE
347,Crosby Lostwood,724,2030,45,0.2689939205920667,0.26662039118364034,0.0023735321329633164,0,0.008823738944505043,0,0.008823728815886072,FALSE,TRUE
348,Crosby Lostwood,725,2030,45,0.3597319710802762,0.35477936037432534,0.004984119815547486,3.1509750664144904e-5,0.013855092725231395,8.759229981566838e-5,0.013767502207485679,FALSE,TRUE
349,Crosby Lostwood,726,2030,45,0.5457444094159815,0.5352070236313803,0.010547889034822507,1.0503250221381635e-5,0.01932752558310243,1.92457312253945e-5,0.01930827985187712,FALSE,TRUE
350,Crosby Lostwood,727,2030,45,0.6869478898628926,0.6846923168778508,0.002255572985041706,0,0.0032834702869411164,0,0.003283470286941186,FALSE,FALSE
351,Crosby Lostwood,728,2030,45,0.2033761982544232,0.2007941013752922,0.0025821004050023766,0,0.012696177955751608,0,0.012696160619055461,FALSE,TRUE
352,Crosby Lostwood,805,2030,45,0.4518811291328962,0.44970482286436897,0.0025399402791213784,3.6361982697531736e-4,0.005620815111255495,8.046802655226137e-4,0.004816103457790501,FALSE,TRUE
353,Crosby Lostwood,806,2030,45,0.23633301780649052,0.22613811593291666,0.01085796826492996,6.630728821647374e-4,0.04594350956843646,0.002805671794483078,0.04313786523862461,FALSE,TRUE
354,Crosby Lostwood,807,2030,45,0.34734831084269785,0.3423281675200892,0.005028014349599501,7.877437666036226e-6,0.014475424790179898,2.267878501244144e-5,0.014452764461209917,FALSE,TRUE
355,Crosby Lostwood,808,2030,45,0.16014877957621002,0.1588092151468524,0.0013448190995390401,5.251625110690818e-6,0.008397310944846014,3.27921644147886e-5,0.008364499766419772,FALSE,TRUE
356,Crosby Lostwood,809,2030,45,0.23633312037729345,0.2303095063753311,0.006028865627073059,5.251625110690818e-6,0.02551003269219435,2.2221282832921908e-5,0.025487811409361384,FALSE,TRUE
357,Crosby Lostwood,810,2030,45,0.37479777575817635,0.36713393153218904,0.008267752906745984,6.03936887729444e-4,0.02205923685118246,0.0016113673207044609,0.020447944789651343,FALSE,TRUE
358,Crosby Lostwood,811,2030,45,0.42318756243435923,0.4192191390968088,0.003968432633029474,0,0.009377479362109134,0,0.009377457396721044,FALSE,TRUE
359,Crosby Lostwood,812,2030,45,0.6756441360670211,0.6675923280359816,0.008054442818540236,2.625812555345409e-6,0.011921131833432012,3.886383992955929e-6,0.011917232165899901,FALSE,TRUE
360,Crosby Lostwood,813,2030,45,0.5909275045655911,0.5886771832056601,0.0022529471724863606,2.625812555345409e-6,0.003812561024964596,4.443544318140555e-6,0.0038081174806463844,FALSE,TRUE
361,Crosby Lostwood,890,2030,45,0.5297619499863386,0.5251562337359417,0.004610953130954792,5.251625110690818e-6,0.008703820897430815,9.913179137962334e-6,0.008693935550704867,FALSE,TRUE
362,Crosby Lostwood,891,2030,45,0.2994954618057619,0.29465894073458215,0.004878525738187555,4.201300088552654e-5,0.01628914745076013,1.4027925709530155e-4,0.016148896020055547,FALSE,TRUE
363,Crosby Lostwood,892,2030,45,0.21229797080770574,0.21134689329449538,9.642157111992067e-4,1.3129062776727043e-5,0.004541803708866202,6.184262019451436e-5,0.0044799180585283135,FALSE,TRUE
364,Crosby Lostwood,893,2030,45,0.12736127364856104,0.12333380029975619,0.0040353450168632175,7.877437666036226e-6,0.03168423886838863,6.185112193344674e-5,0.0316224330475699,FALSE,TRUE
365,Crosby Lostwood,894,2030,45,0.12086219268955556,0.11946263459755646,0.0014100613422204846,1.0503250221381635e-5,0.01166668675159934,8.690269461154072e-5,0.01157978405698776,FALSE,TRUE
366,Crosby Lostwood,895,2030,45,0.24349762942039282,0.24204524736487798,0.0014602542043738501,7.877437666036226e-6,0.00599699556767658,3.2351188324860524e-5,0.005964666099509913,FALSE,TRUE
367,Crosby Lostwood,896,2030,45,0.4369789043715298,0.42813594722322884,0.008848211978749252,5.251625110690818e-6,0.020248602141274746,1.2018028921198817e-5,0.020236576777130814,FALSE,TRUE
368,Crosby Lostwood,897,2030,45,0.4447131121683362,0.4335431106995027,0.011169975826132746,0,0.025117262164072646,0,0.025117319825293027,FALSE,FALSE
369,Crosby Lostwood,898,2030,45,0.48907059441089556,0.483432974854569,0.005637619556326592,0,0.011527210224358967,0,0.011527210224358937,FALSE,FALSE
370,Crosby Lostwood,975,2030,45,0.13549094317611485,0.12891592905169053,0.00658025997992734,5.251625110690818e-6,0.048566050436110245,3.8759971608320796e-5,0.04852733304747859,FALSE,TRUE
371,Crosby Lostwood,977,2030,45,0.015565733489310191,0.015576236739531573,0,1.0503250221381635e-5,0,6.747674453372063e-4,-6.747674453372334e-4,FALSE,TRUE
372,Crosby Lostwood,981,2030,45,0.3434038890730361,0.33240181652278117,0.01100468810572996,2.625812555345409e-6,0.032045904125999725,7.646426376921269e-6,0.03203828756847589,FALSE,TRUE
373,Crosby Lostwood,982,2030,45,0.4308829574393319,0.4239211077886877,0.006961825290078525,0,0.016157114524676337,0,0.01615717106106349,FALSE,FALSE
374,Crosby Lostwood,983,2030,45,0.22869264178021656,0.227162100772859,0.0015305443729620154,0,0.006692582503082606,0,0.0066925677863674815,FALSE,TRUE
375,Crosby Lostwood,1066,2030,45,0.1467286618890514,0.14557330436469942,0.0011553575243519799,0,0.007874109321773829,0,0.00787410932177379,FALSE,FALSE
376,Crosby Lostwood,1067,2030,45,0.11713622621600218,0.11708633577745063,5.776787621759899e-5,7.877437666036226e-6,4.931683227618547e-4,6.7250225831162e-5,4.2591809693060987e-4,FALSE,TRUE
377,Crosby Lostwood,1068,2030,45,0.14037398010642935,0.1396019912151578,7.719888912715502e-4,0,0.005499515584627866,0,0.00549951558462792,FALSE,FALSE
378,Detroit Lakes,1089,2030,45,0.01233827650368112,0.012209611688469194,1.2866481521192502e-4,0,0.01042810275596741,0,0.010428102755967512,FALSE,FALSE
379,Detroit Lakes,1090,2030,45,0.0928499012641672,0.09282889476372444,7.877437666036226e-5,5.776787621759899e-5,8.484056050446551e-4,6.221641103660805e-4,2.2624149467854643e-4,FALSE,TRUE
380,Detroit Lakes,1174,2030,45,0.05112181129797594,0.05078045566578104,3.4135563219490314e-4,0,0.006677299249144922,0,0.006677299249144902,FALSE,FALSE
381,Detroit Lakes,1175,2030,45,0.04727568825731478,0.04718903644298838,8.665181432639849e-5,0,0.0018329043430264857,0,0.0018329043430264768,FALSE,FALSE
382,Detroit Lakes,1179,2030,45,0.2628074446691912,0.25814627864272305,0.008654678182418466,0.003993511514882841,0.03293163248595389,0.015195579866124694,0.017736050180524363,FALSE,TRUE
383,Detroit Lakes,1259,2030,45,0.06222357754015147,0.06122576876912021,9.978087710312553e-4,0,0.016035863100082794,0,0.016035863100082797,FALSE,FALSE
384,Detroit Lakes,1260,2030,45,0.06707268917739251,0.0667365851703083,3.3610400708421233e-4,0,0.005011041173484057,0,0.005011041173484051,FALSE,FALSE
385,Detroit Lakes,1261,2030,45,0.440561210178481,0.4356378116372083,0.004944405041715404,2.100650044276327e-5,0.011222969538585382,4.7681230116135456e-5,0.011175288308469292,FALSE,TRUE
386,Detroit Lakes,1262,2030,45,0.38556992559655384,0.3778999271223899,0.008171528672234913,5.015301980709731e-4,0.021193376686711035,0.0013007503043579072,0.019892626382353132,FALSE,TRUE
387,Detroit Lakes,1263,2030,45,0.32712799509033347,0.3246271342871334,0.0034187835864940234,9.179194176895248e-4,0.010450904960151627,0.0028059946915764563,0.007644899980233931,FALSE,TRUE
388,Detroit Lakes,1264,2030,45,0.22158487490530537,0.21406389129365727,0.009129554075209618,0.0016085683800920964,0.041201160860420395,0.0072593780635051034,0.03394177339433572,FALSE,TRUE
389,Detroit Lakes,1344,2030,45,0.056990615187056164,0.05603459888968411,9.560176596405333e-4,0,0.016775001577060817,0,0.016774977673678228,FALSE,TRUE
390,Detroit Lakes,1345,2030,45,0.014071326893694494,0.013842509382218773,2.28817751876039e-4,0,0.016261277533007535,0,0.016261260448597485,FALSE,TRUE
391,Detroit Lakes,1346,2030,45,0.279193089411043,0.27794455656929745,0.0012905377491536714,4.201300088552654e-5,0.004622384285642804,1.5048008879500865e-4,0.00447193318566483,FALSE,TRUE
392,Detroit Lakes,1347,2030,45,0.24490779333341625,0.23964131597045926,0.005544824391971416,2.7833613086661335e-4,0.022640457114497452,0.0011364935638764583,0.021503919051637663,FALSE,TRUE
393,Detroit Lakes,1348,2030,45,0.19259028341429077,0.18672079230083083,0.0063237489927244804,4.542655720747557e-4,0.03283524423255114,0.0023587149051417194,0.030476569271326005,FALSE,TRUE
394,Detroit Lakes,1349,2030,45,0.014683746386827339,0.014061512149987868,8.560148930426033e-4,2.3378135737073095e-4,0.05829676367950122,0.015921097464639825,0.0423757139661355,FALSE,TRUE
395,Detroit Lakes,1429,2030,45,0.06250252909583574,0.061643888390237794,8.586407055979487e-4,0,0.013737695386396067,0,0.01373769538639607,FALSE,FALSE
396,Detroit Lakes,1430,2030,45,0.01961925084711735,0.017656109785536722,0.0019631413821143856,0,0.10006199509920784,0,0.10006197876149135,FALSE,TRUE
397,Detroit Lakes,1431,2030,45,0.232265408502494,0.22573478702158348,0.006556876401126369,2.6258125553454086e-5,0.02823010298176176,1.1305224364984222e-4,0.028117064538434686,FALSE,TRUE
398,Detroit Lakes,1432,2030,45,0.10216369942629855,0.10072475414596926,0.0014494485305506656,1.0503250221381635e-5,0.014187510228095309,1.0280804513112544e-4,0.01408470218296419,FALSE,TRUE
399,Detroit Lakes,1433,2030,45,0.14092160562334297,0.13757407412724848,0.0034079325571439124,6.03936887729444e-5,0.024183180017496232,4.2856230956071713e-4,0.023754565393200314,FALSE,TRUE
401,Detroit Lakes,1515,2030,45,0.0455162246034085,0.04392842857384807,0.0015877989143642597,0,0.03488424025057115,0,0.034884176870889315,FALSE,TRUE
402,Detroit Lakes,1516,2030,45,0.2949114290231071,0.2852205805893566,0.009703982625067347,1.3129062776727043e-5,0.03290473569373608,4.45186638585592e-5,0.03286019963977439,FALSE,TRUE
403,Detroit Lakes,1517,2030,45,0.18052186428247796,0.17445270884400885,0.006077035440405249,7.877437666036226e-6,0.03366370862919958,4.3637028109291664e-5,0.0336200573963284,FALSE,TRUE
404,Detroit Lakes,1518,2030,45,0.15102111665017967,0.14548447804935064,0.0057624571984537,2.2581987975970515e-4,0.03815663217351031,0.0014952867835217169,0.03666135387976188,FALSE,TRUE
405,Detroit Lakes,1600,2030,45,0.02037415785329375,0.019182038953166933,0.0011921189001268156,0,0.058511321484342675,0,0.05851132148434269,FALSE,FALSE
406,Detroit Lakes,1601,2030,45,0.35111647494458204,0.332229579630479,0.018910526344966115,2.363231299810868e-5,0.05385827124161813,6.730619234497229e-5,0.053790968700867775,FALSE,TRUE
407,Detroit Lakes,1602,2030,45,0.11099844065328376,0.10990872844281542,0.0011080928983557626,1.838068788741786e-5,0.009982959146399331,1.6559410906349603e-4,0.009817365037335827,FALSE,TRUE
408,Detroit Lakes,1603,2030,45,0.09002044463665841,0.09036353371542305,1.9956175420625106e-4,5.426578045801565e-4,0.0022168492392114322,0.0060281617889184885,-0.0038112351049744164,TRUE,TRUE
409,Detroit Lakes,1685,2030,45,0.10302157085087442,0.09447776144935724,0.00855956684111933,1.5754875332072452e-5,0.08308519051325142,1.5292792763641624e-4,0.08293223769500174,FALSE,TRUE
410,Detroit Lakes,1686,2030,45,0.3110745771792146,0.3036195671080196,0.007476015930570279,2.100650044276327e-5,0.024032873397632996,6.752882422359163e-5,0.023965346634225573,FALSE,TRUE
411,Detroit Lakes,1687,2030,45,0.08409576530267489,0.08207309471133611,0.0024427986769914845,4.201300088552654e-4,0.029047820282025363,0.004995852137656949,0.024051991013564596,FALSE,TRUE
412,Detroit Lakes,1688,2030,45,0.05244613370601622,0.05226058312349201,8.770213934853665e-4,6.914740964321857e-4,0.01672232691930085,0.013184462753883897,0.003537926810092468,FALSE,TRUE
413,Detroit Lakes,1770,2030,45,0.05833143098020971,0.053734571718646824,0.004596857338360325,0,0.07880583865531973,0,0.07880587162558167,FALSE,FALSE
414,Detroit Lakes,1771,2030,45,0.277728398859175,0.2649834432253096,0.012818474539009984,7.352275154967145e-5,0.04615471299177338,2.647289648868494e-4,0.04588999787640682,FALSE,TRUE
415,Devils Lake,654,2030,45,0.16698755452040273,0.16575342261939038,0.00125251258889976,1.838068788741786e-5,0.007500634358632557,1.1007220232794108e-4,0.007390562156304648,FALSE,TRUE
416,Devils Lake,655,2030,45,0.24974349383817246,0.2435030861871094,0.006240390342240077,0,0.02498719885084852,0,0.02498726815725056,FALSE,FALSE
417,Devils Lake,656,2030,45,0.06777103736069101,0.0671422988528099,6.287353826769528e-4,0,0.00927734629958071,0,0.009277392413736325,FALSE,FALSE
418,Devils Lake,657,2030,45,0.10296077713597,0.10216515593170034,7.956212042696589e-4,0,0.007727420347837521,0,0.0077274203478376,FALSE,FALSE
419,Devils Lake,658,2030,45,0.092788697266051,0.09218738619087691,6.013110751740986e-4,0,0.00648043450216757,0,0.006480434502167546,FALSE,FALSE
420,Devils Lake,659,2030,45,0.1464223034148207,0.14527356170725858,0.0011513693631866055,2.625812555345409e-6,0.007863346883191192,1.7933146072059585e-5,0.007845401149766739,FALSE,TRUE
421,Devils Lake,660,2030,45,0.2542465162006628,0.2503655652438623,0.005553593554555539,0.0016726425977550254,0.021843341798919256,0.006578822092629582,0.015264519706289705,FALSE,TRUE
422,Devils Lake,661,2030,45,0.024210519999919827,0.023643344487965217,6.03936887729444e-4,3.676137577483572e-5,0.024945225783314193,0.0015184050476799943,0.02342682073563428,FALSE,TRUE
423,Devils Lake,662,2030,45,0.06581419158214102,0.06314111440079939,0.0026967094943397348,2.363231299810868e-5,0.04097458966694197,3.590762482984204e-4,0.04061551341864364,FALSE,TRUE
424,Devils Lake,739,2030,45,0.16241544046504988,0.16160765436355115,8.077808928251331e-4,0,0.0049735474072673475,0,0.004973579477331517,FALSE,FALSE
425,Devils Lake,740,2030,45,0.3267773875717131,0.32521055701427426,0.0015983351795628385,3.1509750664144904e-5,0.004891204962008196,9.642573771182351e-5,0.004794794918589606,FALSE,TRUE
426,Devils Lake,741,2030,45,0.060094935923751945,0.05818859600857118,0.0019063399151807668,0,0.03172213907673549,0,0.03172213907673545,FALSE,FALSE
427,Devils Lake,742,2030,45,0.30307167490701825,0.2985552773118242,0.004516397595194103,0,0.014902077525323753,0,0.01490207752532363,FALSE,FALSE
428,Devils Lake,743,2030,45,0.059602934553274395,0.05653073386352027,0.003072200689754128,0,0.05154445352028982,0,0.05154445352028978,FALSE,FALSE
429,Devils Lake,744,2030,45,0.053595054912483515,0.053311467156506205,2.8358775597730416e-4,0,0.0052913045138283845,0,0.0052913045138285,FALSE,FALSE
430,Devils Lake,745,2030,45,0.2064634973663706,0.20445493538897663,0.002192358599187824,1.838068788741786e-4,0.010618625699716168,8.902633212107819e-4,0.009728412058378336,FALSE,TRUE
431,Devils Lake,746,2030,45,0.04515350347296053,0.04332856374699547,0.001838068788741786,1.3129062776727043e-5,0.040707113454496055,2.9076509610354327e-4,0.04041634835839246,FALSE,TRUE
432,Devils Lake,747,2030,45,0.013388779742589396,0.013331011866371797,5.776787621759899e-5,0,0.0043146483345185465,0,0.004314648334518526,FALSE,FALSE
433,Devils Lake,824,2030,45,0.2893533223532221,0.28628729642580514,0.0030686325079467424,2.625812555345409e-6,0.010605140051582931,9.074762072854316e-6,0.010596131755052604,FALSE,TRUE
434,Devils Lake,825,2030,45,0.3180496174351173,0.3135594164229949,0.004511216487510436,2.100650044276327e-5,0.014184002244337654,6.604787206527182e-5,0.01411792615357695,FALSE,TRUE
435,Devils Lake,826,2030,45,0.27635577586002874,0.27459701481612264,0.0017587778719284771,0,0.006364179892586285,0,0.006364118999983891,FALSE,TRUE
436,Devils Lake,827,2030,45,0.22183467583879318,0.21955231136002273,0.002282347650748107,0,0.010288507160200168,0,0.010288583018594616,FALSE,FALSE
437,Devils Lake,828,2030,45,0.140976809229487,0.14014312400024512,8.336886749797844e-4,0,0.005913658278523503,0,0.005913633836645955,FALSE,TRUE
438,Devils Lake,829,2030,45,0.2836125781116164,0.27872778722057157,0.004884781275032052,0,0.017223429607940856,0,0.017223463513393263,FALSE,FALSE
439,Devils Lake,830,2030,45,0.2712257176649862,0.26470379418816525,0.0066453289741119385,1.234131901012342e-4,0.02450110200213442,4.550202361476365e-4,0.024046110129116647,FALSE,TRUE
440,Devils Lake,831,2030,45,0.023081605228566598,0.02222821614807934,9.295376445922747e-4,7.614856410501685e-5,0.04027179372437436,0.0032991017457820802,0.03697269197859232,FALSE,TRUE
441,Devils Lake,832,2030,45,0.010916107960308228,0.01085834008409063,7.089693899432604e-5,1.3129062776727043e-5,0.0064947084851224015,0.0012027237935411854,0.00529198469158119,FALSE,TRUE
442,Devils Lake,907,2030,45,0.48725607587850955,0.4807330651511774,0.006523001111319347,0,0.013387213488428137,0,0.013387233223457137,FALSE,FALSE
443,Devils Lake,908,2030,45,0.24122412705899665,0.2395462328361309,0.0016778942228657162,0,0.006955747931695698,0,0.0069557479316957925,FALSE,FALSE
444,Devils Lake,909,2030,45,0.2541587566216646,0.2535443164837138,6.144401379508256e-4,0,0.00241754463280393,0,0.002417544632803874,FALSE,FALSE
445,Devils Lake,910,2030,45,0.43101634051147925,0.4266135093093038,0.007050418897918142,0.00264756269410951,0.016357660337312358,0.006142603992618227,0.01021499833846364,FALSE,TRUE
446,Devils Lake,911,2030,45,0.09263709761930099,0.09231423550287675,4.252693670167973e-4,1.0240668965847094e-4,0.004590702622878723,0.0011054609037873663,0.003485235663913654,FALSE,TRUE
447,Devils Lake,912,2030,45,0.23246246752910843,0.2288507239017126,0.0036222420696108374,1.0503250221381635e-5,0.015582051193521244,4.5182563589825276e-5,0.015536889312867574,FALSE,TRUE
448,Devils Lake,913,2030,45,0.381986758194858,0.37751910224522245,0.004470247144544856,2.625812555345409e-6,0.011702623320425433,6.874093143317646e-6,0.01169583985253364,FALSE,TRUE
449,Devils Lake,914,2030,45,0.36720216163030683,0.3640696903367433,0.003132461677550765,0,0.008530618838525456,0,0.008530645025769902,FALSE,FALSE
450,Devils Lake,915,2030,45,0.19388702453341963,0.1866675990824245,0.007285071405946291,6.564531388363521e-5,0.03757379547949372,3.385750750552168e-4,0.03723521709804126,FALSE,TRUE
451,Devils Lake,916,2030,45,0.028888987156574373,0.028248288893070093,6.827112643898063e-4,4.201300088552654e-5,0.02363223261132709,0.0014542912376201286,0.02217794137370695,FALSE,TRUE
452,Devils Lake,917,2030,45,0.02686855260873976,0.026101815342578903,8.061244544910405e-4,3.938718833018113e-5,0.030002526233170655,0.0014659214771907485,0.028536604755979827,FALSE,TRUE
453,Devils Lake,992,2030,45,0.42122706513522445,0.4129068498270431,0.008320235181274416,0,0.019752375547386566,0,0.01975232836833582,FALSE,TRUE
454,Devils Lake,993,2030,45,0.33544213820698054,0.3333940044138112,0.0020481337931694188,0,0.0061057737233526765,0,0.006105773723352534,FALSE,FALSE
455,Devils Lake,994,2030,45,0.2533086498068715,0.2510379168571548,0.003663123586326397,0.001392394643281679,0.01446110738468366,0.005496830228037114,0.008964292973998133,FALSE,TRUE
456,Devils Lake,995,2030,45,0.4261280622131343,0.4213787058102957,0.005792936753615785,0.0010436157697575224,0.013594356409032646,0.002449066049152948,0.0111453734780395,FALSE,TRUE
457,Devils Lake,996,2030,45,0.3536759447045838,0.3518459995234351,0.0018824862736219322,5.251625110690817e-5,0.005322630226362507,1.4848691830249755e-4,0.005174073070412554,FALSE,TRUE
458,Devils Lake,997,2030,45,0.43581755671228595,0.43207089145069866,0.003765025755847891,1.838068788741786e-5,0.008638995143404587,4.217518914583851e-5,0.008596866289305387,FALSE,TRUE
459,Devils Lake,998,2030,45,0.625055805772233,0.6125691644484997,0.0125470119340756,6.03936887729444e-5,0.020073426753590806,9.662127479694436e-5,0.019976842400986024,FALSE,TRUE
460,Devils Lake,999,2030,45,0.3822566014632409,0.37117333386537615,0.011083290676295392,0,0.0289943735016469,0,0.028994313127462285,FALSE,TRUE
461,Devils Lake,1000,2030,45,0.1697924864689278,0.16594017328030902,0.0040387510085884495,1.8643269142952403e-4,0.023786394160188854,0.0010980031879304706,0.022688360767505224,FALSE,TRUE
462,Devils Lake,1001,2030,45,0.06512664410439244,0.06182355653721321,0.0035000235088301322,1.9693594165090566e-4,0.053741806551860616,0.0030238920546133805,0.05071791449724719,FALSE,TRUE
463,Devils Lake,1002,2030,45,0.03737295931592458,0.037278430063932146,1.522971282100337e-4,5.776787621759899e-5,0.00407506205014758,0.0015457131914352886,0.002529348858712346,FALSE,TRUE
464,Devils Lake,1077,2030,45,0.3754576342476704,0.37057850526494807,0.004879158471828211,0,0.012995230424878447,0,0.012995151883111913,FALSE,TRUE
465,Devils Lake,1078,2030,45,0.25198353760364856,0.24718092643992182,0.004802611163726753,0,0.01905922588991073,0,0.019059225889910675,FALSE,FALSE
466,Devils Lake,1079,2030,45,0.3714332482800342,0.3667900731724023,0.0066073014899882725,0.0019641077913983658,0.017788664640508534,0.005287915932387314,0.012500698656172211,FALSE,TRUE
467,Devils Lake,1080,2030,45,0.7131185020072756,0.7084516125300032,0.004735143294888321,6.827112643898063e-5,0.0066400511016891425,9.573601897414254e-5,0.0065443393547300315,FALSE,TRUE
468,Devils Lake,1081,2030,45,0.6505933509208507,0.6466911883220015,0.003920559313424541,1.838068788741786e-5,0.00602612877594795,2.825219142095721e-5,0.005997851950571134,FALSE,TRUE
469,Devils Lake,1082,2030,45,0.43046007853295776,0.4271922137795092,0.003267847765159301,0,0.00759152341442762,0,0.007591562879850969,FALSE,FALSE
470,Devils Lake,1083,2030,45,0.43434763504946783,0.4251132677171357,0.00927112870810698,3.676137577483572e-5,0.021344950357680872,8.463583730725038e-5,0.021260314520373583,FALSE,TRUE
471,Devils Lake,1084,2030,45,0.48551569552249085,0.4770172942154366,0.008506273616180128,7.877437666036226e-6,0.017520079566173543,1.622488776095873e-5,0.0175038652414906,FALSE,TRUE
472,Devils Lake,1085,2030,45,0.226740062947069,0.2232194432210079,0.0036850673274810538,1.6446050290373868e-4,0.016252387335454293,7.253261764425412e-4,0.015527118058897994,FALSE,TRUE
473,Devils Lake,1086,2030,45,0.1090016538040677,0.10669854950894213,0.002493133054799536,1.9002419206789152e-4,0.022872433286938786,0.001743314761163745,0.02112907662176801,FALSE,TRUE
474,Devils Lake,1087,2030,45,0.04947632432030012,0.04786670122387338,0.0016805200354210615,7.089693899432604e-5,0.033966145596057234,0.0014329467673336648,0.032533198828723645,FALSE,TRUE
475,Devils Lake,1088,2030,45,0.07065736436989165,0.06967268466163712,0.0011422284615752528,1.5754875332072452e-4,0.016165738302884907,0.00222975700729447,0.013935981295590417,FALSE,TRUE
476,Devils Lake,1165,2030,45,0.4142158173858828,0.40570592814889894,0.00851780257443094,7.877437666036226e-6,0.020563682546424267,1.9017713316093907e-5,0.02054457816384175,FALSE,TRUE
477,Devils Lake,1166,2030,45,0.5138495669292666,0.5033988329589919,0.010503250221381636,5.251625110690817e-5,0.020440321248392623,1.022016062419631e-4,0.02033811964215068,FALSE,TRUE
478,Devils Lake,1167,2030,45,0.5613367715678708,0.5507490850615062,0.01064543450948899,5.776787621759899e-5,0.018964434629420778,1.029112631553558e-4,0.01886155876942118,FALSE,TRUE
479,Devils Lake,1168,2030,45,0.3951272268448723,0.3931830998458873,0.0020675198351925595,1.234131901012342e-4,0.00523254206424067,3.123378540291947e-4,0.004920255722464462,FALSE,TRUE
480,Devils Lake,1169,2030,45,0.4578845982291605,0.4524556897426627,0.005460423365702102,3.1509750664144904e-5,0.011925326570974306,6.881592171041974e-5,0.011856499448755765,FALSE,TRUE
481,Devils Lake,1170,2030,45,0.2937390037171454,0.2845092725851063,0.009234982757149802,5.251625110690818e-6,0.031439416081231714,1.787854198534644e-5,0.0314215375392464,FALSE,TRUE
482,Devils Lake,1171,2030,45,0.12549259773222102,0.12309840030700159,0.0023968267636461107,2.625812555345409e-6,0.019099347746075943,2.092404335232926e-5,0.019078395606474122,FALSE,TRUE
483,Devils Lake,1172,2030,45,0.04354449580135145,0.04316375298082637,4.2538163396595624e-4,4.463881344087195e-5,0.00976889561212359,0.0010251310210253148,0.008743764591098217,FALSE,TRUE
484,Devils Lake,1173,2030,45,0.04743269338537991,0.047038821502078096,4.3325907163199246e-4,3.938718833018113e-5,0.009134186585439298,8.303805986762998e-4,0.008303805986762985,FALSE,TRUE
485,Devils Lake,1253,2030,45,0.440669771116316,0.43435760493151393,0.006327924906539305,1.5754875332072452e-5,0.014359788942430162,3.575211272641143e-5,0.014324028101160487,FALSE,TRUE
486,Devils Lake,1254,2030,45,0.35248616441876407,0.34725866396092553,0.005237998900053575,1.0503250221381635e-5,0.014860154606893099,2.9797624081787963e-5,0.014830370623081008,FALSE,TRUE
487,Devils Lake,1255,2030,45,0.17635541775276542,0.17469623244435653,0.0016880612331736998,2.8883938108799495e-5,0.009571927274387517,1.6378253912954465e-4,0.009408190173861963,FALSE,TRUE
488,Devils Lake,1256,2030,45,0.09936961946872486,0.0977121983781266,0.001691563385026691,3.413556321949032e-5,0.017022943169859736,3.4352112247178316e-4,0.0166793543082844,FALSE,TRUE
489,Devils Lake,1257,2030,45,0.05880344642973378,0.05851723286120113,4.1750419629991997e-4,1.3129062776727043e-4,0.007099995351442705,0.0022327029407052533,0.004867292410737493,FALSE,TRUE
490,Devils Lake,1258,2030,45,0.02777016278796068,0.026893141394475316,8.770213934853665e-4,0,0.03158142788653675,0,0.03158142788653667,FALSE,FALSE
492,Fergus Falls,1855,2030,45,0.08059569563698343,0.07571168428404097,0.004886637165497806,2.625812555345409e-6,0.060631490638259906,3.258005945097254e-5,0.06059891057880894,FALSE,TRUE
493,Fergus Falls,1856,2030,45,0.2595705562982315,0.2550673493082959,0.004597724382178954,9.452925199243472e-5,0.01771281168306484,3.641755572763272e-4,0.017348681815674394,FALSE,TRUE
495,Fergus Falls,1940,2030,45,0.060258274798898816,0.05886921995712109,0.0014547001556613564,6.564531388363521e-5,0.02414108536157328,0.0010893991589157619,0.023051686202657577,FALSE,TRUE
496,Fergus Falls,1941,2030,45,0.10354714364515527,0.1017642784625575,0.0018196276802407596,3.676137577483572e-5,0.017572939399240452,3.5502066479798744e-4,0.017217907900071574,FALSE,TRUE
497,Fergus Falls,1942,2030,45,0.010682954268138086,0.010656696142584632,3.1509750664144904e-5,5.251625110690818e-6,0.0029495352945694752,4.915892157615792e-4,0.0024579460788079137,FALSE,TRUE
498,Fergus Falls,2025,2030,45,0.050226316902880506,0.04975602464284588,5.514206366225359e-4,8.112760530355017e-5,0.01097871933729052,0.0016152409793539423,0.009363463001756722,FALSE,TRUE
499,Fergus Falls,2026,2030,45,0.046475943706766804,0.04615822038757001,3.3610400708421233e-4,1.838068788741786e-5,0.007231784451862056,3.954882122112062e-4,0.006836296239650816,FALSE,TRUE
500,Fergus Falls,2027,2030,45,0.13054886649162625,0.13011093019138004,6.049236909738533e-4,1.6698579807553575e-4,0.004633695467686459,0.0012791056909425304,0.0033545775770815064,FALSE,TRUE
501,Fergus Falls,2111,2030,45,0.029192594169016112,0.028975259458929883,2.1733438955247138e-4,0,0.007444846740723771,0,0.007444857720692038,FALSE,FALSE
502,Fergus Falls,2112,2030,45,0.15188239342541326,0.14672566682160545,0.0052549487252399356,9.822127001435053e-5,0.03459880112977379,6.466929299648234e-4,0.03395210259403889,FALSE,TRUE
503,Fergus Falls,2113,2030,45,2.100650044276327e-5,2.100650044276327e-5,0,0,0,0,0,FALSE,FALSE
504,Fergus Falls,2197,2030,45,0.16484595821159148,0.16012243939401422,0.0049204541181606535,1.9693594165090566e-4,0.02984880048951459,0.0011946664861392864,0.028654137892263603,FALSE,TRUE
505,Fergus Falls,2198,2030,45,0.11561809627580077,0.11349103424976657,0.0021296904028596146,2.625812555345409e-6,0.018420043846590867,2.271108623931736e-5,0.018397310581556445,FALSE,TRUE
508,Huron,2689,2030,45,0.15894516248907328,0.1577556694015018,0.00118949308757147,0,0.007483669643945546,0,0.007483669643945682,FALSE,FALSE
509,Huron,2690,2030,45,0.18227077852930154,0.18032767723834595,0.0019431012909556025,0,0.010660520060505656,0,0.010660520060505618,FALSE,FALSE
510,Huron,2691,2030,45,0.310999803063869,0.31093678356254073,6.301950132828981e-5,0,2.026351808182583e-4,0,2.0263518081814372e-4,FALSE,FALSE
511,Huron,2692,2030,45,0.696224434309395,0.6897307998600257,0.006493634449369196,0,0.009326926964019036,0,0.009326926964019091,FALSE,FALSE
512,Huron,2693,2030,45,0.5451285332867895,0.5451285332867895,0,0,0,0,0,FALSE,FALSE
513,Huron,2694,2030,45,0.506448098817208,0.5024017216694207,0.004046377147787275,0,0.007989717321947597,0,0.007989717321947701,FALSE,FALSE
514,Huron,2695,2030,45,0.17309471244136232,0.17192685153613155,0.0011678637900345862,0,0.006746963980371223,0,0.006746947314328838,FALSE,TRUE
515,Huron,2773,2030,45,0.23301626780835924,0.23291911274381147,9.715506454778013e-5,0,4.169454152775456e-4,0,4.169454152775084e-4,FALSE,FALSE
516,Huron,2774,2030,45,0.20859580076043518,0.20645576352782866,0.0021400372326065083,0,0.010259253660931864,0,0.010259253660931961,FALSE,FALSE
517,Huron,2775,2030,45,0.12696390410087885,0.1269087620372166,5.5142063662253585e-5,0,4.3431291793327807e-4,0,4.343129179332511e-4,FALSE,FALSE
518,Huron,2776,2030,45,0.24949816499169297,0.24934537552362881,1.5279415587038923e-4,0,6.124059304222799e-4,0,6.123871414815592e-4,FALSE,TRUE
519,Huron,2777,2030,45,0.38487900866792857,0.38185714972825896,0.003021846759386766,0,0.007851420034169746,0,0.00785145168121354,FALSE,FALSE
520,Huron,2778,2030,45,0.48003102954751314,0.4766721639776934,0.0033588777501025774,0,0.006997209645527963,0,0.006997184271579005,FALSE,TRUE
521,Huron,2779,2030,45,0.42913154046491653,0.4120847653556141,0.017046775109302394,0,0.03972389233108827,0,0.03972389233108832,FALSE,FALSE
522,Huron,2780,2030,45,0.14472026402494217,0.14324655749949544,0.0014737036406428949,0,0.01018311879522902,0,0.010183138728884183,FALSE,FALSE
523,Huron,2858,2030,45,0.04020120304368858,0.04003840266525716,1.6280037843141535e-4,0,0.004049639466124742,0,0.004049639466124753,FALSE,FALSE
524,Huron,2859,2030,45,0.12172641324683361,0.11777719116359413,0.003949222083239495,0,0.032443427666199,0,0.03244342766619894,FALSE,FALSE
525,Huron,2860,2030,45,0.2653573138020375,0.2645755806844863,7.817270274097276e-4,0,0.0029459411395493457,0,0.002945964090269576,FALSE,FALSE
526,Huron,2861,2030,45,0.28718366267272555,0.28705549019736776,1.281677875515695e-4,0,4.4629205700196634e-4,0,4.4630838037557855e-4,FALSE,FALSE
527,Huron,2862,2030,45,0.2888455353361716,0.288735251208847,1.1028412732450717e-4,0,3.818100466609376e-4,0,3.818100466611061e-4,FALSE,FALSE
528,Huron,2863,2030,45,0.47862105026193497,0.46590161424384186,0.01271943601809316,0,0.026575170505209064,0,0.026575170505208964,FALSE,FALSE
529,Huron,2864,2030,45,0.35766201022024047,0.35073802971004286,0.006923995254750525,0,0.01935904585026204,0,0.01935900462543944,FALSE,TRUE
530,Huron,2865,2030,45,0.1926761351763542,0.18631875578161475,0.006357364650186552,0,0.03299508080939931,0,0.032995157334459846,FALSE,FALSE
531,Huron,2866,2030,45,0.07811128206203534,0.0761655549585244,0.0019457271035109478,0,0.024909680805977136,0,0.024909680805977087,FALSE,FALSE
532,Huron,2867,2030,45,0.11337651394828051,0.11048286851228988,0.0028936454359906405,0,0.02552244142301507,0,0.025522441423015005,FALSE,FALSE
533,Huron,2868,2030,45,0.276935136783373,0.2725088578956448,0.004426262861040265,0,0.015983030945266513,0,0.015983088816897216,FALSE,FALSE
534,Huron,2869,2030,45,0.057559913914631694,0.056281143200178484,0.001278770714453214,0,0.022216341677469942,0,0.022216341677469876,FALSE,FALSE
535,Huron,2945,2030,45,0.3230401177956754,0.32031901696439574,0.0027211069214210476,0,0.008423433411271112,0,0.00842341455868569,FALSE,TRUE
536,Huron,2946,2030,45,0.5186748257262832,0.512333488405124,0.0063413373211591625,0,0.01222603644254297,0,0.01222603644254296,FALSE,FALSE
537,Huron,2947,2030,45,0.6243377691233095,0.6214309946245422,0.0029067744987673677,0,0.004655772311915454,0,0.004655772311915355,FALSE,FALSE
538,Huron,2948,2030,45,0.438113952876899,0.4343459118599784,0.003770666829476007,2.625812555345409e-6,0.008606589232585995,5.993446540798046e-6,0.008600595786045127,FALSE,TRUE
539,Huron,2949,2030,45,0.5108452270827397,0.5108452270827397,0,0,0,0,0,FALSE,FALSE
540,Huron,2950,2030,45,0.5001527542440886,0.4980284718868141,0.0021347856074958173,1.0503250221381635e-5,0.004268267223125162,2.100008473862318e-5,0.004247267138386597,FALSE,TRUE
541,Huron,2951,2030,45,0.2792895469941308,0.273434908132937,0.006056811042334928,2.0218756676159647e-4,0.021686493846696707,7.239353170845502e-4,0.020962613618034136,FALSE,TRUE
542,Huron,2952,2030,45,0.08993318765459464,0.08814406565301734,0.001789116712770274,0,0.01989384296753401,0,0.0198939017757133,FALSE,FALSE
543,Huron,2953,2030,45,0.25203053554555715,0.24430051263751085,0.007732632693913674,2.625812555345409e-6,0.030681332629696054,1.0418628638238027e-5,0.030670977591320578,FALSE,TRUE
544,Huron,2954,2030,45,0.045086863222288345,0.04225360891080058,0.002833251747217696,0,0.06283985056243832,0,0.06283990743643414,FALSE,FALSE
545,Huron,3031,2030,45,0.25366528848870495,0.251988153289781,0.0016771329551876224,0,0.006611598162206969,0,0.006611607007470427,FALSE,FALSE
546,Huron,3033,2030,45,0.44886390639351964,0.44819957581701725,6.643305765023884e-4,0,0.0014800267231109665,0,0.0014800267231109747,FALSE,FALSE
547,Huron,3034,2030,45,0.6131383913765132,0.6101160811253106,0.003024936063757911,2.625812555345409e-6,0.004933529047115845,4.282577297843616e-6,0.004929246469818036,FALSE,TRUE
548,Huron,3035,2030,45,0.5838321077295149,0.5765800237348626,0.007252092969597504,0,0.012421538441591405,0,0.012421523069115115,FALSE,TRUE
549,Huron,3036,2030,45,0.4270302749958225,0.4207015333692648,0.0067914705720103444,4.627509020151099e-4,0.01590395569044088,0.001083648933368101,0.014820358173948283,FALSE,TRUE
550,Huron,3037,2030,45,0.1033292012030616,0.09874645055544357,0.004582747442280454,0,0.04435094231759792,0,0.04435097333823436,FALSE,FALSE
551,Huron,3038,2030,45,0.21479591860010216,0.2122201811107536,0.0025757354058791133,0,0.011991547244780321,0,0.011991556944543038,FALSE,FALSE
552,Huron,3039,2030,45,0.09068516498221198,0.08615545369679585,0.004529713529152442,0,0.04994988463704016,0,0.04994985989499646,FALSE,TRUE
553,Huron,3118,2030,45,0.06839947328470343,0.06801886893476232,3.858559750518018e-4,5.251625110690818e-6,0.005641212666152109,7.677873612902907e-5,0.005564433930023073,FALSE,TRUE
554,Huron,3119,2030,45,0.2636566898892395,0.263181417816722,4.805236976282098e-4,5.251625110690818e-6,0.0018225355777244823,1.9918421614475216e-5,0.0018026171561100054,FALSE,TRUE
555,Huron,3120,2030,45,0.5485095951783661,0.5475087503115676,0.0010008356514527965,0,0.0018246456584361877,0,0.0018246624591370252,FALSE,FALSE
556,Huron,3121,2030,45,0.5271101254753668,0.5231130233413135,0.004406113467869596,4.090188663595658e-4,0.008358999865343138,7.759647303126608e-4,0.007583049425295376,FALSE,TRUE
557,Huron,3122,2030,45,0.03256200914591855,0.030778279804305985,0.0017837288608119242,0,0.054779447202369685,0,0.054779461968063034,FALSE,FALSE
558,Huron,3123,2030,45,0.27758500487666043,0.27301346521780406,0.004576791283967047,5.251625110690818e-6,0.01648789092912514,1.8918979838353576e-5,0.016468971949286842,FALSE,TRUE
559,Huron,3124,2030,45,0.2418466087478982,0.23713064939849784,0.0047185851619557,2.625812555345409e-6,0.019510652584235202,1.0857347014042961e-5,0.019499795237221187,FALSE,TRUE
560,Huron,3208,2030,45,0.07323650208135776,0.07321812139347035,1.838068788741786e-5,0,2.5097714070230885e-4,0,2.509771407022301e-4,FALSE,FALSE
561,Huron,3209,2030,45,0.1691920780168196,0.16723584766308727,0.0019588561662876747,2.625812555345409e-6,0.011577706174239094,1.5519713370293692e-5,0.011562186460868772,FALSE,TRUE
562,Iowa,3474,2030,45,0.04164888222788847,0.03992109756647119,0.0017330362865279698,5.251625110690818e-6,0.0416106313981102,1.2609282241851576e-4,0.04148453857569166,FALSE,TRUE
563,Iowa,3475,2030,45,0.0726330626620226,0.07210790015095352,5.698013245099537e-4,4.463881344087195e-5,0.00784493044388563,6.145798043597037e-4,0.007230350639525977,FALSE,TRUE
564,Iowa,3476,2030,45,0.31838689074935506,0.31509412180495194,0.004025370647344512,7.32601702941369e-4,0.01264301629338571,0.002300979481966479,0.010342036811419136,FALSE,TRUE
565,Iowa,3477,2030,45,0.14693191619216361,0.1456491452163956,0.0013983065679363164,1.1553575243519798e-4,0.009516697285207616,7.863216885029633e-4,0.008730376687460809,FALSE,TRUE
566,Iowa,3478,2030,45,0.11198413581248744,0.10711877183152005,0.004899498262051843,3.413556321949032e-5,0.04375171738839723,3.0482499125276843e-4,0.043446903846400424,FALSE,TRUE
567,Iowa,3479,2030,45,0.0682599769927007,0.06313439088466646,0.0051255861080342375,0,0.07508918598935854,0,0.07508918598935851,FALSE,FALSE
568,Iowa,3480,2030,45,0.02527366124388574,0.024545039288098567,7.286216352534145e-4,0,0.02882928706776444,0,0.028829299750286225,FALSE,FALSE
569,Iowa,3481,2030,45,0.02867775284499319,0.028068564332153056,6.091885128401348e-4,0,0.021242547006136578,0,0.021242547006136585,FALSE,FALSE
570,Iowa,3482,2030,45,0.0528652431353822,0.05046620949680401,0.002399037965783934,0,0.04538025030245781,0,0.04538016844894704,FALSE,TRUE
571,Iowa,3483,2030,45,0.1385173972877563,0.13434391440096186,0.0041734854510645375,0,0.030129684305246734,0,0.030129665792986624,FALSE,TRUE
572,Iowa,3484,2030,45,0.11504352540895396,0.11014790304111834,0.0048956207651668325,0,0.042554509241298,0,0.042554523172275746,FALSE,FALSE
573,Iowa,3485,2030,45,1.838068788741786e-5,1.838068788741786e-5,0,0,0,0,0,FALSE,FALSE
574,Iowa,3561,2030,45,0.03798288121000576,0.03722081860818904,0.0010272698301734898,2.6520706808988627e-4,0.027045600477061178,0.006982278848820538,0.020063317408790294,FALSE,TRUE
575,Iowa,3562,2030,45,0.16459719324321337,0.16147770741330245,0.00317725498826357,5.776787621759899e-5,0.01930321487055232,3.5096513542754994e-4,0.01895224194559311,FALSE,TRUE
576,Iowa,3563,2030,45,0.1819811390959506,0.17275241315778034,0.009239221495581429,1.0503250221381635e-5,0.05077021465784977,5.771614725328066e-5,0.05071254078316522,FALSE,TRUE
577,Iowa,3564,2030,45,0.018646564229996953,0.017433438829427373,0.0012157512131249243,2.625812555345409e-6,0.06519974393830316,1.4082018129223144e-4,0.06505892375701099,FALSE,TRUE
578,Iowa,3565,2030,45,0.09586233394704634,0.09361950025573018,0.002242831447579849,0,0.023396378486035742,0,0.023396401891853394,FALSE,FALSE
579,Iowa,3566,2030,45,0.06212151446268286,0.05524561401636487,0.00687589916418295,0,0.11068466735970169,0,0.11068468799884817,FALSE,FALSE
580,Iowa,3567,2030,45,0.09623693277647513,0.09440148980028869,0.0018354429761864408,0,0.019072126710953426,0,0.019072126710953458,FALSE,FALSE
581,Iowa,3568,2030,45,0.1513584309927386,0.144463026708241,0.006895405566632669,0,0.04555679866266237,0,0.04555679019180914,FALSE,TRUE
582,Iowa,3569,2030,45,0.14746965388367353,0.1427007577428742,0.00476889197386046,0,0.03233812413788019,0,0.03233815239412661,FALSE,FALSE
583,Iowa,3570,2030,45,3.0007192574499055e-4,3.0007192574499055e-4,0,0,0,0,0,FALSE,FALSE
584,Iowa,3646,2030,45,0.006897920474507332,0.006897920474507332,0,0,0,0,0,FALSE,FALSE
585,Iowa,3647,2030,45,0.10275564578716394,0.10035827892413357,0.0024498831141372664,5.251625110690817e-5,0.023841834629813614,5.110789845619209e-4,0.02333075564525178,FALSE,TRUE
586,Iowa,3648,2030,45,0.08736133759867765,0.08636159023947076,9.997420703998546e-4,0,0.011443758736759398,0,0.011443819276205938,FALSE,FALSE
587,Iowa,3649,2030,45,0.06538121458021712,0.062190852325472445,0.0031903622547446715,0,0.04879631366943133,0,0.04879631366943134,FALSE,FALSE
588,Iowa,3650,2030,45,0.10831181386887334,0.10414368517799252,0.004168131255150903,0,0.03848270199035732,0,0.0384826783154691,FALSE,TRUE
589,Iowa,3651,2030,45,0.027695524578929005,0.024627472878153926,0.0030680526623763542,0,0.11077792202970423,0,0.11077788730924705,FALSE,TRUE
590,Iowa,3652,2030,45,0.033998938909969995,0.03371272534143735,2.8621356853264957e-4,0,0.008418308856360192,0,0.008418308856360059,FALSE,FALSE
591,Iowa,3653,2030,45,0.059900251411225645,0.05769982048984619,0.0022004309213794525,0,0.03673491962952061,0,0.036734919629520656,FALSE,FALSE
592,Iowa,3654,2030,45,0.10412139654251297,0.10155762906586789,0.0025637597838348582,0,0.024622794823810013,0,0.02462286870689722,FALSE,FALSE
593,Iowa,3655,2030,45,1.5626498556509886e-4,1.5626498556509886e-4,0,0,0,0,0,FALSE,FALSE
594,J. Clark Salyer,559,2030,45,0.21204796473261203,0.21047994435385903,0.0015680216608880185,0,0.007394655557601133,0,0.007394649511162462,FALSE,TRUE
595,J. Clark Salyer,560,2030,45,0.2698748601902245,0.25928758396707186,0.010587276223152689,0,0.039230316657469025,0,0.03923031665746885,FALSE,FALSE
596,J. Clark Salyer,561,2030,45,0.41081370796554223,0.40640496868511733,0.004408739280424941,0,0.010731723881021839,0,0.01073172388102174,FALSE,FALSE
597,J. Clark Salyer,562,2030,45,0.4797320971994155,0.4734408144300926,0.006291274435445151,0,0.013114141147053556,0,0.013114158518994667,FALSE,FALSE
598,J. Clark Salyer,563,2030,45,0.1854940454976304,0.183535722699518,0.0019583330551926647,0,0.010557390399993628,0,0.010557335103985377,FALSE,TRUE
599,J. Clark Salyer,564,2030,45,0.14296963684570946,0.14144654247864558,0.0015257246670918431,2.625812555345409e-6,0.010671669179228458,1.836622525787866e-5,0.010653271566378677,FALSE,TRUE
600,J. Clark Salyer,565,2030,45,0.16681924608985327,0.1656533853152799,0.0011658607745733615,0,0.006988766595584528,0,0.00698876659558457,FALSE,FALSE
601,J. Clark Salyer,644,2030,45,0.2638511846457804,0.2630165865363923,8.345968272530305e-4,0,0.0031631346600678512,0,0.0031631395193791527,FALSE,FALSE
602,J. Clark Salyer,645,2030,45,0.18979116723029257,0.1868213732301969,0.0029697940000956574,0,0.01564769342765098,0,0.015647693427651054,FALSE,FALSE
603,J. Clark Salyer,646,2030,45,0.35283080231665315,0.3469122208169046,0.005918581499748552,0,0.016774560103278154,0,0.01677456010327816,FALSE,FALSE
604,J. Clark Salyer,647,2030,45,0.4654361889684069,0.45355077666320526,0.01188541358733661,0,0.02553607533973551,0,0.02553607258503999,FALSE,TRUE
605,J. Clark Salyer,648,2030,45,0.199552481805665,0.1984013091700731,0.0011511832132059517,0,0.005768824335279559,0,0.005768771328602129,FALSE,TRUE
606,J. Clark Salyer,649,2030,45,0.19283616614310617,0.19071725849590596,0.002118903159727584,0,0.010988100427982577,0,0.010988123698890306,FALSE,FALSE
607,J. Clark Salyer,650,2030,45,0.30459671811933803,0.3013557884587424,0.0033722161214240604,1.3129062776727043e-4,0.011071084883136722,4.310309992106745e-4,0.010640067564109054,FALSE,TRUE
608,J. Clark Salyer,651,2030,45,0.48408179672566637,0.4804987934372552,0.003869213010538704,2.8621356853264957e-4,0.007992890946757543,5.912504259994916e-4,0.007401648466533185,FALSE,TRUE
609,J. Clark Salyer,652,2030,45,0.3808994256270179,0.37750055744405037,0.0033988608106911063,0,0.00892325002878665,0,0.008923269383702744,FALSE,FALSE
610,J. Clark Salyer,653,2030,45,0.1926163979407201,0.18640085345229046,0.00621553102601176,0,0.0322689609631505,0,0.03226903085552743,FALSE,FALSE
611,J. Clark Salyer,729,2030,45,0.14065721912167664,0.136210015790148,0.004447199805657283,0,0.03161728799579208,0,0.0316173130629119,FALSE,FALSE
612,J. Clark Salyer,730,2030,45,0.26073908391368134,0.2602664376537192,4.726462599621736e-4,0,0.0018127173451243886,0,0.0018127173451242152,FALSE,FALSE
613,J. Clark Salyer,731,2030,45,0.14404465066011604,0.14362729006294023,4.1736011637516073e-4,0,0.0028974357219273116,0,0.002897439059785756,FALSE,FALSE
614,J. Clark Salyer,732,2030,45,0.5244452949865819,0.5103170284759035,0.014128274203488547,0,0.02693946220615827,0,0.026939447537688007,FALSE,TRUE
615,J. Clark Salyer,733,2030,45,0.27079633576970547,0.26960946849468936,0.0011868672750161248,0,0.0043828778984124715,0,0.004382877898412386,FALSE,FALSE
616,J. Clark Salyer,734,2030,45,0.4130515156875142,0.4097771274309985,0.003274388256515725,0,0.007927312047422428,0,0.007927312047422402,FALSE,FALSE
617,J. Clark Salyer,735,2030,45,0.3390602617383195,0.32873411026529953,0.010328783055182951,2.625812555345409e-6,0.03046297139696812,7.744383083653616e-6,0.030455209997417795,FALSE,TRUE
618,J. Clark Salyer,736,2030,45,0.36657590533585693,0.3595059870872318,0.00706992594143538,0,0.019286390181476636,0,0.01928636919589046,FALSE,TRUE
619,J. Clark Salyer,737,2030,45,0.5423995345036832,0.5393213847073584,0.0030886642652277864,1.0503250221381635e-5,0.005694444904076172,1.936441599455376e-5,0.0056750598046538545,FALSE,TRUE
620,J. Clark Salyer,738,2030,45,0.13419077619216768,0.1335264456156653,6.643305765023884e-4,0,0.004950642625026887,0,0.004950642625026914,FALSE,FALSE
621,J. Clark Salyer,817,2030,45,0.28762873790085663,0.2817521694019936,0.005876568498863025,0,0.020431089541854585,0,0.02043108954185461,FALSE,FALSE
622,J. Clark Salyer,818,2030,45,0.6553254754287948,0.6465132484930557,0.008817478560849882,5.251625110690818e-6,0.013455113361922027,8.01376614766053e-6,0.013447099595774274,FALSE,TRUE
623,J. Clark Salyer,819,2030,45,0.6688670369466382,0.665786015167831,0.0030862753271204877,5.251625110690818e-6,0.004614183621918729,7.85152327832503e-6,0.0046063292233266455,FALSE,TRUE
624,J. Clark Salyer,820,2030,45,0.6680473731461587,0.6541457470816636,0.013901605550334487,0,0.020809310999705146,0,0.020809341707348664,FALSE,FALSE
625,J. Clark Salyer,821,2030,45,0.37282509304765193,0.3704780679347061,0.002347022067875133,0,0.006295236322988465,0,0.006295244490546781,FALSE,FALSE
626,J. Clark Salyer,822,2030,45,0.5234259873752537,0.5192168098490351,0.0042117776960733,2.625812555345409e-6,0.008046558248270158,5.016588053857776e-6,0.008041590650333904,FALSE,TRUE
627,J. Clark Salyer,823,2030,45,0.2528328853944999,0.25074915953270915,0.0020863515140791683,2.625812555345409e-6,0.008251899316118609,1.0385565751260182e-5,0.008241514384252089,FALSE,TRUE
628,J. Clark Salyer,903,2030,45,0.6800476647506566,0.6725631142882139,0.007484553026712743,0,0.011005924164826002,0,0.011005920394104916,FALSE,TRUE
629,J. Clark Salyer,904,2030,45,0.7393386353353195,0.7260762305147663,0.013262390717067774,0,0.01793818161694303,0,0.01793820069275584,FALSE,FALSE
630,J. Clark Salyer,905,2030,45,0.5837315473143093,0.5770808154231524,0.006650726762616823,0,0.011393468098848098,0,0.01139347688463353,FALSE,FALSE
631,J. Clark Salyer,906,2030,45,0.27321019601784907,0.2696653490681328,0.0035448469497163016,0,0.012974797432101375,0,0.012974797432101354,FALSE,FALSE
632,J. Clark Salyer,988,2030,45,0.35092741644059716,0.3439022395762158,0.0070251743001112695,0,0.020018881315590934,0,0.02001888862271479,FALSE,FALSE
633,J. Clark Salyer,989,2030,45,0.5230996891369308,0.5141272876353156,0.008972401501615261,0,0.017152373989017172,0,0.017152373989017186,FALSE,FALSE
634,J. Clark Salyer,990,2030,45,0.7519225137802429,0.7448395485254834,0.007083006924148227,0,0.009419862810782002,0,0.009419807393650614,FALSE,TRUE
635,J. Clark Salyer,991,2030,45,0.4511595230200303,0.44936080039129755,0.0017987224684659026,0,0.003986887955784198,0,0.003986888311017441,FALSE,FALSE
636,J. Clark Salyer,1073,2030,45,0.3541387851957846,0.34849156501230255,0.005647210567469299,0,0.015946320492253495,0,0.015946347645485998,FALSE,FALSE
637,J. Clark Salyer,1074,2030,45,0.36869304876524656,0.36212453762972885,0.006568517546192901,0,0.017815680464253053,0,0.017815663076685764,FALSE,TRUE
638,J. Clark Salyer,1075,2030,45,0.38623150727553734,0.37882392594362324,0.007407589665791846,0,0.019179143923406736,0,0.019179122345991156,FALSE,TRUE
639,J. Clark Salyer,1076,2030,45,0.5863788997382728,0.5813053375414914,0.005073566043186567,0,0.008652368025948967,0,0.008652361466359062,FALSE,TRUE
640,Kulm,1842,2030,45,0.4535655058305079,0.4500367830110143,0.0035287273069662625,0,0.007779972818931487,0,0.0077799629251618305,FALSE,TRUE
641,Kulm,1843,2030,45,0.6293610305983277,0.6265138702502309,0.0028471622712993466,0,0.004523893493361951,0,0.004523890437560259,FALSE,TRUE
642,Kulm,1844,2030,45,0.6733711670738003,0.6688345425162658,0.004536622634331943,0,0.0067371798142861926,0,0.0067371826703670635,FALSE,FALSE
643,Kulm,1845,2030,45,0.4546384784859359,0.44986737707287333,0.004773727225617953,2.625812555345409e-6,0.01050005103289036,5.775605628652563e-6,0.010494275427261656,FALSE,TRUE
644,Kulm,1846,2030,45,0.16710572634247356,0.16447203634946211,0.002633689993011445,0,0.01576062083961054,0,0.015760620839610544,FALSE,FALSE
645,Kulm,1847,2030,45,0.235442190382929,0.23420469415958012,0.0012401149040280816,2.625812555345409e-6,0.005267173661658211,1.1152684873831332e-5,0.005256051268195294,FALSE,TRUE
646,Kulm,1848,2030,45,0.22314743851734178,0.22098717432239487,0.002160258745872997,0,0.00968085836085057,0,0.009680882780014662,FALSE,FALSE
647,Kulm,1849,2030,45,0.36376111633316904,0.3530556785450258,0.010705437788143231,0,0.029429857418675046,0,0.029429857418675116,FALSE,FALSE
648,Kulm,1927,2030,45,0.44486951212866394,0.43700520352540445,0.007880063478591572,1.5754875332072452e-5,0.01771320187999874,3.5414598893699576e-5,0.017677787281105004,FALSE,TRUE
649,Kulm,1928,2030,45,0.6752507975518947,0.672143517647534,0.0031125270419987577,5.251625110690818e-6,0.004609438527556204,7.777295679961367e-6,0.004601667877514589,FALSE,TRUE
650,Kulm,1929,2030,45,0.5875647002769383,0.5797187723615662,0.007845927915372081,0,0.013353300345773055,0,0.013353300345773063,FALSE,FALSE
651,Kulm,1930,2030,45,0.33131528400720406,0.32857918732453417,0.0027413483077806068,5.251625110690818e-6,0.008274137777842448,1.585083865487059e-5,0.008258286939187487,FALSE,TRUE
652,Kulm,1931,2030,45,0.19018854703505503,0.18719512072196126,0.00301968443864722,2.6258125553454086e-5,0.015877320089577426,1.3806365295284716e-4,0.01573925643662458,FALSE,TRUE
653,Kulm,1932,2030,45,0.17319250344488835,0.17056254702910403,0.002629951287244166,0,0.015185133507126906,0,0.015185163118917511,FALSE,FALSE
654,Kulm,1933,2030,45,0.2908293162075744,0.2841357097207872,0.006693596229706925,0,0.02301554849074942,0,0.023015583759134303,FALSE,FALSE
655,Kulm,2012,2030,45,0.26916139819911233,0.2684431974369042,7.313218917743335e-4,1.3129062776727043e-5,0.002717038537722774,4.877765855196966e-5,0.002668290352975662,FALSE,TRUE
656,Kulm,2013,2030,45,0.5777681628878352,0.577469558766307,3.1437205861094546e-4,1.5754875332072452e-5,5.441145407521805e-4,2.7268507238830014e-5,5.168234262608996e-4,FALSE,TRUE
657,Kulm,2014,2030,45,0.5617570246616895,0.5574218081328143,0.004337842341430615,2.625812555345409e-6,0.007721919176788259,4.674285215973523e-6,0.007717244891572253,FALSE,TRUE
658,Kulm,2015,2030,45,0.4253599710123746,0.42430964599023646,0.0010582024598041998,7.877437666036226e-6,0.00248778101353927,1.851946163925015e-5,0.0024692615518999723,FALSE,TRUE
659,Kulm,2016,2030,45,0.39676704678568553,0.3935451747802767,0.0032586333811836523,3.676137577483572e-5,0.00821296377202366,9.265229073999296e-5,0.008120311481283764,FALSE,TRUE
660,Kulm,2017,2030,45,0.19625163028198994,0.19311005070112505,0.003144210521960388,2.625812555345409e-6,0.01602132179713634,1.3379825439271168e-5,0.01600791583922548,FALSE,TRUE
661,Kulm,2018,2030,45,0.2867185040813782,0.2749169741788236,0.011804165972190282,2.625812555345409e-6,0.04116987848415933,9.15815518694299e-6,0.041160684554928606,FALSE,TRUE
662,Kulm,2019,2030,45,0.32799034885899797,0.324615687385525,0.003379910854847354,5.251625110690818e-6,0.01030490947860288,1.6011523293170053e-5,0.010288904796170513,FALSE,TRUE
663,Kulm,2097,2030,45,0.3913447848872184,0.3873561756156487,0.003988609271569676,0,0.010192059344087472,0,0.010192059344087501,FALSE,FALSE
664,Kulm,2098,2030,45,0.5154227158481668,0.5133499240339698,0.0020859229604431213,1.3129062776727043e-5,0.004047014026167975,2.5472417829164133e-5,0.0040215375660849866,FALSE,TRUE
665,Kulm,2099,2030,45,0.5992803784174295,0.5956147440901673,0.003668260139817536,2.625812555345409e-6,0.006121108369182087,4.381609426758831e-6,0.0061167267597553275,FALSE,TRUE
666,Kulm,2100,2030,45,0.7666196789923653,0.7649365331443889,0.0018170622882990228,1.3391644032261584e-4,0.0023702265126918543,1.7468432391226093e-4,0.002195542188779523,FALSE,TRUE
667,Kulm,2101,2030,45,0.30040719315896325,0.29320309178592785,0.007211979451768981,7.877437666036226e-6,0.024007346082264732,2.622253343270581e-5,0.0239811214148367,FALSE,TRUE
668,Kulm,2102,2030,45,0.1968156466132139,0.19046165205497154,0.006353999686782498,0,0.032284017028735054,0,0.032283990971151644,FALSE,TRUE
669,Kulm,2103,2030,45,0.2984578145348675,0.2932807583979164,0.005177071202037808,0,0.01734607354847126,0,0.017346023072035588,FALSE,TRUE
670,Kulm,2104,2030,45,0.5194791859629637,0.5020800596313909,0.017399122485167694,0,0.03349339676221053,0,0.033493404166559396,FALSE,FALSE
671,Lake Andes,3204,2030,45,0.40245312078932244,0.3933811025238888,0.009082535619140464,1.0503250221381635e-5,0.022567934375380384,2.6098071250588993e-5,0.022541801260332842,FALSE,TRUE
672,Lake Andes,3205,2030,45,0.34029076263290764,0.33792213610886196,0.0023817623180313495,1.3129062776727043e-5,0.006999197684953621,3.85818958914561e-5,0.0069605960083049985,FALSE,TRUE
673,Lake Andes,3206,2030,45,0.18783979873261974,0.18350983382885516,0.004332590716319924,2.625812555345409e-6,0.023065350077845555,1.3979000047179125e-5,0.023051371077798397,FALSE,TRUE
674,Lake Andes,3207,2030,45,0.037235706760236235,0.03617225267532135,0.0010634540849148906,0,0.02856006176443913,0,0.02856006176443901,FALSE,FALSE
675,Lake Andes,3288,2030,45,0.1757821085067948,0.17518264370607367,7.150024763588745e-4,1.1553575243519798e-4,0.004067549777577257,6.572668482397456e-4,0.0034102719885053044,FALSE,TRUE
676,Lake Andes,3289,2030,45,0.14893549322853453,0.1479069542449415,0.0010285370603904768,0,0.006905923081828688,0,0.006905935994818851,FALSE,FALSE
677,Lake Andes,3290,2030,45,0.051527494209236656,0.05150911352134924,1.838068788741786e-5,0,3.567161215482316e-4,0,3.5671612154825435e-4,FALSE,FALSE
678,Lake Andes,3291,2030,45,0.03806546096345531,0.037852349606180266,2.1311265944344188e-4,0,0.005598583441509887,0,0.005598549232850275,FALSE,TRUE
679,Lake Andes,3292,2030,45,0.030080639359547797,0.029994408085513468,8.622996184925473e-5,0,0.0028666266304570674,0,0.002866670252703877,FALSE,FALSE
680,Lake Andes,3293,2030,45,0.05755019533105283,0.05620840511527132,0.0013444160283368493,2.625812555345409e-6,0.02336075526074595,4.562647511864443e-5,0.023315128785627345,FALSE,TRUE
681,Lake Andes,3294,2030,45,0.22610980639130435,0.21952952012760876,0.007347023529856454,7.667372661608594e-4,0.032493166250126,0.0033909951912211547,0.029102171058904794,FALSE,TRUE
682,Lake Andes,3295,2030,45,0.07488252755574903,0.07387443606172273,0.001034351703049198,2.6258125553454086e-5,0.013812991318690961,3.506575754124387e-4,0.013462305920106638,FALSE,TRUE
683,Lake Andes,3374,2030,45,0.31837903382584964,0.31738670233569555,0.001438945280329284,4.4660521589713593e-4,0.004519598112469848,0.0014027469413749928,0.00311682424005625,FALSE,TRUE
684,Lake Andes,3375,2030,45,0.11211677011777325,0.11196184717700788,1.6805200354210617e-4,1.3129062776727043e-5,0.0014989015770395066,1.1710168570621145e-4,0.0013817998913332153,FALSE,TRUE
685,Lake Andes,3376,2030,45,0.06270392173887453,0.062373069356901005,3.308523819735215e-4,0,0.005276422475636051,0,0.005276422475636055,FALSE,FALSE
686,Lake Andes,3377,2030,45,0.024632565518520055,0.0242071838845541,4.2538163396595624e-4,0,0.01726907551087734,0,0.017269075510877294,FALSE,FALSE
687,Lake Andes,3378,2030,45,0.04440240825424851,0.04400065893328066,4.1225257118922916e-4,1.0503250221381635e-5,0.009284464230603619,2.3654685937843617e-4,0.009047917371225225,FALSE,TRUE
688,Lake Andes,3379,2030,45,0.14564109340836456,0.14518554570125303,5.960594500634078e-4,1.405186244110051e-4,0.004092659812654047,9.648281341654273e-4,0.0031278789279219543,FALSE,TRUE
689,Lake Andes,3380,2030,45,0.13322490796917294,0.12989214666870225,0.003515215847414813,1.8245632991316016e-4,0.026385575347728542,0.0013695361677816204,0.025016052563097774,FALSE,TRUE
690,Lake Andes,3459,2030,45,0.5612716596221624,0.574808872137961,0.007529062985582417,0.02106627229604337,0.013414293874468634,0.03753311241516237,-0.02411882425154253,TRUE,TRUE
691,Lake Andes,3460,2030,45,0.2407765285891132,0.24218775923848723,3.4398144475024855e-4,0.0017552265181434493,0.0014286336245724984,0.007289857231635544,-0.005861163700812029,TRUE,TRUE
692,Lake Andes,3461,2030,45,0.06130299945519628,0.06061986765051441,6.831330868169102e-4,0,0.011143550770565194,0,0.011143529855845713,FALSE,TRUE
693,Lake Andes,3462,2030,45,0.037371518196143226,0.03651781883897707,8.536986359652028e-4,0,0.022843563151076513,0,0.022843582449220908,FALSE,FALSE
694,Lake Andes,3463,2030,45,0.042939366528037794,0.042404434147988376,5.349343433186947e-4,0,0.012457900210740246,0,0.012457854488843626,FALSE,TRUE
695,Lake Andes,3464,2030,45,0.07193466319332263,0.0702624667785604,0.0017378409273114599,6.564531388363521e-5,0.024158602406200963,9.12568586123981e-4,0.023246044959830268,FALSE,TRUE
696,Lake Andes,3465,2030,45,0.23958701498738114,0.23354426127358957,0.006541649765429453,4.989043855156277e-4,0.027303857706036352,0.0020823515228565476,0.02522154096752628,FALSE,TRUE
697,Lake Andes,3466,2030,45,0.08136220211883767,0.07985003667082739,0.0016749645443066515,1.6280037843141535e-4,0.0205865193011885,0.0020009337775006267,0.018585601282049963,FALSE,TRUE
698,Lake Andes,3467,2030,45,0.053955750269573353,0.051910242288959275,0.00212165654471909,7.614856410501685e-5,0.03932215814104862,0.0014113150817950618,0.03791084305925364,FALSE,TRUE
699,Lake Andes,3468,2030,45,0.03664870174780264,0.03579024566964999,8.820880706170004e-4,2.363231299810868e-5,0.024068739915729432,6.448335649304579e-4,0.023423915096913966,FALSE,TRUE
700,Lake Andes,3469,2030,45,0.041654792870408075,0.04064510383612592,0.0010622036025868216,5.251625110690817e-5,0.025500153269071235,0.0012607493036945617,0.02423944436414294,FALSE,TRUE
701,Lake Andes,3470,2030,45,0.06212366332100452,0.06039181685579069,0.001962917489283586,2.3107150487039596e-4,0.031596937211201256,0.0037195408724757027,0.02787740407813775,FALSE,TRUE
702,Lake Andes,3545,2030,45,0.6731464549587124,0.694243997246168,5.252747780182407e-4,0.02162282019067803,7.803276302635487e-4,0.03212201450575012,-0.03134168223280573,TRUE,TRUE
703,Lake Andes,3546,2030,45,0.2627310704493197,0.2611682811815168,0.005457779603256241,0.0038949852069132145,0.020773255305976596,0.014824988914527904,0.005948246871335908,FALSE,TRUE
704,Lake Andes,3547,2030,45,0.0870874017552573,0.08692729898894329,2.7736948118231363e-4,1.1726344943063212e-4,0.003184955293095185,0.0013465030195777216,0.0018384147774203456,FALSE,TRUE
705,Lake Andes,3548,2030,45,0.072042398436194,0.07200563706041917,2.2056825464901434e-4,1.838068788741786e-4,0.0030616450789650715,0.0025513708991375594,5.102741798275445e-4,FALSE,TRUE
706,Lake Andes,3549,2030,45,0.05169099206912808,0.05127348787282816,4.2275582141061084e-4,5.251625110690818e-6,0.008178520173210168,1.0159652389080954e-4,0.008076923649319355,FALSE,TRUE
707,Lake Andes,3550,2030,45,0.22766010253530874,0.22475332803654138,0.0031247169408610363,2.1794244209366893e-4,0.013725360333510397,9.573150484717336e-4,0.012768045285038637,FALSE,TRUE
708,Lake Andes,3551,2030,45,0.10106941255801893,0.09954053319766908,0.0017960557878562596,2.671767680735145e-4,0.01777051773032947,0.0026434977834677883,0.015127023316497503,FALSE,TRUE
709,Lake Andes,3552,2030,45,0.047902190721691724,0.048081402428594044,4.75272072517519e-4,6.544834588860839e-4,0.009921718930952773,0.013662912886147226,-0.003741200646616082,TRUE,TRUE
710,Lake Andes,3553,2030,45,0.05312111626040426,0.052853283379759024,5.409173864011542e-4,2.7308450575592254e-4,0.01018271874690153,0.005140790046979414,0.00504192869992214,FALSE,TRUE
711,Lake Andes,3554,2030,45,0.03134259615512855,0.03046820057419853,8.848988311514028e-4,1.0503250221381635e-5,0.028233105731626126,3.3511104725965726e-4,0.027897994684366413,FALSE,TRUE
712,Lake Andes,3555,2030,45,0.021837262404121264,0.02201581765788475,8.140018921570768e-5,2.5995544297919545e-4,0.0037275821350365476,0.011904213915116715,-0.0081766317800801,TRUE,TRUE
713,Lake Andes,3632,2030,45,0.22892180546815222,0.23221436927094946,0.0016736093275727649,0.004966171848234984,0.007310834038505775,0.02169374751382468,-0.014382919076074243,TRUE,TRUE
714,Lake Andes,3633,2030,45,0.20239572394908936,0.19979573872192505,0.004329964903764579,0.0017299684579186912,0.02139355920806775,0.008547455569534896,0.012846048209093167,FALSE,TRUE
715,Lake Andes,3634,2030,45,0.07971105323283938,0.07929092322398412,4.2800744652130165e-4,7.877437666036226e-6,0.005369486779594716,9.882491005389047e-5,0.005270661869540689,FALSE,TRUE
716,Lake Andes,3635,2030,45,0.09693935814919062,0.09504074181547147,0.0018986144105165902,0,0.01958558883373876,0,0.019585608672972293,FALSE,FALSE
717,Lake Andes,3636,2030,45,0.2528371318257417,0.24924257906491915,0.004455825689651045,8.612665181532941e-4,0.0176233042096129,0.003406408354398234,0.01421687050025529,FALSE,TRUE
718,Lake Andes,3637,2030,45,0.16176360301234596,0.16006207647648216,0.0025864253670152275,8.848988311514028e-4,0.01598892036806221,0.00547032097871773,0.010518599389344366,FALSE,TRUE
719,Lake Andes,3638,2030,45,0.06386243844395716,0.06345806331043397,0.0019667336039537113,0.0015623584704305181,0.03079640633640429,0.02446443494013425,0.00633197139627001,FALSE,TRUE
720,Lake Andes,3639,2030,45,0.021636585192433003,0.02150266746997535,2.6258125553454086e-4,1.2866481521192502e-4,0.012135984176762505,0.005946632246613627,0.006189411187884156,FALSE,TRUE
722,Lake Andes,3718,2030,45,0.4862482972254322,0.4946220544927499,0.004048834680119041,0.012422570471674861,0.008326681457234881,0.025547792234047795,-0.017221154943058745,TRUE,TRUE
723,Lake Andes,3719,2030,45,0.2985497795167864,0.3033868134419809,0.0024498831141372664,0.007286911910791603,0.008205945146241577,0.024407694832619647,-0.016201766864552308,TRUE,TRUE
724,Lake Andes,3720,2030,45,0.20092916660860777,0.20031349562102163,0.003353162633176087,0.0027374855554485183,0.016688282193036467,0.013624132333066896,0.0030641195500771133,FALSE,TRUE
725,Lake Andes,3721,2030,45,0.1883677306553683,0.1882350245505204,0.004637211256508246,0.004504505472194119,0.02461786443131463,0.023913360619263503,7.045055136895264e-4,FALSE,TRUE
726,Lake Andes,3722,2030,45,0.03235213389747636,0.0326435990911197,3.413556321949032e-5,3.256007568628307e-4,0.0010551255545512277,0.010064274520334787,-0.009009148965783398,TRUE,TRUE
727,Lake Andes,3723,2030,45,0.07568810325644433,0.07526019838072597,0.0011946707495172262,7.667654731316687e-4,0.015784128523732135,0.010130594375363526,0.005653528854707195,FALSE,TRUE
728,Lake Andes,3724,2030,45,0.030225474461843715,0.03030680028722729,5.488687872321253e-4,6.301950132828981e-4,0.01815914545609568,0.020849797215869974,-0.0026906385038302344,TRUE,TRUE
730,Lake Andes,3809,2030,45,0.02037985309712717,0.020621972759609582,3.859944456357751e-4,6.281143885852276e-4,0.018940001372737398,0.03082035898844478,-0.011880343853731793,TRUE,TRUE
736,Litchfield,2541,2030,45,0.10373024278548915,0.10143003098700656,0.0023028376110379237,2.625812555345409e-6,0.022200252782596092,2.531385722074811e-5,0.022174938925375382,FALSE,TRUE
737,Litchfield,2542,2030,45,0.021786659098489244,0.021694755659052156,9.19034394370893e-5,0,0.004218335588840337,0,0.0042183355888402874,FALSE,FALSE
738,Litchfield,2543,2030,45,0.03370360936132577,0.03340164091746105,3.01968443864722e-4,0,0.008959528358740856,0,0.008959528358740868,FALSE,FALSE
739,Litchfield,2623,2030,45,0.3073836694061072,0.30791670935484233,3.4398144475024855e-4,8.770213934853665e-4,0.0011190621981149863,0.0028531814822168352,-0.001734119284101982,TRUE,TRUE
740,Litchfield,2624,2030,45,0.08083849098463022,0.07646258974676755,0.0043890312622406865,1.3129062776727043e-5,0.054293829694015076,1.6241103237841568e-4,0.054131406766297296,FALSE,TRUE
741,Litchfield,2625,2030,45,0.04306572606445357,0.042298991362562786,8.034986419356951e-4,3.676137577483572e-5,0.018657496700117227,8.536109601360824e-4,0.017803826196805934,FALSE,TRUE
742,Litchfield,2626,2030,45,0.05861458793881465,0.05753275316601234,0.0010818347728023083,0,0.018456749605261936,0,0.01845674960526188,FALSE,FALSE
743,Litchfield,2627,2030,45,0.22549686378707648,0.22046318111847935,0.005036308481152494,2.625812555345409e-6,0.022334272843404095,1.1644563526279506e-5,0.022322628279877747,FALSE,TRUE
744,Litchfield,2628,2030,45,0.153337873119177,0.15185166321285148,0.0015623584704305181,7.614856410501685e-5,0.010188992703819654,4.966063670769243e-4,0.00969238633674274,FALSE,TRUE
745,Litchfield,2709,2030,45,0.16207482334263618,0.16255379822113994,6.810170030721284e-4,0.00115999035904054,0.004201867933753143,0.007157128634274361,-0.0029552700945487407,TRUE,TRUE
746,Litchfield,2710,2030,45,0.10507152014725593,0.10245883665468726,0.002725593432448534,1.1290993987985257e-4,0.025940363560255544,0.0010746008025924745,0.02486576275766297,FALSE,TRUE
747,Litchfield,2711,2030,45,0.047452376722464704,0.04776726395896012,9.452925199243472e-5,4.094191729580835e-4,0.001992086772498438,0.008628001403441991,-0.006635858059061997,TRUE,TRUE
748,Litchfield,2712,2030,45,0.03883308546706163,0.03823965182955357,5.986852626187532e-4,5.251625110690818e-6,0.01541688628184233,1.352358445775643e-4,0.015281650437264644,FALSE,TRUE
749,Litchfield,2713,2030,45,0.06759947230714809,0.0676165247031374,0,1.7053544151245806e-5,0,2.5227333245680575e-4,-2.522563476802635e-4,FALSE,TRUE
750,Litchfield,2714,2030,45,0.14239222476762112,0.1412472063802058,0.0011804747901230104,3.546270820774737e-5,0.008290303716017513,2.490494706829759e-4,0.008041298527949456,FALSE,TRUE
751,Litchfield,2796,2030,45,0.08216911636851136,0.08675832384817468,0.001483584093770156,0.006072789009163402,0.01805525189192239,0.07390597924806942,-0.05585075856337169,TRUE,TRUE
752,Litchfield,2797,2030,45,0.04162998355744619,0.04082123329039981,9.05905331594166e-4,9.715506454778013e-5,0.021760886125359286,0.0023337761931544743,0.019427109932204718,FALSE,TRUE
753,Litchfield,2798,2030,45,0.02131763871641111,0.021194225526309878,1.234131901012342e-4,0,0.005789252353086655,0,0.005789252353086583,FALSE,FALSE
754,Litchfield,2799,2030,45,0.08867332073912386,0.08805362897606234,6.196917630615164e-4,0,0.006988480389548557,0,0.0069884803895486226,FALSE,FALSE
755,Litchfield,2882,2030,45,0.15306594766349432,0.15334165798180557,0.001953604541176984,0.002229314859488252,0.012763155822690614,0.014564407652505818,-0.0018012518298150956,TRUE,TRUE
756,Litchfield,2883,2030,45,0.050936250458371427,0.05030605544508853,7.089693899432603e-4,7.877437666036226e-5,0.0139187589106638,0.0015465287678515331,0.012372230142812218,FALSE,TRUE
757,Litchfield,2884,2030,45,0.04078580020652308,0.04017815281999717,6.07649189528309e-4,0,0.014898547691878424,0,0.014898503485257774,FALSE,TRUE
758,Litchfield,2885,2030,45,0.07103344021888282,0.07056188120943184,4.7155977071865397e-4,0,0.0066385602227005645,0,0.006638549505668227,FALSE,TRUE
759,Litchfield,2969,2030,45,0.12510203888585425,0.12452173431112293,5.855561998420262e-4,5.251625110690818e-6,0.004680628749594561,4.197873318022028e-5,0.004638650016414233,FALSE,TRUE
760,Litchfield,2970,2030,45,0.17711550843089555,0.17705932014504328,5.619409051831949e-5,0,3.1727368775413876e-4,0,3.1724091441825297e-4,FALSE,TRUE
761,Litchfield,2971,2030,45,0.029699224700263437,0.028560673401973696,0.0011438022823329122,5.251625110690818e-6,0.03851286671206493,1.7682701025674368e-4,0.038336061287136645,FALSE,TRUE
762,Long Lake,1413,2030,45,0.43613815201396516,0.43141862320062235,0.004719535224017961,0,0.010821193243985776,0,0.010821178545259876,FALSE,TRUE
763,Long Lake,1414,2030,45,0.5432708939888461,0.5356113577365823,0.0076595381754662895,0,0.014098929760856188,0,0.014098926220812864,FALSE,TRUE
764,Long Lake,1415,2030,45,0.7092230270247782,0.7026348633234166,0.006588184856589738,0,0.00928929914222817,0,0.009289269313489794,FALSE,TRUE
765,Long Lake,1416,2030,45,0.7145832951299464,0.7112897876757621,0.003293502966711705,0,0.004608983989910908,0,0.004608990269756317,FALSE,FALSE
766,Long Lake,1498,2030,45,0.3016508026021676,0.29866359207973214,0.002987224625920814,0,0.009902922850367873,0,0.009902876096023956,FALSE,TRUE
767,Long Lake,1499,2030,45,0.508012426647055,0.49942733249735316,0.00858509158543174,0,0.016899373194656692,0,0.016899378242309075,FALSE,FALSE
768,Long Lake,1500,2030,45,0.7952135468704414,0.7836804857875103,0.011533082879226789,0,0.014503126769677369,0,0.014503099360315819,FALSE,TRUE
769,Long Lake,1501,2030,45,0.6710016174125282,0.6673806218987068,0.0036209955138213185,0,0.00539640355530641,0,0.005396403555306434,FALSE,FALSE
770,Long Lake,1502,2030,45,0.7501109492869816,0.7456619201951606,0.004449067235338367,0,0.005931212228760865,0,0.00593116137826013,FALSE,TRUE
771,Long Lake,1503,2030,45,0.6776648629416442,0.6742540555172141,0.0034108160788416525,0,0.0050331900993594355,0,0.00503317732842795,FALSE,TRUE
772,Long Lake,1583,2030,45,0.4691970500291215,0.46291614742505643,0.006280913502212853,0,0.013386515328310393,0,0.013386492101080385,FALSE,TRUE
773,Long Lake,1584,2030,45,0.6796377097654533,0.6710016994691705,0.00863599747493244,0,0.01270676619446671,0,0.012706785059444593,FALSE,FALSE
774,Long Lake,1585,2030,45,0.7577164512402549,0.7502666927941706,0.007449686646522282,0,0.009831760461751085,0,0.00983185521957495,FALSE,FALSE
775,Long Lake,1586,2030,45,0.6472880683384885,0.6440023562653278,0.003285736433726351,0,0.005076157887724465,0,0.005076120252911171,FALSE,TRUE
776,Long Lake,1587,2030,45,0.7188603334993924,0.7145498980765081,0.0043104229220675885,0,0.005996189692488063,0,0.005996207082259147,FALSE,FALSE
777,Long Lake,1588,2030,45,0.713809254822616,0.7123726071282728,0.0014366544255522999,0,0.002012658726187731,0,0.0020126492962048727,FALSE,TRUE
778,Long Lake,1668,2030,45,0.5146109705136744,0.4905057240573554,0.024105249020589168,0,0.0468416928549498,0,0.04684168787202046,FALSE,TRUE
779,Long Lake,1669,2030,45,0.5513118295147738,0.5402326237207056,0.011079171176422186,0,0.02009601569074493,0,0.02009607848215288,FALSE,FALSE
780,Long Lake,1670,2030,45,0.5754679921176739,0.5672144068030843,0.008253598777007343,0,0.01434241155035364,0,0.01434238815649334,FALSE,TRUE
781,Long Lake,1671,2030,45,0.5317201086711663,0.5293872793573478,0.002332829474085389,0,0.00438732603119979,0,0.004387325729787677,FALSE,TRUE
782,Long Lake,1672,2030,45,0.6173604517955815,0.6158479427353813,0.0015125295743607214,0,0.0024499942779968443,0,0.002449961049174868,FALSE,TRUE
783,Long Lake,1673,2030,45,0.7465362337194483,0.7403063293186066,0.006229883886681103,0,0.008345052263092593,0,0.008345079742215067,FALSE,FALSE
784,Long Lake,1754,2030,45,0.6422854030807014,0.6406908373781467,0.001594562817750844,0,0.0024826390419314752,0,0.0024826435333986886,FALSE,FALSE
785,Long Lake,1755,2030,45,0.6977985268796821,0.693320777963037,0.004477745070240002,0,0.0064169597638203055,0,0.006416965276020384,FALSE,FALSE
786,Long Lake,1756,2030,45,0.5971309867275946,0.5960649068301244,0.0010660798974702359,0,0.0017853367538545966,0,0.0017853367538545478,FALSE,FALSE
787,Long Lake,1757,2030,45,0.6845888434518418,0.682461935282012,0.002126908169829781,0,0.00310684024458456,0,0.003106840244584506,FALSE,FALSE
788,Long Lake,1758,2030,45,0.6970883266401036,0.6953946775419058,0.0016936490981977886,0,0.0024296047336798895,0,0.0024296047336799095,FALSE,FALSE
789,Long Lake,1839,2030,45,0.12737086401863623,0.12604220286563145,0.001328661153004777,0,0.010431437073476822,0,0.010431437073476879,FALSE,FALSE
790,Long Lake,1840,2030,45,0.1577295138467513,0.14797724601619844,0.009752267830552849,0,0.06182906161765053,0,0.06182906161765059,FALSE,FALSE
791,Long Lake,1841,2030,45,0.42797203908012565,0.4238885313016729,0.004088754916090768,5.251625110690818e-6,0.009553789833744874,1.2270953780014585e-5,0.00954152936539906,FALSE,TRUE
792,Long Lake,1924,2030,45,0.2472477615751196,0.2444275158057151,0.002820252500613444,0,0.011406584563786177,0,0.01140655733923664,FALSE,TRUE
793,Long Lake,1925,2030,45,0.3816696913288,0.3726107610978219,0.009058923179235427,0,0.02373498180506915,0,0.023735000281104524,FALSE,FALSE
794,Long Lake,1926,2030,45,0.4160439573208997,0.41602557663301226,2.100650044276327e-5,2.625812555345409e-6,5.049106007459857e-5,6.311382509324821e-6,4.417967756535996e-5,FALSE,TRUE
795,Long Lake,2009,2030,45,0.39009748289510815,0.3857333824281241,0.0043641004669840696,0,0.011187204886829573,0,0.011187204886829508,FALSE,FALSE
796,Long Lake,2010,2030,45,0.43717083485799707,0.43077747362558516,0.006393365719884572,0,0.014624410436623205,0,0.014624400171819827,FALSE,TRUE
797,Long Lake,2011,2030,45,0.3902906032028896,0.38783546846364164,0.002455134739247957,0,0.006290529977150574,0,0.006290529977150598,FALSE,FALSE
798,Long Lake,2094,2030,45,0.23450877556198546,0.23450877556198546,0,0,0,0,0,FALSE,FALSE
799,Long Lake,2095,2030,45,0.4503515933194075,0.44072101548946646,0.009872125660197064,2.415747550917776e-4,0.02192092979494658,5.364136791683183e-4,0.02138457590203448,FALSE,TRUE
800,Long Lake,2096,2030,45,0.41382206858754456,0.40972842681376104,0.0040936417737834924,0,0.00989227516975083,0,0.009892275169750895,FALSE,FALSE
801,Madison,2704,2030,45,0.4367191540701565,0.430359230919504,0.006562113922751655,2.0218756676159647e-4,0.015025935687944404,4.629693130636449e-4,0.014562959035295241,FALSE,TRUE
802,Madison,2705,2030,45,0.4325432505124126,0.4280549573172249,0.0049215234187813366,4.3325907163199246e-4,0.011378107074728484,0.001001654912239948,0.01037651885648572,FALSE,TRUE
803,Madison,2787,2030,45,0.22870443742255503,0.22591955806600533,0.002879401556799425,9.452925199243472e-5,0.012590055484928933,4.133249580015021e-4,0.012176761360359374,FALSE,TRUE
804,Madison,2788,2030,45,0.24795662839425991,0.24499754278599153,0.00317440736634686,2.1531662953832353e-4,0.012802268634252595,8.683640801727727e-4,0.011933883870865223,FALSE,TRUE
805,Madison,2789,2030,45,0.2606857265819903,0.25726966753244945,0.003437054010768277,2.100650044276327e-5,0.013184665136191346,8.058170548189317e-5,0.01310412769556231,FALSE,TRUE
806,Madison,2790,2030,45,0.4248751393410228,0.4115179180702289,0.014150206405427872,7.929953917143134e-4,0.03330438779584681,0.0018664198450025614,0.03143799209224334,FALSE,TRUE
807,Madison,2870,2030,45,0.19641067656903363,0.18883951532058574,0.0075737844967331625,2.625812555345409e-6,0.03856096129311565,1.3368990938853056e-5,0.03854760535783203,FALSE,TRUE
808,Madison,2871,2030,45,0.2609471795586925,0.2574853534168784,0.003889829421396524,4.2800744652130165e-4,0.014906577752535621,0.0016402072145218713,0.013266386506528536,FALSE,TRUE
809,Madison,2872,2030,45,0.23952116453189162,0.23608978140439105,0.0035810480324800606,1.496713156546883e-4,0.014950862649147037,6.248772042637591e-4,0.014326012209429183,FALSE,TRUE
810,Madison,2873,2030,45,0.37888456580232327,0.3730552619294565,0.005986852626187532,1.5754875332072452e-4,0.01580125760338064,4.158225685100167e-4,0.015385435034870566,FALSE,TRUE
811,Madison,2874,2030,45,0.23033789797358575,0.22413835453041525,0.006241556444056036,4.201300088552654e-5,0.027097392565298976,1.8239725748623627e-4,0.026914995307812706,FALSE,TRUE
812,Madison,2875,2030,45,0.26284754985314196,0.25306902389703567,0.010492746971160254,7.142210150539512e-4,0.039919515997097005,0.002717244332134731,0.03720227166496222,FALSE,TRUE
813,Madison,2955,2030,45,0.06453890314644772,0.06421552817600876,3.26001624395427e-4,2.625812555345409e-6,0.005051242095882604,4.068573259429395e-5,0.005010543326173113,FALSE,TRUE
814,Madison,2956,2030,45,0.3597594190271438,0.3554350750033805,0.0045081797506757995,1.838068788741786e-4,0.012531095816384053,5.109160987952073e-4,0.012020099530561653,FALSE,TRUE
815,Madison,2957,2030,45,0.24077316426677664,0.23789371462991335,0.0030051459889313017,1.2569244556280733e-4,0.012481233106201155,5.220367724350713e-4,0.011959180108929667,FALSE,TRUE
816,Madison,2958,2030,45,0.31789231485172365,0.3128406002359691,0.005600858180551757,5.491413611276027e-4,0.017618727848655914,0.001727444595141414,0.015891276321388405,FALSE,TRUE
817,Madison,2959,2030,45,0.13376196869338342,0.1322337457861724,0.0016700167851996799,1.4179387798865208e-4,0.012484989578972068,0.0010600462850070625,0.011424943293964979,FALSE,TRUE
818,Madison,2960,2030,45,0.3004754027429205,0.286405191306708,0.014070207589807376,0,0.04682648716456004,0,0.04682649996562495,FALSE,FALSE
819,Madison,3040,2030,45,0.022723527991221883,0.02235854004602887,3.649879451930118e-4,0,0.016062116117444743,0,0.016062116117444722,FALSE,FALSE
820,Madison,3041,2030,45,0.2657516164827116,0.2621017370307815,0.003668260139817536,1.838068788741786e-5,0.013803340835204942,6.916491470754088e-5,0.013734175920497435,FALSE,TRUE
821,Madison,3042,2030,45,0.17141682847557688,0.1698453822320056,0.0016239679437520984,5.251625110690817e-5,0.009473795298829007,3.0636578435115885e-4,0.009167397726035836,FALSE,TRUE
822,Madison,3043,2030,45,0.25767679156349155,0.2553056828260146,0.0030013037507598023,6.301950132828981e-4,0.011647551696638853,0.0024456801462758746,0.009201871550363054,FALSE,TRUE
823,Madison,3044,2030,45,0.13660329276279273,0.13517302497239245,0.001676083046859371,2.458174200619547e-4,0.012269711900501813,0.0017994984973664493,0.010470229241720405,FALSE,TRUE
824,Madison,3045,2030,45,0.13050764328592337,0.1268273618480009,0.0037091689019026273,2.8883938108799495e-5,0.028421085604744042,2.2131989653294837e-4,0.028199738691622213,FALSE,TRUE
825,Madison,3125,2030,45,0.056425870603131305,0.055525216896647835,9.006537064834752e-4,0,0.01596171573174618,0,0.015961715731746092,FALSE,FALSE
826,Madison,3126,2030,45,0.12039440828565288,0.11901453353073858,0.0013798691455735206,0,0.011461239481318638,0,0.01146128607269161,FALSE,FALSE
827,Madison,3127,2030,45,0.2483281398425201,0.24112738227766062,0.007413451587180049,2.1269081698297812e-4,0.029853449519983387,8.564910006488118e-4,0.028996945611664993,FALSE,TRUE
828,Madison,3128,2030,45,0.12179644859108323,0.12002217884177209,0.0021689211707153076,3.9465418600785255e-4,0.01780775380403083,0.0032402766301738075,0.014567499872414433,FALSE,TRUE
829,Madison,3129,2030,45,0.11775970284169231,0.11620985800922086,0.0018162476517500227,2.66400956176097e-4,0.01542333759275578,0.0022622420891654873,0.01316107968236764,FALSE,TRUE
830,Madison,3130,2030,45,0.08315290883932044,0.08134634980124279,0.0021767986083813438,3.702395703037026e-4,0.02617826169602383,0.004452514956742292,0.02172574673928166,FALSE,TRUE
831,Madison,3210,2030,45,0.0974047834246256,0.09722097654575142,1.838068788741786e-4,0,0.0018870416052658569,0,0.0018870416052658347,FALSE,FALSE
832,Madison,3211,2030,45,0.04965007413194572,0.049172176246872853,4.831495101835552e-4,5.251625110690818e-6,0.009731093429983188,1.057727546737303e-4,0.009625320675309513,FALSE,TRUE
833,Madison,3212,2030,45,0.16684272454664695,0.16470085129666776,0.0022600375395066875,1.181615649905434e-4,0.013545916045471985,7.08221262339234e-4,0.012837678453161163,FALSE,TRUE
834,Madison,3213,2030,45,0.17905060919922158,0.17681770436163033,0.002883142185769259,6.502342630405631e-4,0.016102386909844668,0.0036315668846291197,0.012470802794682486,FALSE,TRUE
835,Madison,3214,2030,45,0.050107678383656276,0.048931314358861534,0.0013575450911135763,1.811810663188332e-4,0.027092556169123365,0.0036158343823394818,0.023476721786783856,FALSE,TRUE
837,Madison,3296,2030,45,0.07386069670266848,0.07286192376608956,0.0010145293344463499,1.5754875332072452e-5,0.013735713034638846,2.133052629532433e-4,0.013522387158078842,FALSE,TRUE
838,Madison,3297,2030,45,0.12041185557923352,0.12011905696515192,5.317504814885866e-4,2.389489425364322e-4,0.004416097392824278,0.001984430365157846,0.002431642737113492,FALSE,TRUE
839,Madison,3298,2030,45,0.1647652042184343,0.16307434504607657,0.0018615395527252594,1.7067781609745157e-4,0.011298135195203953,0.0010358850760211406,0.010262234556005553,FALSE,TRUE
840,Madison,3299,2030,45,6.088297153634332e-4,6.114555279187786e-4,0,2.625812555345409e-6,0,0.00431288501379727,-0.004312885013797266,FALSE,TRUE
842,Madison,3381,2030,45,0.07668627102528588,0.07569108806680998,9.978087710312553e-4,2.625812555345409e-6,0.013011569837608173,3.4240973256863614e-5,0.012977328864351271,FALSE,TRUE
843,Madison,3382,2030,45,0.07062837273243976,0.06921831139021928,0.0015571068453198273,1.470455030993429e-4,0.022046477712555947,0.002081960795789432,0.019964516916766428,FALSE,TRUE
844,Madison,3383,2030,45,0.12156684384869491,0.11943313523462999,0.002341146684069044,2.0743919187228728e-4,0.019258102044525337,0.001706379678084521,0.017551731594846604,FALSE,TRUE
845,Madison,3384,2030,45,0.02191718557377459,0.02190405651099786,2.7833613086661335e-4,2.6520706808988627e-4,0.012699446739168079,0.012100416232603545,5.990305065646154e-4,FALSE,TRUE
846,Madison,3385,2030,45,0.013168001217794349,0.013265156282342129,5.251625110690818e-6,1.0240668965847094e-4,3.988171799068583e-4,0.007776935008183736,-0.007378117828276878,TRUE,TRUE
847,Morris,2196,2030,45,0.04997072071902639,0.04841731155115267,0.0015534043598673377,0,0.03108629088225013,0,0.031086387098720768,FALSE,FALSE
848,Morris,2280,2030,45,0.17572466885714663,0.17399834070113113,0.001904878441505706,1.785552537634878e-4,0.01084013106352333,0.0010161080679494251,0.009824051268629244,FALSE,TRUE
849,Morris,2281,2030,45,0.04608144614156704,0.04392308976355488,0.002184613061163698,2.6258125553454086e-5,0.04740764980448611,5.69819911310647e-4,0.04683786119431812,FALSE,TRUE
850,Morris,2282,2030,45,0.20902932651615483,0.20550515784031187,0.003584552748603125,6.03936887729444e-5,0.0171485638323869,2.889244766727834e-4,0.016859685358889553,FALSE,TRUE
851,Morris,2283,2030,45,0.18233020805252684,0.18031374812330625,0.002058480622916312,4.201300088552654e-5,0.011289849580620738,2.3042260157693216e-4,0.011059384787405459,FALSE,TRUE
852,Morris,2284,2030,45,8.612665181532941e-4,8.612665181532941e-4,0,0,0,0,0,FALSE,FALSE
855,Morris,2365,2030,45,0.17016456205660418,0.16743371699904497,0.002749225745446643,1.838068788741786e-5,0.016156276678408105,1.080171315652882e-4,0.016048259546842768,FALSE,TRUE
856,Morris,2366,2030,45,0.0938310115084793,0.09357265617002603,4.053981971491114e-4,1.470455030993429e-4,0.004320513981803089,0.0015671311726832946,0.0027534109917373537,FALSE,TRUE
857,Morris,2367,2030,45,0.13235417416590797,0.13135636539487672,0.0010949638355790354,9.715506454778013e-5,0.008272983020592019,7.34053649309124e-4,0.0075389293712828966,FALSE,TRUE
858,Morris,2368,2030,45,0.152309580305511,0.15084175108707293,0.0014678292184380835,0,0.009637143083802282,0,0.009637143083802239,FALSE,FALSE
859,Morris,2369,2030,45,0.08320737906422342,0.08180256934711362,0.0014100613422204846,5.251625110690818e-6,0.01694634968771378,6.311489641606622e-5,0.01688323479129773,FALSE,TRUE
862,Morris,2451,2030,45,0.3243970884902925,0.32131803607090176,0.0039140511959777965,8.350083925998399e-4,0.012065617525093551,0.002574031710598498,0.009491615457217198,FALSE,TRUE
863,Morris,2452,2030,45,0.21188900050221068,0.21151722236986284,8.417966565521233e-4,4.7002044740682814e-4,0.003972819044674009,0.0022182390133173727,0.0017545891078190505,FALSE,TRUE
864,Morris,2453,2030,45,0.0853615505534755,0.08357782890467315,0.00178371860373163,0,0.02089604268158418,0,0.020896078354210763,FALSE,FALSE
865,Morris,2454,2030,45,0.20801920924877038,0.20424355747827133,0.0037756504883640087,0,0.018150489572569737,0,0.01815049573611127,FALSE,FALSE
866,Morris,2455,2030,45,0.010172531181451939,0.010172531181451939,0,0,0,0,0,FALSE,FALSE
867,Morris,2536,2030,45,0.39087414901499395,0.38840063358785853,0.002754477370557334,2.8096194342195875e-4,0.007046967361486144,7.188041064623617e-4,0.0063281632550238965,FALSE,TRUE
868,Morris,2537,2030,45,0.40363715711017734,0.40205116632674875,0.001953604541176984,3.676137577483572e-4,0.004840001736122935,9.107530148618425e-4,0.0039292487212609795,FALSE,TRUE
869,Morris,2538,2030,45,0.16671453155712856,0.16431191306898751,0.0024315024262498487,2.8883938108799495e-5,0.014584825950919813,1.7325387198716837e-4,0.014411572078932653,FALSE,TRUE
870,Morris,2539,2030,45,0.07488993829626168,0.0745386025249404,3.5133505012031635e-4,0,0.004691351843961315,0,0.004691361474106284,FALSE,FALSE
871,Morris,2540,2030,45,0.03716644838981893,0.03716907420237427,0,2.625812555345409e-6,0,7.065008008848922e-5,-7.065008008838704e-5,FALSE,TRUE
872,Morris,2621,2030,45,0.22140595039665129,0.21571985587885376,0.005809508990033811,1.234131901012342e-4,0.026239172793802557,5.574068351827857e-4,0.025681760167740868,FALSE,TRUE
873,Morris,2622,2030,45,0.1384423257170822,0.13829265440142752,1.6017456587606992e-4,1.0503250221381635e-5,0.0011569768497200724,7.586733440787361e-5,0.001081109515312189,FALSE,TRUE
874,Morris,2706,2030,45,0.30566105431315826,0.3028237612763046,0.003120879831229684,2.8358775597730416e-4,0.010210263254644983,9.277850480969702e-4,0.009282481352520508,FALSE,TRUE
875,Morris,2707,2030,45,0.09841290056135263,0.09732843997599498,0.0010844605853576538,0,0.011019496216165062,0,0.011019496216164989,FALSE,FALSE
876,Morris,2708,2030,45,0.07598278404475994,0.07592875487430963,1.1068003660051588e-4,5.665292457793064e-5,0.0014566462389074407,7.456021161919723e-4,7.11071213427638e-4,FALSE,TRUE
877,Morris,2791,2030,45,0.26872610822558207,0.26680089528265977,0.0029342708462326015,0.0010090575827765302,0.010919187813970901,0.0037549666812778646,0.007164219939903218,FALSE,TRUE
878,Morris,2792,2030,45,0.15516553097142002,0.1541765330323616,9.889902462482153e-4,0,0.006373775412983813,0,0.00637382499107097,FALSE,FALSE
879,Morris,2793,2030,45,0.09237833199763594,0.09193194386322721,5.251625110690817e-4,7.877437666036226e-5,0.005684910083487123,8.527365125230685e-4,0.004832173570964127,FALSE,TRUE
880,Morris,2794,2030,45,0.08357576210299385,0.08393380087628746,4.999194357975661e-4,8.579582892246173e-4,0.005981631793934405,0.010265635246823356,-0.004284002494077036,TRUE,TRUE
881,Morris,2795,2030,45,0.18509137303943607,0.19075192742730074,0.0017845375674863792,0.007445107501238388,0.00964138705214619,0.04022395738375183,-0.030582486341265706,TRUE,TRUE
882,Morris,2880,2030,45,0.07290416755128172,0.07273611554773961,2.704586932005771e-4,1.0240668965847094e-4,0.0037097837103802467,0.0014046753854837827,0.002305108324896557,FALSE,TRUE
883,Northeast Montana,457,2030,45,0.5490334447831574,0.5462947222879322,0.00276235480822337,2.363231299810868e-5,0.0050313051681475825,4.3043485278829126e-5,0.004988261682868679,FALSE,TRUE
884,Northeast Montana,458,2030,45,0.46216893963977596,0.45588537019483444,0.006349214758825199,6.564531388363521e-5,0.013737865560099967,1.420374851126961e-4,0.01359582807498717,FALSE,TRUE
885,Northeast Montana,459,2030,45,0.3361043763391029,0.3324030473724165,0.0037312796411458258,2.994652504972896e-5,0.011101550303472568,8.90988846259927e-5,0.011012439073248042,FALSE,TRUE
886,Northeast Montana,460,2030,45,0.2770290095822266,0.2766929055751424,3.3872981963955774e-4,2.625812555345409e-6,0.00122272328140067,9.478475049617597e-6,0.0012132448063509008,FALSE,TRUE
887,Northeast Montana,461,2030,45,0.3938391016731907,0.3862834491301478,0.007558273868125598,2.625812555345409e-6,0.01919127338046156,6.6672215739622494e-6,0.01918461755306517,FALSE,TRUE
888,Northeast Montana,462,2030,45,0.3315437091853585,0.32452960996769503,0.007016732723029046,2.625812555345409e-6,0.021163824040787788,7.919958915213128e-6,0.021155880878867984,FALSE,TRUE
889,Northeast Montana,463,2030,45,0.14242924257040332,0.14132902710971357,0.0011002154606897263,0,0.0077246458721135555,0,0.007724645872113735,FALSE,FALSE
890,Northeast Montana,464,2030,45,0.28709848787796155,0.2833146919857088,0.0037864217048080794,2.625812555345409e-6,0.013188581147865861,9.146034083124732e-6,0.013179435113782794,FALSE,TRUE
891,Northeast Montana,465,2030,45,0.27348754746900744,0.2719829568747945,0.0015045905942129192,0,0.0055014958016815175,0,0.005501495801681553,FALSE,FALSE
892,Northeast Montana,543,2030,45,0.5750758434238614,0.5601053065077349,0.014994155125639248,2.363231299810868e-5,0.026073352405776084,4.109425438113979e-5,0.02603228267596072,FALSE,TRUE
893,Northeast Montana,544,2030,45,0.5608112808302322,0.5543692600089041,0.006469845715896599,2.7821351167870035e-5,0.011536582691986074,4.960911472159217e-5,0.011486967258916965,FALSE,TRUE
894,Northeast Montana,545,2030,45,0.3496678880087761,0.34844951098309584,0.0012420093386783784,2.363231299810868e-5,0.003551968542925526,6.758502512966118e-5,0.003484383517795747,FALSE,TRUE
895,Northeast Montana,546,2030,45,0.309859954244922,0.30221096227120087,0.007654243598831867,5.251625110690818e-6,0.024702267892228943,1.6948382773398932e-5,0.02468531950945547,FALSE,TRUE
896,Northeast Montana,547,2030,45,0.5678490328750544,0.5602544854835354,0.007605048718537762,1.0503250221381635e-5,0.01339272989518523,1.849655386080881e-5,0.013374236728144685,FALSE,TRUE
897,Northeast Montana,548,2030,45,0.4387691751661001,0.4350807290922633,0.003693693211474816,5.251625110690818e-6,0.008418306071926167,1.1968992827955078e-5,0.008406347306509139,FALSE,TRUE
898,Northeast Montana,549,2030,45,0.34410852997509517,0.34293479176285574,0.0011763640247947431,2.625812555345409e-6,0.0034185843195455876,7.630768570414258e-6,0.003410953550975261,FALSE,TRUE
899,Northeast Montana,550,2030,45,0.4729467103581547,0.4670849530832367,0.005867035824864493,5.251625110690818e-6,0.012405278853555158,1.1104052519392404e-5,0.01239411787107894,FALSE,TRUE
900,Northeast Montana,629,2030,45,0.5432311785739464,0.5368653473450444,0.006371093752160497,5.251625110690818e-6,0.011728144487003598,9.667385300816178e-6,0.011718457039990127,FALSE,TRUE
901,Northeast Montana,630,2030,45,0.48553809698585365,0.4806462081952451,0.004891888790608497,0,0.010075190435058742,0,0.010075190435058818,FALSE,FALSE
902,Northeast Montana,631,2030,45,0.14625745162033044,0.14577430211014689,4.831495101835552e-4,0,0.00330341808113656,0,0.0033034180811365266,FALSE,FALSE
903,Northeast Montana,632,2030,45,0.4457393535659433,0.44180502476329114,0.003934300595681336,0,0.008826460047125478,0,0.008826523328436836,FALSE,FALSE
904,Northeast Montana,633,2030,45,0.35271731798027683,0.35121252224445804,0.001504765605645441,0,0.004266208459119618,0,0.004266293882125014,FALSE,FALSE
905,Northeast Montana,634,2030,45,0.115175575060663,0.11301978295272443,0.0021557921079385805,0,0.01871744166940885,0,0.018717441669408832,FALSE,FALSE
906,Northeast Montana,635,2030,45,0.4100937429855235,0.40733372679160723,0.0027678933110485424,7.877437666036226e-6,0.006749416099104566,1.9208870656469158e-5,0.006730208010059003,FALSE,TRUE
907,Northeast Montana,713,2030,45,0.5323515345340846,0.5220399686292431,0.010440230720053345,1.2866481521192502e-4,0.019611534940329724,2.416914517294156e-4,0.019369843488600463,FALSE,TRUE
908,Northeast Montana,714,2030,45,0.4138484908263827,0.4074290766100232,0.006429898875622859,1.0503250221381635e-5,0.01553684263239303,2.537945758943929e-5,0.015511508096939186,FALSE,TRUE
909,Northeast Montana,715,2030,45,0.6425673086755104,0.6292141902368342,0.01335312869575642,0,0.020780902662602786,0,0.020780886699947772,FALSE,TRUE
910,Northeast Montana,716,2030,45,0.32844804029589103,0.3208962033867176,0.007554462721728741,2.625812555345409e-6,0.023000480425832668,7.994605639844514e-6,0.022992485820192952,FALSE,TRUE
911,Northeast Montana,717,2030,45,0.358152790998163,0.3540232904716706,0.004292283275567087,1.6280037843141535e-4,0.011984503216084397,4.545556603864365e-4,0.011529996778703294,FALSE,TRUE
912,Northeast Montana,718,2030,45,0.294731458292263,0.2916662119029484,0.0030678693170660934,2.625812555345409e-6,0.010409032462438803,8.909169623629345e-6,0.010400133080721326,FALSE,TRUE
913,Northeast Montana,719,2030,45,0.5697385101502312,0.565707887877776,0.004030622272455203,0,0.007074512606480453,0,0.007074512606480464,FALSE,FALSE
914,Northeast Montana,720,2030,45,0.3824215353143735,0.3732240934711009,0.00920269346838329,5.251625110690818e-6,0.02406426578675315,1.3732555899012501e-5,0.024050533230854116,FALSE,TRUE
915,Northeast Montana,798,2030,45,0.699984023492153,0.6940969517430686,0.005936962187635969,4.9890438551562766e-5,0.00848156813353687,7.127368179442748e-5,0.008410294451742472,FALSE,TRUE
916,Northeast Montana,799,2030,45,0.4837532009013576,0.4772523454674612,0.006519243173526516,1.838068788741786e-5,0.013476382505334283,3.799600261697468e-5,0.013438371925567856,FALSE,TRUE
917,Northeast Montana,800,2030,45,0.5059496047149041,0.4991148197749459,0.00684264570986877,7.877437666036226e-6,0.013524362201497341,1.556960929038586e-5,0.013508825535716291,FALSE,TRUE
918,Northeast Montana,801,2030,45,0.2965165390042043,0.29561325948516554,9.05905331594166e-4,2.625812555345409e-6,0.0030551595355742403,8.855534885722436e-6,0.003046304000688418,FALSE,TRUE
919,Northeast Montana,802,2030,45,0.35653364933122317,0.3471158854032286,0.009420393586955005,2.625812555345409e-6,0.02642217250636943,7.364837962057275e-6,0.02641479688007064,FALSE,TRUE
920,Northeast Montana,803,2030,45,0.4271584064428592,0.41645329688128535,0.010705122382924181,0,0.02506124711923749,0,0.02506121710379087,FALSE,TRUE
921,Northeast Montana,804,2030,45,0.34972557382835134,0.3343999778207567,0.015533018531711464,2.0743919187228728e-4,0.04441487753290589,5.931484781095832e-4,0.04382177671432342,FALSE,TRUE
922,Northeast Montana,883,2030,45,0.5370236346081464,0.5290865417631184,0.007968603877827161,3.1509750664144904e-5,0.014838460291680951,5.8674793125514545e-5,0.014779783111071977,FALSE,TRUE
923,Northeast Montana,886,2030,45,0.5467179294208757,0.5404879019350706,0.0062333975777494255,3.3431395625593432e-6,0.011401487389214222,6.114925782844995e-6,0.011395323164916968,FALSE,TRUE
924,Northeast Montana,888,2030,45,0.3240651898861289,0.3236082985014988,4.595171971854465e-4,2.625812555345409e-6,0.0014179776524189875,8.102729442394214e-6,0.0014098749229766528,FALSE,TRUE
925,Northeast Montana,889,2030,45,0.5138915799301522,0.5097874349061473,0.004104145024004874,0,0.007986402549274511,0,0.007986402549274586,FALSE,FALSE
926,Roseau,663,2030,45,0.0871464107381905,0.08647157691146673,6.774596392791155e-4,2.625812555345409e-6,0.007773810000211859,3.0131046512449067e-5,0.0077436789536994375,FALSE,TRUE
927,Roseau,664,2030,45,0.1116820237694986,0.10960599071792863,0.002076027442229178,0,0.018588734087715917,0,0.01858878431371106,FALSE,FALSE
928,Roseau,665,2030,45,0.20578712497760268,0.2083594366021329,5.629141758929579e-4,0.003135220191082418,0.002735419798270781,0.01523525920984438,-0.01249986666955083,TRUE,TRUE
929,Roseau,666,2030,45,7.520561388553784e-5,7.520561388553784e-5,0,0,0,0,0,FALSE,FALSE
930,Roseau,667,2030,45,0.03967850992470035,0.03886975965765396,8.113760796017313e-4,2.625812555345409e-6,0.020448753774814508,6.617719668224761e-5,0.020382576578132337,FALSE,TRUE
931,Roseau,748,2030,45,0.1007135123859667,0.09993697960812475,7.765278897021053e-4,0,0.007710265199829391,0,0.007710313734923828,FALSE,FALSE
932,Roseau,749,2030,45,0.049529209826297625,0.04810550143874555,0.001423708227285195,0,0.028744820122877764,0,0.0287448233586831,FALSE,FALSE
933,Roseau,750,2030,45,0.23510364519073473,0.23443406298912164,8.245051423784583e-4,1.549229407653791e-4,0.0035069857879470746,6.589559283085268e-4,0.0028480298596385905,FALSE,TRUE
934,Roseau,751,2030,45,0.13332638126452462,0.1335915883326145,1.0765831476916176e-4,3.7286538285904807e-4,8.074794631646348e-4,0.002796636189497028,-0.0019891567263323785,TRUE,TRUE
935,Roseau,752,2030,45,0.18440700012803857,0.18054486065649783,0.004234989148245582,3.7286538285904807e-4,0.02296544678512811,0.002021969787481809,0.0209435621687851,FALSE,TRUE
936,Roseau,833,2030,45,0.09402757819523962,0.09280375465992306,0.0012264493478718979,2.625812555345409e-6,0.013043506718053384,2.7925983054600754e-5,0.013015580734998798,FALSE,TRUE
937,Roseau,834,2030,45,0.009165858369843839,0.009029316116965877,1.3654225287796127e-4,0,0.014896832066180789,0,0.014896832066180818,FALSE,FALSE
938,Roseau,835,2030,45,0.2566139734175549,0.2548546790054735,0.004114648274226256,0.002355353862144832,0.016034389006287737,0.009178587708130249,0.0068558012981573616,FALSE,TRUE
939,Roseau,836,2030,45,0.45206604377644216,0.45035056761137804,0.0022660762352630878,5.50578273903365e-4,0.005012710568422428,0.001217915571149687,0.0037947467824247113,FALSE,TRUE
940,Roseau,837,2030,45,0.4631838982490593,0.456225494977394,0.00876964466689733,0.0018112285738816295,0.018933397080616546,0.003910387603559809,0.015022981796149765,FALSE,TRUE
941,Roseau,838,2030,45,0.6475038362795598,0.6374689653727378,0.011341521647650106,0.0013066482566915735,0.017515759771890224,0.0020179776295988277,0.015497778305809798,FALSE,TRUE
942,Roseau,918,2030,45,0.13978040286979715,0.13883320253293807,0.0010056862086972916,5.848520072064293e-5,0.007194758264032689,4.184077275490529e-4,0.006776345735255729,FALSE,TRUE
943,Roseau,919,2030,45,0.02711986389730092,0.02678638570277205,3.334781945288669e-4,0,0.012296455313776706,0,0.012296455313776704,FALSE,FALSE
944,Roseau,920,2030,45,0.14888780806224622,0.14602710836816093,0.0033426593829547053,4.8195836666765766e-4,0.02245086032536139,0.0032370573046932296,0.019213794140144083,FALSE,TRUE
945,Roseau,921,2030,45,0.35551672136252327,0.3496690368017691,0.006346588946269853,4.989043855156277e-4,0.017851731198314538,0.0014033218567148374,0.016448409341599586,FALSE,TRUE
946,Roseau,922,2030,45,0.4843552094579917,0.4776366987802499,0.007309314656289431,5.90807824952717e-4,0.015090814578971448,0.0012197821215009725,0.013871040398760316,FALSE,TRUE
947,Roseau,923,2030,45,0.5504432599554508,0.5451740747232962,0.0070850698794224214,0.0018158711848498452,0.012871571685691708,0.0032989252788685423,0.009572621949410637,FALSE,TRUE
948,Roseau,1003,2030,45,0.07317985222689224,0.0723782614018913,9.137827692602022e-4,1.1219261537680863e-4,0.012486808068797985,0.001533107979351452,0.01095370926024332,FALSE,TRUE
949,Roseau,1004,2030,45,0.014734324049758621,0.014621414109878769,1.1290993987985257e-4,0,0.007663055291749354,0,0.0076630552917493384,FALSE,FALSE
950,Roseau,1005,2030,45,0.069749525578662,0.0696188401186321,5.467511809519874e-4,4.160695272604722e-4,0.007838779925970582,0.0059651950863986595,0.0018736394111026654,FALSE,TRUE
951,Roseau,1006,2030,45,0.34095597531831534,0.33095214233646403,0.010224389697284975,2.2056825464901434e-4,0.029987419014256958,6.469112454858506e-4,0.029340541612481695,FALSE,TRUE
952,Roseau,1007,2030,45,0.3816962776809229,0.37840609352075394,0.00609717649969818,0.002806993621664242,0.015973895623878954,0.007353997892561934,0.008619901090362155,FALSE,TRUE
953,Roseau,1008,2030,45,0.39890376072427663,0.3901511069108869,0.009118852735125053,3.661790887089094e-4,0.022859781313087267,9.179634908531569e-4,0.021941768103408785,FALSE,TRUE
954,Roseau,1091,2030,45,0.2310779463168208,0.22512527028217394,0.006527712316512031,5.750529496206445e-4,0.02824896283075916,0.002488566991296585,0.025760467969909197,FALSE,TRUE
955,Roseau,1092,2030,45,0.18921859649410314,0.17497292744237605,0.014264047175344435,1.838068788741786e-5,0.07538396034868045,9.71399652464428e-5,0.07528683393532644,FALSE,TRUE
956,Roseau,1093,2030,45,0.2265902275181296,0.21047672363064662,0.01612399944489415,1.0503250221381635e-5,0.07115928882504018,4.635350048598749e-5,0.07111296927487187,FALSE,TRUE
957,Roseau,1094,2030,45,0.1384334841138685,0.13118150269001919,0.00774988766723879,4.979081265253222e-4,0.05598275386079366,0.0035967318868877687,0.05238603557708761,FALSE,TRUE
958,Roseau,1176,2030,45,0.15801665055251043,0.14985875353998668,0.008160528594686774,2.625812555345409e-6,0.051643472799563946,1.6617315619361433e-5,0.05162681897128816,FALSE,TRUE
959,Roseau,1177,2030,45,0.20060176060561313,0.1877530238333298,0.013520926836561243,6.722080141684247e-4,0.06740183533654842,0.003350957699169941,0.06405096711760262,FALSE,TRUE
960,Roseau,1178,2030,45,0.20481272286380306,0.1952949113746177,0.009706874480642825,1.8905850398486944e-4,0.04739390378154256,9.230798816662873e-4,0.04647080198975006,FALSE,TRUE
961,Sand Lake,2180,2030,45,0.5159332312485756,0.5117823549667498,0.004150864422076696,0,0.008045351938334087,0,0.008045374925318333,FALSE,FALSE
962,Sand Lake,2181,2030,45,0.5837557129954828,0.5768268911433863,0.006928846853729738,0,0.011869428768714002,0,0.011869385939782914,FALSE,TRUE
963,Sand Lake,2182,2030,45,0.47727876770629934,0.46910014113450077,0.00817859900589529,0,0.017135895328425993,0,0.01713595308482571,FALSE,FALSE
964,Sand Lake,2183,2030,45,0.5504595892272794,0.5471502038127994,0.0033093786832709944,0,0.006012028399608066,0,0.006012040627951693,FALSE,FALSE
965,Sand Lake,2184,2030,45,0.7032072904604819,0.6972204378342944,0.005986852626187532,0,0.008513638449719649,0,0.008513638449719571,FALSE,FALSE
966,Sand Lake,2185,2030,45,0.6154669537449292,0.6152122499270607,2.6520706808988627e-4,1.0503250221381635e-5,4.309038307843856e-4,1.706549824888656e-5,4.1383833253552064e-4,FALSE,TRUE
967,Sand Lake,2186,2030,45,0.36959854381362894,0.36603761376201116,0.003592111575712519,3.119130037438225e-5,0.009718954892646577,8.439237896486558e-5,0.009634588964758994,FALSE,TRUE
968,Sand Lake,2187,2030,45,0.18138257691829537,0.1739718979481324,0.007426433845495063,1.5754875332072452e-5,0.04094347964215072,8.685991565314076e-5,0.040856619726497526,FALSE,TRUE
969,Sand Lake,2188,2030,45,0.3131416455426073,0.3122075537543644,9.340990002525339e-4,0,0.002982991925695289,0,0.0029829688945536463,FALSE,TRUE
970,Sand Lake,2189,2030,45,0.5695549494412842,0.5572786603202268,0.012276272453301967,0,0.021554149367580093,0,0.021554178632105722,FALSE,FALSE
971,Sand Lake,2264,2030,45,0.1330933609143983,0.12924654552081727,0.0038625702689130963,1.5754875332072452e-5,0.029021509731032992,1.1837461481046767e-4,0.028903135116222587,FALSE,TRUE
972,Sand Lake,2265,2030,45,0.37427199782228965,0.3724674081436285,0.001804596570136955,0,0.00482161791594627,0,0.004821599502931552,FALSE,TRUE
973,Sand Lake,2266,2030,45,0.562526223627121,0.5590975688829788,0.0034286480129333244,0,0.006095090093446124,0,0.006095102059481868,FALSE,FALSE
974,Sand Lake,2267,2030,45,0.5230350695310767,0.5179567480490387,0.005078321482038021,0,0.009709332658307125,0,0.009709332658307118,FALSE,FALSE
975,Sand Lake,2268,2030,45,0.5680007966350891,0.563713993525203,0.0042868402918021555,0,0.007547243449653517,0,0.007547177988625425,FALSE,TRUE
976,Sand Lake,2269,2030,45,0.7778668547333333,0.770438431014261,0.007428423719072161,0,0.009549736788333471,0,0.009549736788333603,FALSE,FALSE
977,Sand Lake,2270,2030,45,0.2900125654178985,0.28867139062693464,0.0013411854487113382,0,0.004624577030925313,0,0.004624540281664217,FALSE,TRUE
978,Sand Lake,2271,2030,45,0.2944705797120573,0.28862260795305483,0.005864043962756144,1.6073325621835105e-5,0.01991385342634294,5.458380812627229e-5,0.01985927342799682,FALSE,TRUE
979,Sand Lake,2272,2030,45,0.14269966023528272,0.14109791457652202,0.0016227521592034626,2.100650044276327e-5,0.01137180114183786,1.4720778177136387e-4,0.011224593360066504,FALSE,TRUE
980,Sand Lake,2273,2030,45,0.295349878177368,0.29101568735652217,0.004334183128035617,0,0.01467474154647454,0,0.01467476759290558,FALSE,FALSE
981,Sand Lake,2274,2030,45,0.30627159676059723,0.2993420774270407,0.006929519333556533,0,0.022625406361051228,0,0.022625406361051155,FALSE,FALSE
982,Sand Lake,2350,2030,45,0.3419531071220472,0.33772911837188346,0.004224003174182849,0,0.012352580181923166,0,0.012352538000645008,FALSE,TRUE
983,Sand Lake,2351,2030,45,0.4485883601884931,0.4431686830742601,0.005419677114232924,0,0.012081626709965503,0,0.012081626709965602,FALSE,FALSE
984,Sand Lake,2352,2030,45,0.4885538427056678,0.48079194079206683,0.007761901913601028,0,0.0158875056035067,0,0.01588750560350662,FALSE,FALSE
985,Sand Lake,2353,2030,45,0.3084383844586113,0.3051384765863233,0.0032999104365580615,0,0.010698767088766376,0,0.010698758775047397,FALSE,TRUE
986,Sand Lake,2354,2030,45,0.47863742056208475,0.47430745565832017,0.004329964903764579,0,0.009046440411365483,0,0.00904644041136549,FALSE,FALSE
987,Sand Lake,2355,2030,45,0.1042558053226897,0.10399059825459982,2.6520706808988627e-4,0,0.0025438110354528906,0,0.0025438110354528724,FALSE,FALSE
988,Sand Lake,2356,2030,45,0.09773263048207288,0.09768011423096597,5.251625110690817e-5,0,5.373461335059557e-4,0,5.373461335060306e-4,FALSE,FALSE
989,Sand Lake,2357,2030,45,0.07365440630378917,0.07189214246696253,0.0017622631957591106,0,0.023926106857621234,0,0.023926115561343893,FALSE,FALSE
990,Sand Lake,2358,2030,45,0.15361664004741596,0.15300745153457582,6.091885128401348e-4,0,0.003965641434756678,0,0.003965641434756725,FALSE,FALSE
991,Sand Lake,2359,2030,45,0.09172493546872729,0.0915227479019657,2.0218756676159647e-4,0,0.002204281373744115,0,0.0022042813737440286,FALSE,FALSE
992,Sand Lake,2435,2030,45,0.3563857832617003,0.35083723619064955,0.005548550917455846,0,0.01556894572694402,0,0.01556893493413103,FALSE,TRUE
993,Sand Lake,2436,2030,45,0.3824575581803672,0.37988709283028993,0.0025704615036721582,0,0.006720906539020278,0,0.006720916596097269,FALSE,FALSE
994,Sand Lake,2437,2030,45,0.45813228620410773,0.45545658321021076,0.0026757029938969715,0,0.005840459348688838,0,0.005840459348688828,FALSE,FALSE
995,Sand Lake,2438,2030,45,0.33743260669473535,0.33077432559248177,0.006658282384388625,0,0.01973218430076665,0,0.019732180501089273,FALSE,TRUE
996,Sand Lake,2439,2030,45,0.45489338744541036,0.4439174909640665,0.01097589648134381,0,0.024128503038881775,0,0.02412850303888184,FALSE,FALSE
997,Sand Lake,2440,2030,45,0.0833982120430992,0.0832590439776659,1.3916806543330667e-4,0,0.0016687176142503664,0,0.0016687176142503657,FALSE,FALSE
998,Sand Lake,2441,2030,45,0.0515583731494627,0.051537366649019936,2.100650044276327e-5,0,4.074314056005505e-4,0,4.074314056004996e-4,FALSE,FALSE
999,Sand Lake,2442,2030,45,0.07857133775593624,0.07777606016385644,7.952781530138778e-4,0,0.010121733646488574,0,0.010121726507319318,FALSE,TRUE
1000,Sand Lake,2443,2030,45,0.11498142904485216,0.1132720250713223,0.001709403973529861,0,0.014866783164288676,0,0.01486678316428872,FALSE,FALSE
1001,Sand Lake,2444,2030,45,0.14972791422375234,0.14713886304418178,0.0026021802423473,1.3129062776727043e-5,0.017379392852949385,8.76861395204308e-5,0.01729170671342888,FALSE,TRUE
1002,Sand Lake,2520,2030,45,0.45889582326121675,0.4575277749198818,0.0013706741538903034,2.625812555345409e-6,0.002986896119797709,5.7220232180032735e-6,0.0029811740965797334,FALSE,TRUE
1003,Sand Lake,2521,2030,45,0.23745801437317132,0.2338380855957006,0.003619914353451546,0,0.015244439582328682,0,0.015244500325779321,FALSE,FALSE
1004,Sand Lake,2522,2030,45,0.4083523779497965,0.405634661955014,0.002717715994782498,0,0.0066553206042958765,0,0.006655320604295852,FALSE,FALSE
1005,Sand Lake,2523,2030,45,0.4183965212572045,0.41638777465236526,0.0020087466048392378,0,0.004801059527940921,0,0.004801059527940926,FALSE,FALSE
1006,Sand Lake,2524,2030,45,0.330028328142676,0.3279429611480382,0.002085358660760054,0,0.0063187262514584,0,0.006318751503465665,FALSE,FALSE
1007,Sand Lake,2525,2030,45,0.09513860461855955,0.0927123538174204,0.0024262508011391576,0,0.025502274401298576,0,0.02550227440129845,FALSE,FALSE
1008,Sand Lake,2526,2030,45,0.07750395520926863,0.0774479669364821,6.123738871889192e-5,5.251625110690818e-6,7.90119530720009e-4,6.775944655354544e-5,7.223924590088623e-4,FALSE,TRUE
1009,Sand Lake,2527,2030,45,0.09636913628438859,0.09588158648675878,5.006865131500455e-4,1.3129062776727043e-5,0.005195506906614818,1.362372153879509e-4,0.005059190280496416,FALSE,TRUE
1010,Sand Lake,2528,2030,45,0.036849922584746495,0.036752767520198716,9.978087710312553e-5,2.625812555345409e-6,0.002707763547498697,7.125693546049204e-5,0.0026365066120381583,FALSE,TRUE
1011,Sand Lake,2529,2030,45,0.297040921977171,0.29056415016780573,0.0067025795088421925,2.2581987975970515e-4,0.022564498737171697,7.602315474130547e-4,0.021804308195161944,FALSE,TRUE
1012,Sand Lake,2604,2030,45,0.1361466680622503,0.13481967881333348,0.001326997182127343,0,0.009746820844125254,0,0.009746762574535175,FALSE,TRUE
1013,Sand Lake,2605,2030,45,0.16697685638565574,0.16553362364576343,0.001443235143895503,0,0.008643324441095928,0,0.008643310043871952,FALSE,TRUE
1014,Sand Lake,2606,2030,45,0.1145693918723491,0.1138713462729193,6.980429550262983e-4,0,0.006092752554749035,0,0.006092775635987961,FALSE,FALSE
1015,Sand Lake,2607,2030,45,0.5380350237534873,0.5324799121510482,0.005555098140021212,0,0.01032478908392849,0,0.010324814105381275,FALSE,FALSE
1016,Sand Lake,2608,2030,45,0.5205620464437954,0.51257695046299,0.007985095980805388,0,0.015339374115641622,0,0.015339374115641713,FALSE,FALSE
1017,Sand Lake,2609,2030,45,0.33047976276058955,0.3270167673116219,0.0034629832686847947,0,0.010478654546824685,0,0.010478691403190014,FALSE,FALSE
1018,Sand Lake,2610,2030,45,0.21632986495811743,0.21143272454239825,0.004897140415719188,0,0.02263737564236588,0,0.022637375642365825,FALSE,FALSE
1019,Sand Lake,2611,2030,45,0.07714805503721638,0.07375181266680415,0.0033962417293447044,0,0.04402238951722569,0,0.04402239782680028,FALSE,FALSE
1020,Sand Lake,2612,2030,45,0.075506835004943,0.07357423696420877,0.0019352238532895662,2.625812555345409e-6,0.025629783756170924,3.477582599209081e-5,0.025595007930178944,FALSE,TRUE
1021,Sand Lake,2613,2030,45,0.060374082363961815,0.05897189845940736,0.0014021839045544483,0,0.023224931123614602,0,0.02322493112361469,FALSE,FALSE
1022,Sand Lake,2614,2030,45,0.1877873440239946,0.18420091487076512,0.003625799994337929,3.938718833018113e-5,0.019308010415625458,2.0974357209689495e-4,0.019098353895304197,FALSE,TRUE
1023,Sand Lake,2696,2030,45,0.13077054251094705,0.12946920621984634,0.0013013368520347923,0,0.009951299635587692,0,0.009951295346134821,FALSE,TRUE
1024,Sand Lake,2697,2030,45,0.16315617603266463,0.16145464949680083,0.0017067781609745158,5.251625110690818e-6,0.010461008602167844,3.218771877590106e-5,0.01042882088339183,FALSE,TRUE
1025,Sand Lake,2698,2030,45,0.08963222440459877,0.08692501166003765,0.0027072127445611164,0,0.030203565319775968,0,0.030203565319776023,FALSE,FALSE
1026,Sand Lake,2699,2030,45,0.047993299237406,0.04728935581680696,7.039436609993639e-4,0,0.014667540514712309,0,0.014667535505672975,FALSE,TRUE
1027,Sand Lake,2781,2030,45,0.1055284935885284,0.10353812767157657,0.00199036591695182,0,0.018860933661315766,0,0.01886093366131584,FALSE,FALSE
1028,Sand Lake,2782,2030,45,0.10829038682813852,0.10382315141879508,0.004467238614681028,0,0.04125240241103513,0,0.0412523728115694,FALSE,TRUE
1029,Sand Lake,2783,2030,45,0.1499364509232161,0.14771187483482384,0.0022298259505672924,5.251625110690818e-6,0.014871806934453901,3.502567306585258e-5,0.014836793019273866,FALSE,TRUE
1030,Sand Lake,2784,2030,45,0.023807119289024594,0.02379661603880321,1.0503250221381635e-5,0,4.411810641123547e-4,0,4.411810641124453e-4,FALSE,FALSE
1031,Tewaukon,1850,2030,45,0.2635826337695146,0.25609381636166945,0.007509823908287869,2.100650044276327e-5,0.028491345582557268,7.969607155960075e-5,0.028411649510997748,FALSE,TRUE
1032,Tewaukon,1851,2030,45,0.21747396020830626,0.2149906390124095,0.002491201999167251,7.877437666036226e-6,0.011455173744852333,3.622244087747731e-5,0.011418935828078534,FALSE,TRUE
1033,Tewaukon,1852,2030,45,0.5479182129569168,0.5166482318017319,0.03138547844356902,1.1553575243519798e-4,0.05728131991487001,2.1086313559772585e-4,0.0570705269796236,FALSE,TRUE
1034,Tewaukon,1853,2030,45,0.33660902468958337,0.3099633866426099,0.026671911558147316,2.6258125553454086e-5,0.0792370661563332,7.800778834634337e-5,0.07915901266029847,FALSE,TRUE
1035,Tewaukon,1854,2030,45,0.1186460581782455,0.11315820225129625,0.005503612725483883,1.5754875332072452e-5,0.046386814783308195,1.327888644088237e-4,0.046254009709321184,FALSE,TRUE
1036,Tewaukon,1934,2030,45,0.32907487098683735,0.3160062018988833,0.013068669087954099,0,0.039713360818963386,0,0.03971336081896329,FALSE,FALSE
1037,Tewaukon,1935,2030,45,0.25046087403395706,0.24336523102795377,0.007095639800665716,0,0.028330332344459124,0,0.028330345142216818,FALSE,FALSE
1038,Tewaukon,1936,2030,45,0.3177423973661419,0.3038676858803391,0.013885224993104461,1.0503250221381635e-5,0.04369962934818609,3.305586635100036e-5,0.04366654120071573,FALSE,TRUE
1039,Tewaukon,1937,2030,45,0.6909284986118327,0.6644062737549605,0.026522201778441525,0,0.03838631903551259,0,0.03838635243756604,FALSE,FALSE
1040,Tewaukon,1938,2030,45,0.11164136470321191,0.10819452415570782,0.0034468360600314646,0,0.030874184216527222,0,0.030874224411956915,FALSE,FALSE
1041,Tewaukon,1939,2030,45,0.05239316101483621,0.050670535664806976,0.0017751395176667103,5.251625110690817e-5,0.033881130347604774,0.0010023493541845491,0.0328788207594773,FALSE,TRUE
1042,Tewaukon,2020,2030,45,0.287116068513586,0.2837396428223024,0.003376426973418637,0,0.011759798017918556,0,0.011759793552355059,FALSE,TRUE
1043,Tewaukon,2021,2030,45,0.2687551562769756,0.2651298117611095,0.003625338746258444,0,0.013489373735111585,0,0.013489395203007265,FALSE,FALSE
1044,Tewaukon,2022,2030,45,0.26398030077252527,0.25016034158133355,0.01382257346453173,2.625812555345409e-6,0.052362139993327735,9.947001907570749e-6,0.052352236703830914,FALSE,TRUE
1045,Tewaukon,2023,2030,45,0.09618910401106273,0.09291445932753964,0.003287773105232291,1.3129062776727043e-5,0.03418030700082375,1.3649220368262363e-4,0.034043821461799614,FALSE,TRUE
1046,Tewaukon,2024,2030,45,0.027016585355817434,0.025112322499396263,0.0022143823135154007,3.101184754595957e-4,0.08196381164944598,0.011478818339743235,0.07048495697518373,FALSE,TRUE
1047,Tewaukon,2105,2030,45,0.3389545522688062,0.3353151760670975,0.0036393762017087367,0,0.010737062468547547,0,0.010737062468547534,FALSE,FALSE
1048,Tewaukon,2106,2030,45,0.35940784734297576,0.3556798499675241,0.003754258385808931,2.6258125553454086e-5,0.010445677281571197,7.305941077128592e-5,0.010372609844253342,FALSE,TRUE
1049,Tewaukon,2107,2030,45,0.27742411231516373,0.2727198870656201,0.004717359120326769,1.3129062776727043e-5,0.017004142433616875,4.7324879828080545e-5,0.01695680022290004,FALSE,TRUE
1050,Tewaukon,2108,2030,45,0.32845027633939516,0.3225194889140964,0.005999050217860031,6.827112643898063e-5,0.01826471356553549,2.0785833155589895e-4,0.018056880607311077,FALSE,TRUE
1051,Tewaukon,2109,2030,45,0.15481709795382204,0.14484752362015377,0.009985327926865305,1.5754875332072452e-5,0.06449757848996544,1.0176444036414975e-4,0.06439582233121265,FALSE,TRUE
1052,Tewaukon,2110,2030,45,0.03145764726051984,0.03135786638341672,1.0240668965847094e-4,2.625812555345409e-6,0.0032553829855862734,8.347135860477625e-5,0.003171911626981322,FALSE,TRUE
1053,Valley City,1338,2030,45,0.522127892321526,0.5072663266264463,0.014866826295135657,5.251625110690818e-6,0.028473534001475398,1.0058120219053285e-5,0.028463458692085997,FALSE,TRUE
1054,Valley City,1339,2030,45,0.3267334462397322,0.3193928231279794,0.0073458862760788215,5.251625110690818e-6,0.022482810868064505,1.6073117616607802e-5,0.022466702433539133,FALSE,TRUE
1055,Valley City,1340,2030,45,0.19628621715674238,0.1920163792576631,0.004275094973263884,5.251625110690818e-6,0.021779904036002943,2.67549356585602e-5,0.02175312133948583,FALSE,TRUE
1056,Valley City,1341,2030,45,0.1532432412963816,0.15016316316896144,0.003177233191967945,9.715506454778013e-5,0.020733268006404185,6.339924927578138e-4,0.020099275513646233,FALSE,TRUE
1057,Valley City,1342,2030,45,0.04513665621857711,0.044159853947988624,9.794280831438374e-4,2.625812555345409e-6,0.021699172362279008,5.8174724831847215e-5,0.021640997637447073,FALSE,TRUE
1058,Valley City,1343,2030,45,0.03735268876099294,0.03681986933948415,5.328180592403135e-4,0,0.01426451687720886,0,0.014264553347635,FALSE,FALSE
1059,Valley City,1423,2030,45,0.25306321838958906,0.25025359895536947,0.002830625934662351,2.100650044276327e-5,0.01118544983611416,8.30089041641125e-5,0.011102440931950057,FALSE,TRUE
1060,Valley City,1424,2030,45,0.30838430913129966,0.3046751232411078,0.0037512020964149836,4.201300088552654e-5,0.012164049808441608,1.3623585779663913e-4,0.012027803556673896,FALSE,TRUE
1061,Valley City,1425,2030,45,0.10547978271421067,0.10106408913334619,0.004426201959626018,1.0503250221381635e-5,0.041962562357740825,9.957595617957785e-5,0.0418629377804888,FALSE,TRUE
1062,Valley City,1426,2030,45,0.1012888012484341,0.09866935833995147,0.0026273208269493122,7.877437666036226e-6,0.025938907308273924,7.777204951527659e-5,0.02586113051192944,FALSE,TRUE
1063,Valley City,1427,2030,45,0.02861230754417529,0.028142287096768467,4.7002044740682814e-4,0,0.01642721219465264,0,0.01642721219465253,FALSE,FALSE
1064,Valley City,1428,2030,45,0.039726833594236954,0.03565157250834088,0.004085764336117456,1.0503250221381635e-5,0.10284646337155261,2.6438679529962105e-4,0.1025820765762529,FALSE,TRUE
1065,Valley City,1508,2030,45,0.22332435263825817,0.21877193217707042,0.004562930763151832,1.0503250221381635e-5,0.02043185487497142,4.703136983181968e-5,0.02038479192890257,FALSE,TRUE
1066,Valley City,1509,2030,45,0.3855429699895404,0.3794645421504852,0.0060915562607644115,1.3129062776727043e-5,0.015799941212596025,3.405343580012165e-5,0.015765889439561344,FALSE,TRUE
1067,Valley City,1510,2030,45,0.12246282032656418,0.1198822414953167,0.0025831980728607483,2.625812555345409e-6,0.021093733314097213,2.1441712254734244e-5,0.021072345258471105,FALSE,TRUE
1068,Valley City,1511,2030,45,0.04851326653730601,0.045320278470006,0.0031956138798553625,2.625812555345409e-6,0.06587092785017848,5.4125659696120364e-5,0.06581680219048229,FALSE,TRUE
1069,Valley City,1512,2030,45,0.041077214114764955,0.04018968947105821,8.875246437067482e-4,0,0.021606252099451235,0,0.021606252099451235,FALSE,FALSE
1070,Valley City,1513,2030,45,0.007807964538000255,0.00754800909502106,2.5995544297919545e-4,0,0.0332936249536008,0,0.033293624953600755,FALSE,FALSE
1071,Valley City,1514,2030,45,0.05317378123917543,0.05221716490260615,9.566135318988812e-4,0,0.017990323606967836,0,0.01799037635233093,FALSE,FALSE
1072,Valley City,1593,2030,45,0.25788903106894157,0.254327690734112,0.003566586831400109,5.251625110690818e-6,0.013829928386704637,2.0363894846256174e-5,0.013809584378474486,FALSE,TRUE
1073,Valley City,1594,2030,45,0.2905665503245946,0.2854068286533408,0.005172850734030455,1.3129062776727043e-5,0.01780263670491946,4.518435711908492e-5,0.017757452347800556,FALSE,TRUE
1074,Valley City,1595,2030,45,0.11055893501975253,0.10856331747769002,0.0020008691671732017,5.251625110690818e-6,0.01809776086225618,4.7500684677837744e-5,0.018050260177578346,FALSE,TRUE
1075,Valley City,1596,2030,45,0.05749389421731732,0.057399364965324884,9.978087710312553e-5,5.251625110690818e-6,0.0017355038906561187,9.134231003453256e-5,0.001644161580621622,FALSE,TRUE
1076,Valley City,1597,2030,45,0.06011885030645815,0.05324447303656387,0.006879628895004971,5.251625110690818e-6,0.11443380670015807,8.73540509161512e-5,0.11434645264924194,FALSE,TRUE
1077,Valley City,1598,2030,45,0.006582173566469749,0.0062670760598283,3.1509750664144903e-4,0,0.04787134575827463,0,0.047871345758274585,FALSE,FALSE
1078,Valley City,1599,2030,45,0.06490465011558251,0.0640302545346525,8.743955809300211e-4,0,0.013472002073393713,0,0.01347200207339358,FALSE,FALSE
1079,Valley City,1678,2030,45,0.2969929188413936,0.2954925336501014,0.0015029986632978652,2.625812555345409e-6,0.005060722219106268,8.841330512488415e-6,0.005051922440256781,FALSE,TRUE
1080,Valley City,1679,2030,45,0.3319690908193245,0.3289172196627137,0.0030518717976783082,0,0.0091932408229515,0,0.009193238891845543,FALSE,TRUE
1081,Valley City,1680,2030,45,0.13865955016355527,0.13468474692206173,0.003974802600426005,0,0.028665912991478366,0,0.028665917614798867,FALSE,FALSE
1082,Valley City,1681,2030,45,0.0908147324204898,0.08344014298734237,0.00737984682786579,5.251625110690818e-6,0.08126266114726484,5.782789830150879e-5,0.08120476971733681,FALSE,TRUE
1083,Valley City,1682,2030,45,0.03407689528447689,0.031525918386958826,0.002550976256450546,0,0.07485940943723816,0,0.07485942824961858,FALSE,FALSE
1084,Valley City,1683,2030,45,0.015354151719134037,0.015197572259901126,1.5657919879923213e-4,0,0.010197841057158909,0,0.010197858018934684,FALSE,FALSE
1085,Valley City,1684,2030,45,0.06176424497041132,0.06083710748260791,9.612742530244916e-4,3.413556321949032e-5,0.015563604047697792,5.526751478277318e-4,0.015010909438746582,FALSE,TRUE
1086,Valley City,1763,2030,45,0.20865348658001043,0.2052862922609917,0.0033672039350314898,0,0.016137779388317574,0,0.016137733302278325,FALSE,TRUE
1087,Valley City,1764,2030,45,0.3391559192691443,0.3362636277677525,0.002896271248545986,3.976367150746348e-6,0.008539645289951697,1.1724304146939621e-5,0.008527911019876877,FALSE,TRUE
1088,Valley City,1765,2030,45,0.1973480095946496,0.19498867598535055,0.0023606054872555224,1.2752579599444694e-6,0.011961638184769014,6.461975281959183e-6,0.011955193336609217,FALSE,TRUE
1089,Valley City,1766,2030,45,0.2108745957752632,0.20872930691754601,0.00215054048282789,5.251625110690818e-6,0.010198196112346314,2.4904019810369512e-5,0.01017329209253594,FALSE,TRUE
1090,Valley City,1767,2030,45,0.09965464321594336,0.09628826946334819,0.0033716237750370634,5.251625110690818e-6,0.033833082596372695,5.2698248081737454e-5,0.033780400430520025,FALSE,TRUE
1091,Valley City,1768,2030,45,0.043233644725951856,0.04104304265176443,0.002190601433119904,0,0.05066890490046868,0,0.05066891972844645,FALSE,FALSE
1092,Valley City,1769,2030,45,0.06901421087798279,0.06847792969187466,5.415316092172163e-4,5.251625110690818e-6,0.00784666813295373,7.60948367572542e-5,0.007770590712922507,FALSE,TRUE
1093,Waubay,2190,2030,45,0.22906930228278452,0.2204423592454819,0.008626944319437668,0,0.03766084863168511,0,0.03766084303453602,FALSE,TRUE
1094,Waubay,2191,2030,45,0.5262333092234873,0.5132074326745212,0.013256939078891344,2.3107150487039596e-4,0.025192132171286068,4.391046724339178e-4,0.02475304455392076,FALSE,TRUE
1095,Waubay,2192,2030,45,0.3236755028915872,0.3141871292228466,0.009884866877125163,3.964976958571567e-4,0.03053943467706924,0.0012249851852086588,0.029314463355970054,FALSE,TRUE
1096,Waubay,2193,2030,45,0.26063602077088405,0.2603734395153495,2.704586932005771e-4,7.877437666036226e-6,0.001037687317357902,3.0223902447317536e-5,0.0010074634149105119,FALSE,TRUE
1097,Waubay,2194,2030,45,0.22033404447757388,0.21671758259324264,0.0036164589995273974,0,0.016413527959795105,0,0.016413541052659825,FALSE,FALSE
1098,Waubay,2195,2030,45,0.26010349367616364,0.25789518531711814,0.002242443922264979,3.413556321949032e-5,0.008621352564594486,1.3123838798563035e-4,0.008490114176608929,FALSE,TRUE
1099,Waubay,2275,2030,45,0.17908964764682175,0.1739698670462341,0.00514604994482268,2.6258125553454086e-5,0.028734491426165947,1.466200079037348e-4,0.028587808775436565,FALSE,TRUE
1100,Waubay,2276,2030,45,0.7026063076118773,0.6939993863953091,0.009076306366064222,4.69364314801751e-4,0.012918054204372462,6.68033164115899e-4,0.012249991386816074,FALSE,TRUE
1101,Waubay,2277,2030,45,0.7411517589047855,0.7346973475304618,0.007932697045054346,0.0014782954470102779,0.010703202076692968,0.0019945921051240357,0.008708623162227244,FALSE,TRUE
1102,Waubay,2278,2030,45,0.18782730560882127,0.18512963194893386,0.003549124793266551,8.51456342052737e-4,0.01889568069862078,0.004533187223725732,0.014362521206079159,FALSE,TRUE
1103,Waubay,2279,2030,45,0.23847621421982768,0.23569106817919033,0.003284176395920337,4.99042054765203e-4,0.013771505081395578,0.0020926282161842164,0.011678925924536825,FALSE,TRUE
1104,Waubay,2360,2030,45,0.24338882231263068,0.23512539020095868,0.00835533555110909,9.19034394370893e-5,0.03432916709863011,3.775992609843035e-4,0.03395156783764577,FALSE,TRUE
1105,Waubay,2361,2030,45,0.6042965009645628,0.5973105266610663,0.007269562700541282,2.8358775597730416e-4,0.012029794461721671,4.692857819375895e-4,0.01156050761893478,FALSE,TRUE
1106,Waubay,2362,2030,45,0.6763794456391602,0.664790339869501,0.012148403843947888,5.592980742885721e-4,0.017960929951778733,8.268998679580669e-4,0.017134030083820515,FALSE,TRUE
1107,Waubay,2363,2030,45,0.46140175106208214,0.4547392850710685,0.008266831692722049,0.0016043714713160448,0.017916775724610843,0.0034771681460311035,0.014439620083100256,FALSE,TRUE
1108,Waubay,2364,2030,45,0.23063229669219326,0.22861686247100213,0.002361885378555998,3.4646958805601867e-4,0.010240913403850893,0.0015022596272300246,0.008738733690368494,FALSE,TRUE
1109,Waubay,2445,2030,45,0.31442437549005414,0.31240775144754884,0.0020402563555033826,2.363231299810868e-5,0.006488861915757927,7.51605627307868e-5,0.006413701353027222,FALSE,TRUE
1110,Waubay,2446,2030,45,0.4863174709749371,0.47971773728700345,0.006610220270399525,1.0503250221381635e-5,0.013592397281446197,2.1597517770285763e-5,0.013570834037080636,FALSE,TRUE
1111,Waubay,2447,2030,45,0.6198076680688422,0.6117822822766408,0.00806738917707422,4.201300088552654e-5,0.01301595574351328,6.778393209691647e-5,0.012948187325927186,FALSE,TRUE
1112,Waubay,2448,2030,45,0.6346372316734037,0.6166880386398073,0.018427058865293437,4.77860903490397e-4,0.029035578036771013,7.529670174414117e-4,0.028282603253938034,FALSE,TRUE
1113,Waubay,2449,2030,45,0.15874792909209384,0.15552293893427555,0.0035908316844120436,3.658426885286317e-4,0.022619707261371,0.002304550935693761,0.02031516364504759,FALSE,TRUE
1114,Waubay,2450,2030,45,0.2700929257172817,0.26831758923161997,0.0019950893024273534,2.1975049289586188e-4,0.007386677370867914,8.136106945869604e-4,0.006573058072317203,FALSE,TRUE
1115,Waubay,2530,2030,45,0.3156877605840659,0.309768050805485,0.005932830507479914,1.3129062776727043e-5,0.01879334978493737,4.158876084532535e-5,0.018751787423207784,FALSE,TRUE
1116,Waubay,2531,2030,45,0.3842423311798997,0.3806125145770253,0.0036350445084869423,5.251625110690818e-6,0.009460291627225836,1.3667481910607194e-5,0.009446685875885364,FALSE,TRUE
1117,Waubay,2532,2030,45,0.4658168087039684,0.4595242950850102,0.006972609968940482,6.800854518344609e-4,0.014968566695435953,0.0014599847818429895,0.013508558517812477,FALSE,TRUE
1118,Waubay,2533,2030,45,0.4432195171641988,0.43483332831556437,0.008485972931075116,9.978087710312553e-5,0.019146207697192476,2.2512744416478366e-4,0.018921073021086265,FALSE,TRUE
1119,Waubay,2534,2030,45,0.33860864249296063,0.33458327184561615,0.004251190527104216,2.2581987975970515e-4,0.012554878977114693,6.669052452327756e-4,0.011887973731881836,FALSE,TRUE
1120,Waubay,2535,2030,45,0.14203251921877968,0.14074796351104046,0.0016915515252776006,4.0700094607853835e-4,0.011909607282766143,0.0028655476106258086,0.009044095780351235,FALSE,TRUE
1121,Waubay,2615,2030,45,0.4651773002617783,0.4566770937085922,0.00853958925404359,3.938718833018113e-5,0.01835770844630196,8.467134640494282e-5,0.018273046746697604,FALSE,TRUE
1122,Waubay,2616,2030,45,0.4146742678467177,0.4098046984628296,0.004895828150509033,2.6258125553454086e-5,0.01180644310516695,6.332229315748204e-5,0.011743119266055155,FALSE,TRUE
1123,Waubay,2617,2030,45,0.3677503000012352,0.3590205810193835,0.008813770626323486,8.402600177105308e-5,0.023966725863429295,2.284865621340645e-4,0.023738169572730155,FALSE,TRUE
1124,Waubay,2618,2030,45,0.27279211742505266,0.2694967226680942,0.0033557884457314324,6.03936887729444e-5,0.012301632750269652,2.213908867419421e-4,0.01208024186352756,FALSE,TRUE
1125,Waubay,2619,2030,45,0.5288079184340035,0.5138329094308687,0.015103673818346791,1.2866481521192502e-4,0.02856173913407797,2.4331106007820247e-4,0.028318428073999768,FALSE,TRUE
1126,Waubay,2620,2030,45,0.14785338151456426,0.145225691913525,0.0027904880562681293,1.6280037843141535e-4,0.018873346200697163,0.0011010933721213455,0.01777226583607371,FALSE,TRUE
1127,Waubay,2700,2030,45,0.37548397442986625,0.3677144002202051,0.007808940883830771,3.938718833018113e-5,0.02079700177800622,1.0489712214745388e-4,0.02069215928977655,FALSE,TRUE
1128,Waubay,2701,2030,45,0.2711174028970782,0.2699283406068791,0.001191703728775215,2.625812555345409e-6,0.004395526499003867,9.685149412345993e-6,0.004385783713967259,FALSE,TRUE
1129,Waubay,2702,2030,45,0.3903172305833336,0.3863520484831562,0.004219880789505811,2.5470381786850464e-4,0.010811413022169558,6.525559158324802e-4,0.010158870245752212,FALSE,TRUE
1130,Waubay,2703,2030,45,0.2062741311499769,0.2017212388630956,0.004563388164826206,1.0503250221381635e-5,0.022122930002833358,5.0918892072535154e-5,0.022072046850950024,FALSE,TRUE
1131,Waubay,2785,2030,45,0.32183425440795416,0.3170141446652453,0.004862118576655516,4.201300088552654e-5,0.015107523546863781,1.305423531215271e-4,0.014976994141210738,FALSE,TRUE
1132,Waubay,2786,2030,45,0.3100146515299209,0.30444009250324383,0.005629699808204342,5.5142063662253585e-5,0.018159463691221685,1.778692180841381e-4,0.01798159860886142,FALSE,TRUE
1133,Windom,2876,2030,45,0.26475493599051275,0.26223864853855006,0.00330589800717987,7.896240176350748e-4,0.012486634082237975,0.0029824713736909146,0.009504213557147295,FALSE,TRUE
1134,Windom,2877,2030,45,0.1515355399981806,0.15021475628284187,0.0018511978515185132,5.304141361797725e-4,0.012216261951095694,0.0035002622895338015,0.008715999661561788,FALSE,TRUE
1135,Windom,2878,2030,45,0.0691731597227637,0.06865062302424996,5.382915738458087e-4,1.5754875332072452e-5,0.007781798258214685,2.2775994902091764e-4,0.007554038309193777,FALSE,TRUE
1136,Windom,2879,2030,45,0.09758462081342587,0.09746645924843532,1.181615649905434e-4,0,0.0012108625724586155,0,0.001210862572458642,FALSE,FALSE
1137,Windom,2881,2030,45,0.12451625703024576,0.12581581884645557,0.0029172777489887493,0.004216839244664787,0.02342889048038221,0.03386577259257392,-0.010436884686424048,TRUE,TRUE
1138,Windom,2961,2030,45,0.23966141984783612,0.2343034698428144,0.005357944235414053,0,0.022356306821581358,0,0.022356330895575764,FALSE,FALSE
1139,Windom,2962,2030,45,0.2168732645579498,0.21162149584813486,0.005314559350039161,6.279626959836875e-5,0.024505368888469325,2.8955283965667985e-4,0.024215842005788794,FALSE,TRUE
1140,Windom,2963,2030,45,0.1577818864987341,0.15537019049453255,0.0025128620679450175,1.0116484170854032e-4,0.015926175834924998,6.411689196614592e-4,0.015284999170173416,FALSE,TRUE
1141,Windom,2964,2030,45,0.102282763614355,0.10175497529073056,5.461690115118451e-4,1.838068788741786e-5,0.005339795212916914,1.7970464658854997e-4,0.00516009056632843,FALSE,TRUE
1142,Windom,2965,2030,45,0.06922745044876151,0.06873117187580123,5.803045747313354e-4,8.402600177105308e-5,0.00838257903432174,0.001213767099992288,0.007168811934329408,FALSE,TRUE
1143,Windom,2966,2030,45,0.028174560999914538,0.028101038248364865,1.2866481521192502e-4,5.5142063662253585e-5,0.004566701685691404,0.0019571578652963165,0.002609543820395132,FALSE,TRUE
1144,Windom,2967,2030,45,0.020631034890049613,0.02053913145061252,9.19034394370893e-5,0,0.0044546209110147205,0,0.004454620911014837,FALSE,FALSE
1145,Windom,2968,2030,45,0.12220400341949765,0.12096724570592997,0.0012472609637890692,1.0503250221381635e-5,0.010206383824493173,8.594849536415303e-5,0.010120435329128976,FALSE,TRUE
1146,Windom,3046,2030,45,0.23834662626738926,0.23503285082254335,0.003313775444845906,0,0.013903177471991341,0,0.01390317747199132,FALSE,FALSE
1147,Windom,3047,2030,45,0.1764200783869408,0.17372681527157996,0.002698518586876645,5.251625110690818e-6,0.015295983379839595,2.9767729153665088e-5,0.015266193848149869,FALSE,TRUE
1148,Windom,3048,2030,45,0.20555890494105408,0.20370366579989962,0.001859339088468369,4.090892235197097e-6,0.00904528601668486,1.9901313622828443e-5,0.009025340652045528,FALSE,TRUE
1149,Windom,3049,2030,45,0.12246681033079866,0.11939134788951095,0.003265738653023782,1.90283203378683e-4,0.026666315912063036,0.0015537532402836614,0.02511261976188075,FALSE,TRUE
1150,Windom,3050,2030,45,0.08642968699554474,0.08550855502825366,0.0018941897625046288,9.730638052215325e-4,0.02191596230820864,0.011258444164812165,0.010657587679781307,FALSE,TRUE
1151,Windom,3051,2030,45,0.12954617535037488,0.1263065996243781,0.0043873603197539905,0.0011477896421638887,0.03386715437864368,0.008860081272639186,0.025007112075944513,FALSE,TRUE
1152,Windom,3052,2030,45,0.14286587622145214,0.14244556158515156,5.990577629136605e-4,1.7874150391094146e-4,0.004193147998372115,0.001251114042333521,0.002942022597817939,FALSE,TRUE
1153,Windom,3053,2030,45,0.15504557441737798,0.15326264769229844,0.0017934299753009143,1.0503250221381635e-5,0.011567114908246624,6.774298628548535e-5,0.0114993719219612,FALSE,TRUE
1154,Windom,3054,2030,45,0.11536987493267828,0.11508103555159029,2.940910061986858e-4,5.251625110690818e-6,0.002549114371236829,4.5519899486371944e-5,0.0025035944717504447,FALSE,TRUE
1155,Windom,3055,2030,45,0.16653119650394793,0.16602966630587696,5.015301980709731e-4,0,0.0030116291037342265,0,0.003011629103734246,FALSE,FALSE
1156,Windom,3056,2030,45,0.15093648548067123,0.15013561265129088,8.061244544910405e-4,5.251625110690818e-6,0.005340819033409069,3.479360933816983e-5,0.005306025424070902,FALSE,TRUE
1157,Windom,3131,2030,45,0.11426753625636762,0.11184653708033916,0.0024262508011391576,5.251625110690818e-6,0.021233071794736918,4.5959029858737924e-5,0.021187112764878144,FALSE,TRUE
1158,Windom,3132,2030,45,0.1652275421127007,0.16258657984976058,0.002640959538403163,0,0.01598377307217813,0,0.01598378956178339,FALSE,FALSE
1159,Windom,3133,2030,45,0.07777393694823552,0.07626409472891191,0.0015387261574324096,2.8883938108799495e-5,0.019784599029062256,3.713832582247181e-4,0.019413215770837565,FALSE,TRUE
1160,Windom,3134,2030,45,0.19044889224708542,0.187746931127635,0.002988174687983075,2.8621356853264957e-4,0.015690165759043976,0.001502836614882068,0.014187329144161901,FALSE,TRUE
1161,Windom,3135,2030,45,0.0835753005343806,0.08205490377943414,0.0019714294235259537,4.510318672450924e-4,0.02358866089527206,0.005396712477983255,0.018191938829116266,FALSE,TRUE
1162,Windom,3136,2030,45,0.11219419055983477,0.10897439048464541,0.003437742196749274,2.1794244209366893e-4,0.03064100003391777,0.0019425465882517072,0.028698456302621106,FALSE,TRUE
1163,Windom,3137,2030,45,0.066674575991389,0.06467916359093237,0.0020085419440339903,1.3129062776727043e-5,0.030124555187173486,1.9691257996785249e-4,0.029927635396051637,FALSE,TRUE
1164,Windom,3138,2030,45,0.0903658005301681,0.08965683114022484,7.115952024986058e-4,2.625812555345409e-6,0.007874607410366977,2.9057591920173348e-5,0.007845549818446821,FALSE,TRUE
1165,Windom,3139,2030,45,0.10154300246936819,0.09959202374074655,0.001953604541176984,2.625812555345409e-6,0.01923918432258604,2.585911871315328e-5,0.01921332520387291,FALSE,TRUE
1166,Windom,3140,2030,45,0.10414410571828459,0.10328283920013129,8.612665181532941e-4,0,0.00826994972219615,0,0.008269949722196182,FALSE,FALSE
1167,Windom,3141,2030,45,0.16118348306505995,0.15974453778473066,0.001438945280329284,0,0.008927374275368336,0,0.00892737427536834,FALSE,FALSE
1168,Windom,3142,2030,45,0.10285423684295292,0.09941203249574186,0.003442202103474747,0,0.03346679931844335,0,0.033466821133162676,FALSE,FALSE
1171,Windom,3218,2030,45,0.04555226798356273,0.04288443986306172,0.0026757029938969715,7.877437666036226e-6,0.05873918275293084,1.7293184323728412e-4,0.05856630720261127,FALSE,TRUE
1172,Windom,3219,2030,45,0.09016065892428174,0.08761887237070738,0.0025785479293491914,3.676137577483572e-5,0.028599479641277847,4.077318889795212e-4,0.02819174775229834,FALSE,TRUE
1173,Windom,3220,2030,45,0.18437233119664379,0.18024717967219614,0.004211803338774036,8.665181432639849e-5,0.02284400978952695,4.699827450463774e-4,0.02237402704448062,FALSE,TRUE
1174,Windom,3221,2030,45,0.1958814932824892,0.1897696273616745,0.006203766795981696,9.19034394370893e-5,0.03167102053400714,4.6917877690748133e-4,0.031201854848025432,FALSE,TRUE
1175,Windom,3222,2030,45,0.07886580827410582,0.07723950203658037,0.0016683222834816826,4.201300088552654e-5,0.021153936287361258,5.327150232139415e-4,0.02062118265336311,FALSE,TRUE
1176,Windom,3223,2030,45,0.07887383956797626,0.07727347861505529,0.0016003615939884847,0,0.020290144397106934,0,0.020290136269348544,FALSE,TRUE
1177,Windom,3224,2030,45,0.04914162553321623,0.047934992864472954,0.001206632027675757,0,0.024554174075095664,0,0.02455418712040117,FALSE,FALSE
1178,Windom,3225,2030,45,0.09021651898356459,0.08963368091000055,5.82833626158123e-4,0,0.006460386997023263,0,0.006460436294047346,FALSE,FALSE
1179,Windom,3226,2030,45,0.1109693208023282,0.11073037185979177,2.389489425364322e-4,0,0.0021532883215720187,0,0.0021532883215719684,FALSE,FALSE
1180,Windom,3227,2030,45,0.09797222562066785,0.09563787825896579,0.0023343473617020685,0,0.023826623789687834,0,0.023826623789687723,FALSE,FALSE
1181,Windom,3228,2030,45,0.007931255925272995,0.007366706225873732,5.645496993992629e-4,0,0.07118036597461468,0,0.07118036597461475,FALSE,FALSE
1184,Windom,3303,2030,45,0.029036955796900205,0.026902816385462932,0.002134139251170396,0,0.07349734821024946,0,0.07349735372965992,FALSE,FALSE
1185,Windom,3304,2030,45,0.04845522684846061,0.046715277289814276,0.0017452008632232716,5.251625110690818e-6,0.03601677211585927,1.0838098286310383e-4,0.035908397748046286,FALSE,TRUE
1186,Windom,3305,2030,45,0.07193697103638885,0.07010516932370689,0.0018580603190360508,2.6258125553454086e-5,0.025829004088817737,3.650157238365177e-4,0.02546398168134377,FALSE,TRUE
1187,Windom,3306,2030,45,0.17290323326642798,0.16918462111944563,0.004393081206288146,6.744613664955826e-4,0.025407744686409724,0.003900802511057151,0.021506897683355137,FALSE,TRUE
1188,Windom,3307,2030,45,0.05625193616404041,0.05595558860017698,0.0013129062776727045,0.0010165619191468606,0.02333975267702861,0.018071589859278616,0.005268219799567958,FALSE,TRUE
1189,Windom,3308,2030,45,0.11187445685290029,0.11083726089353886,0.0010897122104683446,5.251625110690817e-5,0.009740491628944112,4.694212833226078e-4,0.009271070345621432,FALSE,TRUE
1190,Windom,3309,2030,45,0.08797485459940198,0.08613697043810549,0.001837880314891378,0,0.0208909730315584,0,0.02089101675320054,FALSE,FALSE
1191,Windom,3310,2030,45,0.0882275480295328,0.08650674843979594,0.0017208008718718852,0,0.01950412212856549,0,0.019504107596426016,FALSE,TRUE
1192,Windom,3311,2030,45,0.0879739314621755,0.0856238343536815,0.0023501022370341408,0,0.026713620705294615,0,0.02671356240916013,FALSE,TRUE
1193,Windom,3312,2030,45,0.03934543688484311,0.03887016481232559,4.75272072517519e-4,0,0.012079471220730203,0,0.01207947122073037,FALSE,FALSE
1198,Windom,3388,2030,45,0.011525168259644685,0.010917095204286556,6.106993887808319e-4,2.625812555345409e-6,0.05298832737385645,2.2783290414420045e-4,0.052760449275807364,FALSE,TRUE
1199,Windom,3389,2030,45,0.10264806952903713,0.09946185113473135,0.0031941028837145055,7.877437666036226e-6,0.031117028292587192,7.67421901081915e-5,0.03104021740422945,FALSE,TRUE
1200,Windom,3390,2030,45,0.06329036004762187,0.06057789567795006,0.0027360966826699158,2.363231299810868e-5,0.04323085981200267,3.733951423301575e-4,0.042857464669672586,FALSE,TRUE
1201,Windom,3391,2030,45,0.20910044911091563,0.20605713235927028,0.0031824848170786354,1.3916806543330667e-4,0.015219885134682386,6.65556033117299e-4,0.014554329101565176,FALSE,TRUE
1202,Windom,3392,2030,45,0.09395443495566085,0.0936340858239087,8.323825800444945e-4,5.120334482923547e-4,0.008859428300934533,0.005449806052625344,0.003409622248309281,FALSE,TRUE
1203,Windom,3393,2030,45,0.05595376796842473,0.05439928693566025,0.001664765160088989,1.1028412732450717e-4,0.029752512128020273,0.0019709866078499237,0.027781525520170353,FALSE,TRUE
1204,Windom,3394,2030,45,0.17595284786537402,0.1755667303347747,3.9925749152384666e-4,1.3129062776727043e-5,0.0022691163932130765,7.461693820819781e-5,0.002194437517116712,FALSE,TRUE
1205,Windom,3395,2030,45,0.04391804328005008,0.043102159213658994,8.15885268392681e-4,0,0.018577450347458894,0,0.018577422978261444,FALSE,TRUE
1206,Windom,3396,2030,45,0.052341147360663726,0.047927156455128093,0.004413990905535632,0,0.08433118355469806,0,0.08433118355469806,FALSE,FALSE
1207,Windom,3397,2030,45,0.032130283507790555,0.031066829422875666,0.0010634540849148906,0,0.033098185537548626,0,0.0330981855375486,FALSE,FALSE
1208,Windom,3398,2030,45,0.09028647227117184,0.08809184685723898,0.0021946252536659888,0,0.02430735411916991,0,0.024307355894262823,FALSE,FALSE
1209,Windom,3399,2030,45,0.06190171036051577,0.05644471285963197,0.005456992372343652,0,0.08815576081116516,0,0.08815584366089767,FALSE,FALSE
