"rcp85_2014","rcp85_2020","rcp85_2030","rcp85_2040","rcp85_2050","rcp85_2060","rcp85_2070","rcp85_2080","rcp85_2090","rcp85_2100"
0.122597136793018,0.120572635312847,0.117731506127963,0.11759581521275,0.111601085148896,0.111700866025999,0.111703491838555,0.11174550483944,0.111091677513159,0.107987967072741
0.163593189195684,0.16036869137772,0.160371317190276,0.158690797154854,0.157159097097424,0.157219490786197,0.157219490786197,0.15727988447497,0.15727988447497,0.15727988447497
0.573085641620194,0.559495297428471,0.552710197785459,0.541827353536545,0.540537956486907,0.541356225324466,0.544756980810208,0.546725191433724,0.538977690460856,0.542496238256698
0.682265491680215,0.671973414227933,0.667803623890044,0.64751811413533,0.629975060453067,0.643911683675526,0.644523498000922,0.652636110003946,0.653594613643289,0.658556455721505
0.517976195473277,0.508689434974801,0.506360872606385,0.504107679263972,0.491459140184873,0.494637070858301,0.497730278048498,0.499731147215671,0.50401909911855,0.504930256075255
0.399049575377741,0.389896033838128,0.387366842979155,0.384074320204679,0.37491536292667,0.378835208731947,0.381766887421669,0.383568194834636,0.384277164224579,0.384753790231696
0.126092821556884,0.123901693807331,0.119288418088757,0.116329886362825,0.116022584237207,0.117477284392869,0.116616017874715,0.117493039268201,0.117910543464501,0.118133737531705
0.139019799337652,0.138959405648879,0.135708649705362,0.130753741413425,0.12672837076608,0.126402257155203,0.124871408435437,0.123627624621867,0.119751925290177,0.119206238361439
0.782938365514056,0.775572797183027,0.76860389066114,0.741225527826262,0.705313766526365,0.702910491585086,0.696505806536029,0.681887374672245,0.668585090323508,0.659106809621777
0.500319247171426,0.4916726925966,0.478614526758868,0.463050638261876,0.449413070472477,0.450589065242382,0.450263464485519,0.444365643316286,0.445965829898842,0.443440085418848
0.399648752980214,0.389534328158629,0.368291135330994,0.355752141869438,0.340620363651085,0.345792927186867,0.353541700037692,0.356884359420646,0.359673013382744,0.360903001423318
0.276139433522461,0.266001171246272,0.261776608099612,0.25185081098464,0.244748111107394,0.249520976738268,0.251678122780805,0.253431550142958,0.253348529335056,0.251350470607883
0.521596165279069,0.513761971463553,0.503878782260124,0.49224561207352,0.487679118898168,0.489918937007878,0.487710628648833,0.488064867173877,0.488151518988204,0.48835108074241
0.583816804165716,0.57394108211674,0.56506398940522,0.564583465707592,0.556778525085076,0.556836292961293,0.556841544586404,0.556852294006553,0.556707874316009,0.556655358064902
0.402768833720782,0.400463657495437,0.397987516255746,0.394366520741925,0.386030919813302,0.387189600631669,0.384889388833186,0.386545168790938,0.38754822918708,0.387655887501849
0.798162580540021,0.792987350163363,0.785503784380628,0.77724921438633,0.768765296076652,0.769813405569447,0.763671712059136,0.760440321483214,0.760440321483214,0.760440321483214
0.482231173270644,0.48075579484111,0.47368083010898,0.465185341812729,0.459382419150379,0.45781591681951,0.458800309329516,0.460792070209388,0.460792070209388,0.460752683021058
0.372209996456562,0.364272165101753,0.35278538396511,0.346401746444817,0.338597564846243,0.340036510126572,0.341717030161993,0.343499546603861,0.34364134048185,0.343859282923943
0.31392586087359,0.299142536186995,0.298961355120676,0.292369314242963,0.291135264398593,0.291324322902578,0.291353206840687,0.291345329403021,0.292912939498562,0.293025849438442
0.239978055916522,0.235637115936842,0.226683833632896,0.213745408950519,0.21023531298884,0.211921084649371,0.21271145422853,0.214005979818316,0.214005979818316,0.21487249796158
0.101806229920961,0.0997321662288078,0.096479799923684,0.0871801052469573,0.0843998672192408,0.0840270018363818,0.0840383512957274,0.0829488749981059,0.0829488749981059,0.0829488749981059
0.830382777613672,0.804055150084144,0.777795547511127,0.744386513803044,0.694034588694879,0.692365064249534,0.660338356738555,0.635810436517468,0.62087329665478,0.61067681519084
0.820348891386558,0.797022157324578,0.771816654379248,0.748369379109649,0.701921709044713,0.685776079981748,0.675047050908928,0.668813823214071,0.656094264111015,0.647692853755223
0.43054135563721,0.41579967469661,0.407531031988149,0.394801420946404,0.373101541875744,0.374115392720356,0.375756238369199,0.377030044656789,0.373919195288486,0.374354013436323
0.383907663164057,0.371131074694564,0.360116734676277,0.351700225898292,0.314139536370281,0.309768132862127,0.3089043020739,0.306422519440048,0.307987647322158,0.306356853612004
0.39212477430112,0.3694609348244,0.359690081164354,0.341119185979958,0.329190119541024,0.324592321756615,0.324369045632768,0.325467640474771,0.324207106849081,0.32345397047139
0.403450314135536,0.389766097144959,0.372399957583613,0.363564098334876,0.358824506672477,0.364231054723934,0.366042865387122,0.366042865387122,0.366042865387122,0.366042865387122
0.289366615529283,0.274455815848791,0.27231840442874,0.270997620713401,0.265484768281775,0.265500523157107,0.266191111859163,0.26689220381144,0.265568794283546,0.265715839786645
0.514294847299004,0.500708893137646,0.495409141806215,0.489746946285503,0.462538276587014,0.462104853402097,0.46217082694255,0.462104771345455,0.461918338654025,0.461918338654025
0.493127515837225,0.489417242696522,0.470348591919604,0.462727253034356,0.457946181739248,0.459588996747507,0.453846672915536,0.45689483100908,0.461174905474293,0.461652803359366
0.238330850877897,0.233470471837952,0.226625717015948,0.219482932468912,0.214475507925868,0.214472882113313,0.214619927616412,0.214811611932952,0.214811611932952,0.214241810608443
0.324587849669606,0.322676258129315,0.316790294144902,0.308674912730198,0.304184773260558,0.304213657198666,0.304232037886554,0.304274317571527,0.304192917382311,0.302034499461817
0.287370321019922,0.277618545529223,0.270408536077938,0.264885959934192,0.259856933980049,0.25986218560516,0.260665684247095,0.260675920813229,0.260544630185462,0.260544630185462
0.466552077247786,0.444723082050382,0.424241580005403,0.410989350208502,0.400884443957431,0.404594717098134,0.404660362412017,0.40513826029709,0.404770646539342,0.404770646539342
0.510299181156191,0.494292843243623,0.489217352715747,0.484802377130503,0.483045503389371,0.483397280215145,0.483541699905689,0.483305294719065,0.483305294719065,0.484431768305308
0.395596713924104,0.391744646905412,0.390359202555898,0.383721517670875,0.371657591140232,0.365548310003651,0.365889665635846,0.367200930780672,0.370911203921375,0.370911203921375
0.746997392049481,0.745398272203275,0.737872529306371,0.731551049692661,0.733006734528031,0.736266680815492,0.738922772271867,0.741460538049966,0.741460538049966,0.742944122143736
0.716934053820119,0.716934053820119,0.717007576571669,0.71376584685881,0.713981163488349,0.714272136342138,0.71453882042979,0.71867135705205,0.719312055315554,0.722224081439432
0.560859940419148,0.547925187771517,0.542963468778265,0.541424865705796,0.54168744696133,0.541947566517594,0.542189305385971,0.542564919666349,0.542564919666349,0.548320700787666
0.358412787469463,0.358360271218356,0.35706049400346,0.358134451338597,0.355703277138916,0.356097149022218,0.356989925291036,0.358712458327342,0.359753305807288,0.359753305807288
0.000328104205655602,0.000328104205655602,0.000328104205655602,0.000328104205655602,0.000330730018210948,0.00034648489354302,0.00034648489354302,0.000377994644207165,0.000377994644207165,0.000377994644207165
0.507904809360607,0.494862808681418,0.483563116689343,0.465618764997646,0.451842808680917,0.457702227341528,0.450353193423933,0.454912014303225,0.451774168299587,0.449089685244958
0.814015759729635,0.799958800441162,0.781675842014789,0.738268124379162,0.690751256264347,0.686183039899506,0.683594768258038,0.692217936689792,0.685545705958338,0.668765040540191
0.852728442459661,0.835968127088819,0.815244475892252,0.802431987641728,0.778287312968758,0.771975598095489,0.771884925505687,0.773115282801151,0.771201065448304,0.763593676192257
0.341807825836758,0.325452808736665,0.320597681321832,0.308655239650194,0.298683203617255,0.301777477543802,0.298046197902657,0.299121693799837,0.299304905768054,0.299422759620636
0.555438950398638,0.533719418762135,0.514246228738409,0.497914618295547,0.486667073299689,0.48732615225108,0.48424607412366,0.484950899653165,0.482527274664581,0.481933841027073
0.374733033067359,0.366261136055785,0.354504388565795,0.341791086281718,0.331176854451552,0.331276635328655,0.330733092129699,0.330772274176423,0.330772274176423,0.331814721760895
0.129661454675803,0.126872246831369,0.118698092346579,0.114331140411273,0.106650330974479,0.106490156408602,0.106490156408602,0.106870899229128,0.106891095420227,0.107095908799544
0.269580461471617,0.255871668516655,0.24203626216254,0.237832336261432,0.234843546148631,0.233971160955439,0.233971160955439,0.233971160955439,0.234462187903289,0.233312082004047
0.160023294455889,0.153109529997665,0.14664740529896,0.143022368495503,0.140523487308799,0.14014537030083,0.14014537030083,0.14014537030083,0.137758506688021,0.137758506688021
0.126507248629096,0.123996971826185,0.1218674378438,0.111778173640178,0.107729170679835,0.10773179649239,0.107306414858424,0.107802693431385,0.107759398295462,0.107759398295462
0.136458144819548,0.131033216080204,0.125911609719324,0.123953204864569,0.116637691085377,0.116674452461152,0.116677078273707,0.116684955711373,0.116909431913615,0.116909431913615
0.142815083159835,0.133229851881875,0.12296975600595,0.120171993756551,0.11659038543106,0.11659038543106,0.11768293885277,0.115062377922535,0.112812056562604,0.114308769719151
0.335791802074214,0.321590382066876,0.318991258434457,0.312996528370603,0.309986239417506,0.311125842066526,0.313003441642722,0.317599536751803,0.32198989534434,0.322570446088999
0.27963523111421,0.277871731299208,0.277479951860286,0.277819666359634,0.274951561053576,0.272541967750835,0.27525488343204,0.274578039217578,0.274454626027477,0.276534002887223
0.339377841458392,0.337484630605988,0.333378208510158,0.328250591500225,0.327819958241149,0.32730702216979,0.329289900418127,0.328988239686672,0.327000499582275,0.327184306461149
0.728211016122262,0.701984400319472,0.697287149884529,0.696504165403182,0.696652031472704,0.699231071741908,0.699958093593169,0.702515470908791,0.702617877598449,0.702617877598449
0.775759804270953,0.765939675597173,0.748708026872646,0.746467552309798,0.740808433913174,0.741416227463094,0.7417628347204,0.742414036234125,0.743853637967594,0.744520594356651
0.704795578829897,0.68660870873172,0.670436821543202,0.657773266098552,0.644904158764804,0.646642282563158,0.646917828768185,0.648376631755964,0.650124561323079,0.648466032467809
0.235721162452774,0.228455539112133,0.225594182964909,0.217229000616717,0.20458015382521,0.205478181719138,0.205966582854432,0.206192402734192,0.20644954773717,0.20624740119873
0.34575259634715,0.337171440916281,0.338153351212856,0.329851270422635,0.323926432103907,0.326418984672069,0.327985035691405,0.331008392164798,0.331008392164798,0.331008392164798
0.769709603916868,0.766108219940569,0.760323636937786,0.762066273851469,0.755482869435364,0.756708713615499,0.75804771390544,0.761345816531596,0.754193103130836,0.754193103130836
0.809909645346213,0.800020835262782,0.786608102673436,0.768339257989547,0.765065772356097,0.76698926210953,0.756175099270267,0.75743885361917,0.759244263864254,0.759320412428359
0.790565120137699,0.790341679900567,0.782175402853443,0.778682169531768,0.772204864354227,0.773512519006789,0.775804853367606,0.779049373006305,0.782290692435951,0.783086313640221
0.722359967239171,0.722407231865168,0.72265405824537,0.72336606373108,0.724320464538306,0.728246628705044,0.730176600933223,0.732054056910295,0.732054056910295,0.732054056910295
0.733554462615748,0.733554462615748,0.733554462615748,0.733557088428303,0.733599101429188,0.733857908079175,0.734120489334709,0.734805252015158,0.734805252015158,0.734805252015158
0.603700154316251,0.600081784614985,0.600321759265551,0.600759490424191,0.596882560242866,0.597309993292891,0.598676031246488,0.599560109511216,0.599560109511216,0.599560109511216
0.487635916075969,0.479352092888672,0.472980845921374,0.454622354355713,0.441222422602574,0.44164919919946,0.441783690036279,0.44234097772283,0.44234097772283,0.441729163397434
0.0237438407964189,0.0237438407964189,0.0226559979388342,0.02279107086496,0.020429824310186,0.0214018531920326,0.0213044981144191,0.0240950637398569,0.0240950637398569,0.0240950637398569
0.585462368071494,0.582983190736036,0.555958204831457,0.555445022590172,0.543048479459744,0.543354714849011,0.530818839539865,0.538701159576122,0.530844482240601,0.530164396788766
0.441085429038163,0.429939429137218,0.416950683218917,0.404927456782881,0.3802924116152,0.372033615703821,0.370090924696077,0.367377680788303,0.361067853217808,0.362349249744817
0.322101574434585,0.312518568943049,0.31029132601378,0.302366069839412,0.290184289456186,0.294005708318958,0.294234154011273,0.295252969282747,0.294956867888811,0.294956867888811
0.265736456518037,0.25381565728582,0.244819951697776,0.230504431929244,0.219149372217741,0.219457576966424,0.221190613252952,0.222185550041501,0.221749665157314,0.221442445088338
0.518006023062773,0.494719004415692,0.483924289000667,0.468869890196054,0.45277936216843,0.456129898989051,0.45764236702093,0.457936950366983,0.458648545569481,0.45407159017223
0.408549149778163,0.397705651689258,0.388851411752633,0.376344871693129,0.370772528195795,0.370759399133019,0.372072305410691,0.372355811110026,0.372183328047797,0.372165111473194
0.572293466794904,0.571345548462424,0.557901388179055,0.553160934921912,0.547839397551935,0.54701292305014,0.540955173484958,0.547419923996219,0.548270687264151,0.546135901656655
0.128601846995998,0.126950210898686,0.124886322230184,0.118979115832482,0.11793525277093,0.117612277826622,0.118599583347432,0.117512496949519,0.117601774576401,0.117601774576401
0.231609796444242,0.226881754254255,0.212287488071645,0.208973712626799,0.195299793744838,0.194955812300088,0.195357561621055,0.195368064871277,0.195368064871277,0.191090616218619
0.1075048996192,0.105127482777342,0.105127482777342,0.098888552145841,0.0988898650521187,0.0988898650521187,0.0988898650521187,0.0988898650521187,0.0988898650521187,0.0988898650521187
0.204893979453895,0.19696503073062,0.193569855096559,0.190044476085241,0.18977401739204,0.189860669206367,0.190527420453819,0.190186064821624,0.190170309946292,0.190359368450277
0.146534885128131,0.135824072629914,0.134397907671631,0.127604910076792,0.12625368334714,0.12682348467165,0.126351894890958,0.126475308081059,0.126884934839693,0.129537672230811
0.40107227161178,0.389839168584976,0.371774398770623,0.366694313070775,0.360921135941278,0.365118251141071,0.373469155633493,0.373574844588845,0.3709490320335,0.372705044179887
0.495483649237473,0.477586890398341,0.464859494885939,0.464659974160054,0.458657243573571,0.459909920275755,0.457565110692153,0.46561823162947,0.461505224488091,0.460644819564683
0.504406570583748,0.493078815219988,0.480815244878495,0.471262538802149,0.450236549906826,0.453488864926549,0.456637542406977,0.461273004190228,0.469862037058763,0.46976225618166
0.663541027489653,0.638505874133851,0.617505692052549,0.593675622546366,0.581937050602658,0.589015461713767,0.590670749331664,0.592888001864726,0.591802720712945,0.587152406677428
0.690415316370547,0.68766465463386,0.680113269036219,0.660953822584535,0.644837569799534,0.647465310685974,0.652195588919465,0.658591329794506,0.654949532921848,0.655639095915874
0.48969701481863,0.474868312808813,0.46417017806184,0.460162285479317,0.456748524015762,0.45939394810863,0.464845011888564,0.468255614171388,0.46743636065412,0.478238953506811
0.750535346241239,0.743853637967594,0.735607027467604,0.722794210990512,0.706692728401134,0.714080944365452,0.715391388943854,0.725445379048344,0.725445379048344,0.725445379048344
0.771024807780527,0.763474447890916,0.74124637021342,0.744311596088574,0.739797414022724,0.745436346485328,0.74870884743907,0.759373831302532,0.759373831302532,0.759373831302532
0.517215981710183,0.502190507872,0.497367423576006,0.491450483209104,0.488660311199123,0.491451303775528,0.487576794265152,0.493115002199266,0.493115002199266,0.493115002199266
0.783585300082379,0.762902266923777,0.746257323192085,0.738688500557944,0.738706306849335,0.741596998246201,0.742396311999377,0.743316741356668,0.745661591968591,0.747701848324095
0.81409436999301,0.805777190780596,0.801583275789855,0.80276103477757,0.798494089375134,0.801604282290298,0.802218230088395,0.806372757890805,0.803156137510507,0.803156137510507
0.886964114782824,0.878546990580022,0.88060899194575,0.882840768504508,0.878588347127769,0.880462356725862,0.881269219690134,0.883439946106981,0.883439946106981,0.883439946106981
0.959913208345795,0.960185800511697,0.956848064527283,0.952857896179509,0.953238228716822,0.954490823362364,0.95500786226584,0.957138627097861,0.957138627097861,0.957138627097861
0.778373390386588,0.762474587703825,0.744461841800725,0.728026142507037,0.719644877056944,0.720846268357657,0.721632370991414,0.724574019563182,0.723578836604706,0.723920192236901
0.357015691076735,0.346180152482139,0.343294425512135,0.338931145611575,0.330964266205372,0.330701684949837,0.338002079792676,0.337071208727645,0.337071208727645,0.33565852157287
0.560280005099308,0.554285069893848,0.549078083596598,0.546454896853808,0.534772123426901,0.534656587674466,0.535404451912885,0.527627861860303,0.524560912795659,0.520322358991478
0.470437623376559,0.464319480122604,0.462260843079213,0.456067617997504,0.449088905706856,0.447513418173649,0.443898330738077,0.444025887788617,0.444025887788617,0.437919068351307
0.340675095431536,0.339328053590644,0.336142204451228,0.332487073374188,0.330905718791052,0.331026506168598,0.330096968524006,0.330120600837004,0.326155028967775,0.319595420977953
0.281442261977981,0.278651023231649,0.277034261207337,0.27671128626303,0.270464478193863,0.270493362131972,0.270514368632415,0.26918570747941,0.268474112276911,0.268474112276911
0.395662318209666,0.395418117642019,0.393894243736853,0.386433120445802,0.382869892808199,0.382778563765258,0.383007009457573,0.383590473213035,0.383590473213035,0.383590473213035
0.333265339598599,0.333089410157391,0.33159359962391,0.324685599644811,0.321981012712805,0.322185251695626,0.31518746123563,0.314970400902442,0.313100822363036,0.307208498988841
0.146220915900322,0.145325513818949,0.142431868382959,0.14133690454738,0.141334278734824,0.141339530359935,0.141339530359935,0.141339530359935,0.141339530359935,0.141229748829545
0.292132416716486,0.292127165091375,0.287108991128183,0.283372459861926,0.281972901769927,0.282022792208479,0.282022792208479,0.279315579463918,0.277235935920084,0.273291965461955
0.275005267125997,0.273534812095004,0.273487547469007,0.271982956874795,0.268619290991397,0.268619290991397,0.268619290991397,0.268619290991397,0.268619290991397,0.268619290991397
0.291305942214691,0.286881878856306,0.285113947982617,0.279239307814849,0.278909111886015,0.282161078165007,0.276089358456464,0.281671117953508,0.274082765838487,0.260078692056012
0.388440554144364,0.377819839839452,0.359042531171213,0.345630085780115,0.315724645044804,0.309681850302692,0.293908840452659,0.291688859536238,0.292147104855467,0.290062825111341
0.439785241540055,0.433996801875081,0.42106414167183,0.412409135262842,0.402308495957173,0.404590860435943,0.404809664472781,0.403828882455039,0.402826437483714,0.400975239632196
0.220088141234598,0.215477214387411,0.209911722619714,0.200473465045292,0.1887124506099,0.188776557361739,0.188661021609304,0.188679402297191,0.188227762537672,0.187686845151271
0.0777766140461923,0.0739664318148825,0.0729079113855891,0.0679625934637275,0.0607808012403323,0.0608359433039945,0.0608385691165499,0.061090647121863,0.0609987436824259,0.0604105616700286
0.145207065055711,0.140436517524984,0.129350654885805,0.126110402192508,0.121828481452842,0.122579463843671,0.122600470344114,0.12264773497011,0.122474431341457,0.122450799028459
0.39696238262281,0.394530880196561,0.39304729610279,0.389286558127039,0.386930424726792,0.38698819260301,0.38702757979134,0.387087973480113,0.387087973480113,0.387087973480113
0.526542498651879,0.523470297962125,0.519111900431785,0.518305775977294,0.510571773322093,0.511188839272599,0.511314878275256,0.512735442867698,0.515169571106503,0.515101299980064
0.35793312536658,0.357688391430757,0.345648712637929,0.344932029923605,0.340865630955083,0.341277883526272,0.341348780465267,0.342957193226219,0.34479942638956,0.344735791463414
0.227996945052174,0.222259544618744,0.217633109066153,0.210435879936915,0.210231066557598,0.210231066557598,0.209288399850229,0.210316302894843,0.210316302894843,0.211282601915211
0.193519903115525,0.193509399865304,0.191106781377163,0.189289719088864,0.187551431177225,0.187559308614891,0.187559308614891,0.187577689302779,0.187031520291267,0.186965874977383
0.400580711295755,0.396212179770084,0.39440783626135,0.38302571837203,0.381927882553969,0.386875651918021,0.388194261132337,0.391669400964373,0.391842704593026,0.39274860992462
0.46120789224452,0.456485573505337,0.448204006875704,0.443689619668248,0.43992375315235,0.442091689643357,0.442321202072022,0.454763245610636,0.451663145662481,0.442573690360547
0.627994172078307,0.605433477801027,0.586932125621027,0.581645011012518,0.580263792580085,0.589005532860042,0.58112231020072,0.595220543980296,0.587871879317593,0.584386564461905
0.623400887409227,0.611754054791671,0.597021482138372,0.587709202024125,0.577494503985583,0.580747803685013,0.584641883704591,0.592346551110149,0.592477636596311,0.589930598417626
0.429295899919553,0.420992588279696,0.409998926535283,0.396728562220421,0.37332477697127,0.37817489893092,0.382293075640767,0.390180811415419,0.395319731727836,0.387287371121034
0.714478672910944,0.710421136059797,0.70362856926233,0.698657249641922,0.682936468844748,0.684290157273671,0.685363827410559,0.687790980834764,0.682345045594978,0.682345045594978
0.707049100398879,0.684999413861863,0.657257334959748,0.642344114608306,0.629400540871621,0.631739770603544,0.633579685666738,0.635212407707988,0.635467111525856,0.632045677766241
0.747493834735726,0.73834402677334,0.70126361477303,0.693340471557202,0.687246699126027,0.685390249649397,0.687613902600563,0.687344961955246,0.682579112167294,0.682579112167294
0.62037357170284,0.602899076345265,0.599162380965724,0.593438232680034,0.576641402103344,0.579815763312829,0.582787403587378,0.588141025104515,0.589918700204484,0.591428542423808
0.874858216279616,0.839100311184134,0.82296551359796,0.80653498387274,0.795152989068384,0.797134328754677,0.796554844746369,0.798366819522842,0.785416311999878,0.783357674956488
0.887809462312361,0.863745449318825,0.857072028766057,0.841468219712559,0.827284975251503,0.828541098332667,0.82917826816055,0.830853782740787,0.830695577534328,0.829624246011747
0.765584370335778,0.750745985642163,0.736212441374896,0.73344614784784,0.729840168699569,0.731425831256428,0.733301235817442,0.734211243981153,0.733114228729515,0.732652085719775
0.843885608396324,0.834290889319092,0.823828667418887,0.817937082554474,0.808460853268801,0.81316663759455,0.816522426040281,0.823832113797866,0.823255419715399,0.823691304599586
0.878607056042226,0.879459870726217,0.881266183594367,0.883968719110314,0.880549008540188,0.884597765330604,0.887962826176921,0.8966147144335,0.8966147144335,0.8966147144335
0.675516045648306,0.659647850093142,0.645026505218555,0.638942046216287,0.614762251300388,0.615242774998017,0.615358310750452,0.616451223169972,0.61700526961915,0.61700526961915
0.239289887885415,0.233095124241662,0.233168052082555,0.221076718633364,0.219957937857342,0.220643274934287,0.219614325667482,0.219016748169535,0.217701216079307,0.216619381306505
0.234131663747885,0.230329035856211,0.227702053993713,0.221505279962221,0.213602815020267,0.212904348880545,0.217848753922261,0.217241124485625,0.217209614734961,0.216049005585498
0.592215137397419,0.58334403482079,0.575105383815109,0.560257316437697,0.544323557625291,0.543130330960493,0.543240615087817,0.543817965623424,0.543760197747206,0.541147514254637
0.56959486999779,0.566013261672298,0.560860104532433,0.554476918323673,0.54830724349832,0.543257805954391,0.542974218198413,0.543182026645176,0.54305598764252,0.537971019572451
0.351567909562496,0.349798111900193,0.349675765446442,0.348467891670983,0.346797874885784,0.346309473750489,0.344505540524967,0.345196129227023,0.345196129227023,0.341655303052782
0.320431475592743,0.320476114406184,0.309920347933695,0.302381640087298,0.301342946594214,0.301466359784315,0.300762642019483,0.300986389969023,0.300986389969023,0.301201706598561
0.57215011384071,0.57097112400336,0.568056472066927,0.560802254599573,0.557398627131349,0.557716350450546,0.557961412612938,0.558542332612487,0.558542332612487,0.558542332612487
0.452226464512245,0.446554709392699,0.438811188166986,0.435264535971138,0.428881062564129,0.429158701213536,0.429375782060885,0.426963070605734,0.426805521852413,0.42571006567698
0.349891000019338,0.349835160474216,0.344126910662983,0.343024069389738,0.331916882280626,0.331930011343403,0.330879686321265,0.330926950947261,0.331228919391126,0.331163274077242
0.476533160025545,0.474454213963171,0.473014981484594,0.467189985585451,0.46114273927049,0.461108603707271,0.461137487645379,0.46201713485142,0.459105108727542,0.459105108727542
0.457801844105346,0.452072854477758,0.450634196395677,0.4470140624766,0.442992425406483,0.44252080485455,0.441134375825327,0.440567200313373,0.440259980244397,0.44006907546596
0.414694617894022,0.405954026407058,0.400258556917871,0.395553100818692,0.39248410033799,0.391338179327509,0.388040158757995,0.387654164312359,0.387533376934813,0.387446725120487
0.156855384949909,0.154864803634271,0.152866149996441,0.151177752523354,0.14947097436238,0.150148434001659,0.150001388498559,0.149921096074016,0.151727655112093,0.158600011737169
0.290158913439538,0.287363079521234,0.279391338258972,0.274523225380485,0.268735667824416,0.268386434754555,0.268352299191336,0.268234137626345,0.268157168495817,0.268157168495817
0.344192084151173,0.343693179765657,0.340253775601366,0.335506962954441,0.332067969073362,0.331473837954394,0.332201188032224,0.332201188032224,0.334494342959464,0.334297407017814
0.344163713067079,0.342923221776284,0.340760229197979,0.339297282349761,0.332435521288628,0.332432895476073,0.332383005037521,0.332296353223195,0.332264843472531,0.330668349438881
0.14781071206054,0.146991458543272,0.146271319192888,0.142884020996493,0.140389499068915,0.140397376506581,0.140402628131691,0.138866527786814,0.138866527786814,0.138735237159047
0.239616452807826,0.239630566550311,0.237937881617661,0.236370271522119,0.23462496776756,0.234685361456332,0.234685361456332,0.234685361456332,0.234685361456332,0.233390835866547
0.216243336228755,0.213212184374338,0.212087351920942,0.210558718730519,0.207832284217487,0.207834910030042,0.207488302772736,0.207488302772736,0.207488302772736,0.207488302772736
0.275882001321234,0.275281408241681,0.269874860190224,0.259287583967072,0.251588701554799,0.251588701554799,0.251588701554799,0.251588701554799,0.251880166748442,0.251806643996893
0.424171913916044,0.419223775297102,0.410813707965542,0.406412846122783,0.399551597915666,0.399551597915666,0.399554223728221,0.397070205050864,0.40057041318714,0.400473258122592
0.500775810329487,0.491577588948112,0.479732097199416,0.473440814430093,0.464601139547486,0.462760444946189,0.462542502504095,0.46250048950321,0.462106617619908,0.462014714180471
0.18667303533498,0.186591635145765,0.18549404549763,0.183535722699518,0.180204489704011,0.180012805387471,0.180012805387471,0.180012805387471,0.180012805387471,0.180012805387471
0.147058026994382,0.145892166219809,0.142988017533597,0.142098626101277,0.164234482369846,0.207168589579963,0.211961353946607,0.215305039037591,0.2153339229757,0.215218387223265
0.167428434602693,0.166987298093395,0.167076575720277,0.171684804955346,0.207540983137128,0.320118675672087,0.358242109653366,0.387996094341051,0.387938326464833,0.387786029336623
0.302495821905135,0.294174929629654,0.292686565736467,0.288675329345768,0.286664654409833,0.28656243234762,0.286326068189318,0.288328865687586,0.28630731824654,0.286302066621429
0.658053325418908,0.640271281765788,0.629439435720097,0.608371392795568,0.581781963548608,0.577020134536131,0.567466443780076,0.558599772262135,0.546831208615646,0.534332340852202
0.239185573378822,0.234062613083343,0.22802956256751,0.217918276412496,0.201531134136921,0.201426778602006,0.20145828835267,0.201328351659502,0.193608462746787,0.192237788592896
0.190873309715504,0.184895339720851,0.178501814375154,0.169413579665775,0.162690371245259,0.164453430005808,0.164647740134904,0.164815812652606,0.164815812652606,0.165264826599571
0.0842685663343933,0.0769814954388571,0.0743527955154088,0.0708177440773736,0.0680321210825026,0.0668242473070437,0.0677729041493046,0.0678385494631882,0.0678385494631882,0.0691777138664144
0.146333877125603,0.131292535584205,0.131032857082394,0.125018443681456,0.122474400570216,0.123524725592355,0.123577241843462,0.124871767433247,0.125159324679298,0.126090862454548
0.335230780810436,0.332040398041531,0.312693411133746,0.302117253585632,0.293339162213112,0.293360168713555,0.29336279452611,0.293381175213998,0.30012688766868,0.304238910130351
0.371396281762653,0.365790171956991,0.364747273060986,0.35406021596073,0.350281671693588,0.347928615417429,0.347936492855095,0.357088106063613,0.357088106063613,0.35695418962329
0.516307204396106,0.502083752180297,0.478985709980559,0.469439281237352,0.465635053241153,0.466743515394399,0.467339574844463,0.471477855431687,0.478329708153255,0.481011237168759
0.0873160218179374,0.088256062712751,0.0843583978436109,0.0814732709128047,0.0797717443769409,0.080441326578554,0.0804439523911093,0.0804518298287753,0.0811056571550563,0.0825787379986051
0.240154580268387,0.237831043869315,0.235991436518529,0.233992741852378,0.223136976295442,0.223215791700423,0.223310320952416,0.22365167658461,0.22365167658461,0.223446863205293
0.455578642465713,0.480338618871379,0.475051135007979,0.464729681277734,0.469403094258074,0.477655448723028,0.483233782355253,0.495645998304371,0.497652119096655,0.497967216603296
0.126258165691228,0.126317041332118,0.123074152569186,0.125090243243516,0.125149395825573,0.123477973820373,0.123230993583966,0.120979482402721,0.120576748402045,0.112902011156785
0.351974623310326,0.345332425309974,0.339832271143752,0.337045073687055,0.328272828850303,0.328521439962477,0.328695851355802,0.323876274981268,0.318952876439996,0.318407712622353
0.651895712919981,0.651562234725452,0.646250749294163,0.636947085127363,0.626535328062207,0.628116231333809,0.62394118937081,0.627338293335967,0.625825825304088,0.625825825304088
0.69703942088126,0.689875958060351,0.685499015728838,0.682058749969803,0.675277548017302,0.674791444467994,0.675823717028814,0.685964358947631,0.689007716727598,0.690442148892597
0.744712360729834,0.736652264977916,0.73325585849422,0.733562504166698,0.730901817538352,0.736676553744053,0.73766164373552,0.739134970748995,0.738586175924928,0.73898004780823
0.822340980493,0.809639186653013,0.792291673949481,0.776657585994954,0.768706707634011,0.770372293360523,0.770826558932598,0.769843930640402,0.766475013131894,0.762447016671994
0.702948073527284,0.683603671403733,0.668793103911877,0.649123839541244,0.637673327440522,0.638357926007686,0.631207961504444,0.628697602644891,0.627319051053335,0.616970723772719
0.642245400467554,0.627874451437112,0.623441259277265,0.602887219160445,0.59873638390694,0.602693565484488,0.601535746260865,0.60426330905273,0.606763082605419,0.60688649579552
0.714421069148012,0.694672579089186,0.680292808969691,0.665916198030926,0.63866682823783,0.638872872466782,0.639537203043284,0.640496322107445,0.639199170705105,0.639372474333757
0.718940338725688,0.704133381726095,0.701021875904653,0.688698281129279,0.680396692678912,0.684076974116834,0.679718822756421,0.668049055307327,0.661195684537875,0.660720412465358
0.495180778170542,0.48346682321954,0.474249277498891,0.474559615720276,0.465277819648663,0.470674520903036,0.476052882497844,0.482448090004709,0.484735172740414,0.484735172740414
0.590087285576202,0.576060235933868,0.562762300587175,0.557514285968748,0.549149513903768,0.546590782653547,0.548615940586857,0.551503760001241,0.551644569199521,0.55113778737634
0.879018159820422,0.847719294727128,0.842298140593333,0.826604971856311,0.819400070431013,0.825884514536438,0.830693526118269,0.838842407157214,0.838692735841559,0.838692735841559
0.859877299198232,0.836646571407806,0.818856527232056,0.779875191054961,0.758402608883624,0.758706136403693,0.759658075511648,0.762475654440176,0.758854658926355,0.755892742363925
0.673411662026802,0.664054455900865,0.658695131447084,0.653822854193998,0.636631700422473,0.640555608031546,0.638201813245606,0.642583761032302,0.642583761032302,0.641189454565414
0.44698722995455,0.436666555762407,0.434852119286664,0.426835882810085,0.418536920172273,0.419084730316632,0.416639811629357,0.416434916193398,0.415749579116453,0.413569087959165
0.565612989370893,0.561869360205073,0.550948605787391,0.544205519145264,0.536521242815331,0.534802443356251,0.535051895549009,0.53187462132872,0.52783862434619,0.524833997301415
0.55351771720287,0.547290110388014,0.543254810886945,0.536999263785367,0.526980640093731,0.524525505354483,0.524023975156412,0.52481500118871,0.524551722451716,0.520339057518197
0.494579097840477,0.493066629808598,0.485540722798409,0.480656711445467,0.479083849724815,0.479107482037813,0.478227834831772,0.478277725270324,0.477447968502834,0.477447968502834
0.149437310624854,0.148468385791931,0.146260077432886,0.145779553735258,0.144468709130724,0.144442451005171,0.144185121374747,0.144190372999857,0.144434573567505,0.148178982271427
0.462909336723741,0.456187256582057,0.445749856816165,0.441852289389287,0.437868931742828,0.438026480496149,0.434321458980557,0.43263831313258,0.43263831313258,0.429177492184635
0.358358548028867,0.354519610072952,0.352788214919271,0.35145934862466,0.348235958571368,0.348231650597644,0.344261422013962,0.344618122238277,0.344641754551276,0.344641754551276
0.116619771966103,0.116619771966103,0.11518870412344,0.113074925016387,0.110263582392678,0.11018454133193,0.110208173644928,0.110244935020703,0.110187167144485,0.110187167144485
0.412105115402918,0.411220216571767,0.410120001111077,0.407449262544042,0.398705306734742,0.397226974266083,0.389328530099604,0.388939909841413,0.388939909841413,0.388939909841413
0.297252484515322,0.294479626456877,0.290898018131386,0.287340924227798,0.283422104130551,0.283434597254349,0.281163207851494,0.279241113060981,0.278905009053897,0.278905009053897
0.370481227115437,0.369088315611468,0.36604245510391,0.358127763722245,0.352831458769792,0.34982519059217,0.349605689073871,0.3492512043789,0.349143546064131,0.349143546064131
0.284937239003306,0.281723572662133,0.280563373795882,0.274875761230201,0.271955242243839,0.266879259376108,0.263276644550174,0.264136803303656,0.263968751300114,0.265197016151198
0.49628825564408,0.487595995519463,0.477594152411189,0.47121970523484,0.465322376405461,0.46230187140039,0.461422839619167,0.461632904623595,0.464592195373469,0.46414055561395
0.626654843561796,0.619255016582584,0.6107987923897,0.609335558343234,0.596524054772419,0.598315187161734,0.597679740523341,0.597367268829255,0.597642979147566,0.596217162930013
0.619616886375368,0.611184950948621,0.607640103998905,0.605170322148996,0.598260537437926,0.594776125205304,0.592150312649958,0.593704793682723,0.590262353422665,0.590228217859446
0.371561831038604,0.369917990322315,0.361935438097423,0.361030107162325,0.355309077029045,0.355367993698256,0.355367993698256,0.355304974196927,0.353204324152651,0.353183317652208
0.205041435240206,0.204243188223381,0.199444372179363,0.199504765868136,0.199573036994575,0.201187911716112,0.201426860658649,0.201442615533981,0.201442615533981,0.201248305404885
0.266126287111702,0.266407249055124,0.26403761733721,0.263525994172129,0.259794714530984,0.25980784359376,0.25980784359376,0.25980784359376,0.259684430403659,0.259676552965993
0.192618100616049,0.191515259342804,0.189791167230293,0.186821373230197,0.184632861036119,0.184530823601352,0.184486184787911,0.184336513472256,0.184236732595153,0.184189467969157
0.366320011696674,0.362654746624303,0.352830802316653,0.346912220816905,0.34087947801348,0.340842367896975,0.340842367896975,0.340146527569809,0.340133398507032,0.340683465209056
0.490772818428219,0.474029570838987,0.465436188968407,0.453550776663205,0.441452837654305,0.441405573028309,0.440746494076918,0.440746494076918,0.440665093887702,0.440392009381946
0.201230129858604,0.200739349080681,0.199552481805665,0.198401309170073,0.196656005415513,0.193591682163425,0.193591682163425,0.191690593873355,0.190879217793753,0.190910727544417
0.199941655946192,0.198032690218456,0.192857172643549,0.190759271496791,0.18725502207088,0.187308071690162,0.187323416282283,0.18734005326652,0.187319046766077,0.187319046766077
0.311801660572958,0.31595348050617,0.321331842100978,0.357236874756202,0.392119317534403,0.424856676596493,0.429671185973361,0.435533148389885,0.435031618191814,0.434427681304085
0.492323032515581,0.500127644911528,0.505845064552544,0.558454408920204,0.625084812795305,0.661791374733048,0.666914622226775,0.667328680044096,0.666958440473793,0.665451224067024
0.387312357368631,0.385209902078223,0.380899425627018,0.38539485775009,0.465368820465034,0.590213816918712,0.615209747199469,0.64231428701881,0.641876432775206,0.6395893500395
0.19984784468982,0.197837826207024,0.19261639794072,0.18640085345229,0.183128188385264,0.200142715234121,0.205127963969569,0.220728880526423,0.220562818396458,0.219520370811986
0.176089390118252,0.171121814332152,0.167152980711389,0.166155171940358,0.16283470887916,0.162847837941937,0.162910857443265,0.162397808544024,0.162397808544024,0.16217461447682
0.26073171933003,0.259119593506011,0.249848526340386,0.243763041630089,0.236362742825183,0.236543923891502,0.23656230457939,0.236573218112823,0.236573218112823,0.23655221161238
0.0678681924252388,0.067778914798357,0.067771037360691,0.0671974409164722,0.0669322338483823,0.0669584919739357,0.0666814225924855,0.0667050549054836,0.0667050549054836,0.0667050549054836
0.104347206165192,0.103971714969778,0.10296077713597,0.102175659181922,0.101863187487836,0.101931458614275,0.102040481120723,0.102077242496498,0.102077242496498,0.10205886180861
0.0952440474039851,0.0944720585127136,0.092788697266051,0.0921873861908769,0.0903466915895798,0.0904569757169043,0.0905987695948929,0.0911449386064048,0.0911449386064048,0.0894827992588711
0.147815020034264,0.147379135150076,0.146422303414821,0.145290742316752,0.144441240669696,0.159767657243714,0.184447002741186,0.23156720904686,0.23156720904686,0.231123446725006
0.256277807867989,0.255193347282631,0.266728357210818,0.264474671528551,0.267114515769739,0.269340486821051,0.270430834970498,0.274684507711033,0.274681881898478,0.274700262586365
0.0250604601371581,0.024607017695777,0.0243811978160173,0.0239453129318299,0.0239291734159868,0.0241444900455252,0.0240893479818629,0.0241182319199717,0.024105102857195,0.0227776776823657
0.0694010515327428,0.0675656085565564,0.065814191582141,0.0631411144007994,0.0555198319294933,0.0556038579312644,0.055669503245148,0.0558953231249077,0.0554804447411631,0.0544169906562482
0.0904129420712008,0.0877057088124791,0.0871464107381905,0.0864742027240221,0.0846571404357231,0.0846571404357231,0.0846623920608337,0.0846728953110551,0.0846702694984998,0.0840374486726615
0.116238475263242,0.114380117969678,0.111700404457386,0.110207168451059,0.117683113223135,0.119983971217676,0.123871938017398,0.126394102776369,0.129167699344595,0.128994395715942
0.208860064177138,0.205227847417475,0.210232092265627,0.222979776282851,0.23184741196634,0.245725651887764,0.255003816952953,0.262275779169216,0.262745061106841,0.26219684067927
7.52056138855378e-05,7.52056138855378e-05,7.52056138855378e-05,7.52056138855378e-05,7.52056138855378e-05,7.52056138855378e-05,7.52056138855378e-05,7.52056138855378e-05,7.52056138855378e-05,7.52056138855378e-05
0.0422255481033854,0.0409914162023731,0.0396785099247004,0.038869759657654,0.0388881403455414,0.0388881403455414,0.0388303724693238,0.0388848632083873,0.0388784115048822,0.0388784115048822
0.529025860876097,0.513273488271617,0.506573153140156,0.49835382647375,0.489714862138342,0.483141837887495,0.481393374952204,0.482792481732671,0.469870694034531,0.468594631189276
0.882860626211958,0.856124602773431,0.836526604596684,0.823878557857439,0.791615034876625,0.790522532740317,0.791055244462483,0.792747170371191,0.789464904677009,0.789464904677009
0.523731320141455,0.51111950140981,0.497756741315657,0.480151611783453,0.474198443408952,0.474484000524346,0.474447239148571,0.474722949466882,0.474418355210462,0.474029734952271
0.368208873547034,0.345813441347456,0.330894415488568,0.323237443506377,0.316299000512965,0.32225266122732,0.325815888864924,0.32792177002015,0.32792177002015,0.330681499015818
0.179190700401881,0.173685622837118,0.166880788571619,0.160947365076685,0.158900287762786,0.1578357771986,0.16008536004875,0.161931306275158,0.159533939412128,0.15632257065694
0.196746595948673,0.18749686351006,0.177983729249488,0.174101301273126,0.17161001032584,0.173912837679798,0.178523764526984,0.180026119077693,0.180962200739513,0.183323524222389
0.257970082517427,0.251686533586646,0.247157991608384,0.238616920847305,0.229665525846133,0.229783687411123,0.230352257885998,0.231641142081621,0.233846824628111,0.237218265378372
0.43353917198067,0.418928084186377,0.407812855526315,0.403594692797759,0.390709830588679,0.397861764451337,0.405110237953726,0.408044542456003,0.40499256872859,0.406387777818544
0.584458733278855,0.569157015754186,0.559243096338194,0.536765607496263,0.519621102925916,0.520155825035819,0.518245874628375,0.518855022112894,0.519038828991768,0.524440617757968
0.475617079670299,0.45509167732166,0.446992317466376,0.434020352131437,0.425250794649722,0.429621787874664,0.429837309645808,0.437561096249035,0.440601787188125,0.441084936698309
0.536269821263156,0.532298607999766,0.515323591424202,0.507719894717061,0.50690437477702,0.509480337922135,0.514910805484838,0.529933284255575,0.531128726449717,0.534586059990362
0.358851380222848,0.359158272065254,0.346236730537042,0.338348420365894,0.337334241294713,0.328458687145237,0.325069152905337,0.324144928428337,0.32200489119573,0.321450844746553
0.460585615697224,0.454517362881821,0.450348228997071,0.449326582771436,0.448489194736208,0.449823476769214,0.449952141584426,0.451661381444671,0.448573425879585,0.445222027464219
0.232404186798876,0.22559282903031,0.22559282903031,0.225272479898558,0.225437906089545,0.225873790973732,0.225986700913612,0.222357602306358,0.222357602306358,0.222357602306358
0.283049608002582,0.282319632112196,0.279656873553631,0.280583580244062,0.278244863366155,0.281363733771248,0.280838345604412,0.285088551451808,0.286079180266633,0.289680974526144
0.707386681425526,0.692801687643502,0.679161658154833,0.668248001636715,0.653649796735273,0.656965582567856,0.656251689779372,0.661222763229852,0.665934824888741,0.673279222606042
0.873285764842176,0.869998247522883,0.867739966668644,0.86392474308237,0.86561707927429,0.868273909240445,0.870271742311851,0.872927833768225,0.872793917327903,0.87326918940042
0.793999682960091,0.791176934463094,0.78915128418993,0.786610318202779,0.780003609700246,0.780889247041178,0.781944823688427,0.782976768022678,0.783134316775998,0.784580072757643
0.7888296221519,0.773137766321156,0.755126989777473,0.742505365277066,0.739695745842846,0.740209502480628,0.724134278016804,0.724155284517246,0.723540844379296,0.7197360419866
0.65196784070861,0.631917136035993,0.627263047394928,0.621259209043773,0.616493359255821,0.61762771027973,0.615380014732355,0.616644999930892,0.616870163357513,0.617694791584855
0.852004046420956,0.849207966332724,0.842331455590129,0.843516353505729,0.84619361557583,0.851252161407061,0.856048536265969,0.865609201836624,0.867449404098067,0.869650163246016
0.848098970811303,0.845807621130194,0.851654238954598,0.861468459550129,0.867709933937542,0.876965102628711,0.882976818417532,0.891666124503024,0.892251680702866,0.893309883162671
0.867070466523673,0.852543650901079,0.844085252207173,0.840708621374283,0.840571012385054,0.844336837872632,0.84616432135451,0.845067306102872,0.845067306102872,0.846128134375231
0.628052924634233,0.612455598055481,0.58439374441811,0.579017475267683,0.565224163971096,0.562417990915855,0.560393489435684,0.560284518214637,0.56106175873102,0.552325680359385
0.755403520662207,0.734089061640688,0.71506644464013,0.704689561647974,0.691975213141707,0.698634437895348,0.702254120502892,0.705783048463991,0.701484593310891,0.701484593310891
0.471959527922308,0.46339929693524,0.462104320033922,0.458298779131445,0.446658305903672,0.449744045939414,0.450547216354781,0.452465618596388,0.45320347192444,0.453765395811284
0.631375685281416,0.626898880016158,0.623189550526842,0.618302133823242,0.605709393260945,0.606921862208375,0.60837877789338,0.610684159260331,0.602720069779969,0.602720069779969
0.541952818142705,0.533959475469343,0.532530089787848,0.522194891570009,0.520461855283481,0.519169955506251,0.51921594825429,0.518274225198308,0.517852289943321,0.517290366056477
0.429380623402784,0.424382060977114,0.413880000577047,0.407486844486241,0.39668950325866,0.397190459060235,0.392905132969911,0.393129763028357,0.393114008153025,0.390630851070413
0.669189970862625,0.655403470267353,0.642577811925732,0.629290338800939,0.620814215872284,0.621740348166219,0.620868578397844,0.625747871493851,0.626714170514218,0.62623364681659
0.331583260486973,0.329004712557624,0.328453291921002,0.320909332449494,0.319492029608586,0.319544545859693,0.319581307235468,0.320434696315955,0.319951546805772,0.31990165636722
0.367415837126998,0.363335324415991,0.358160668435829,0.35409681322322,0.350979358295208,0.351885263626802,0.348035740364023,0.348298321619558,0.349162213950266,0.349516698645238
0.300765575544447,0.298370834493972,0.294757716417816,0.291739734654498,0.287271319680921,0.287384229620801,0.28482931400445,0.284876578630446,0.283996931424405,0.283996931424405
0.570686428482711,0.570610279918606,0.569764768275785,0.565797165504658,0.552428374247292,0.552139534866204,0.552197302742422,0.55150720638022,0.55150720638022,0.55150720638022
0.383005450381368,0.382614204310622,0.382529193629143,0.374245329413524,0.369858417199966,0.370144630768498,0.370281173021376,0.367473646031537,0.367450013718539,0.367450013718539
0.256846686055272,0.253005122286802,0.252457291628283,0.248398647012463,0.244126449984916,0.244397565131256,0.242663503136698,0.242060017560502,0.239662650697471,0.2384731576099
0.324694359191382,0.323011213343406,0.321549210146575,0.316328253705964,0.310767316081918,0.310333646727074,0.310162968910977,0.30572489438091,0.30565137162936,0.30565137162936
0.17936769657944,0.178177608581212,0.174338670625297,0.173280263023887,0.172360818346304,0.172250944502191,0.172261447752413,0.171815059618004,0.171641755989351,0.171641755989351
0.272820324395862,0.27071704853903,0.269002208312945,0.266647059592406,0.262957895522948,0.262738701717059,0.26254112983643,0.262181393516347,0.262181393516347,0.259705252276656
0.365424937841871,0.363195212699171,0.359975556223106,0.356939788682557,0.353452545495774,0.355531983898001,0.355805068403757,0.355340094439855,0.354828060991563,0.352388681127647
0.550787241400201,0.549917399962922,0.546000385111806,0.535891006773727,0.529036692352888,0.529408983339251,0.528521458695544,0.526449692589376,0.525787987825429,0.525787987825429
0.695736443457312,0.690577378239198,0.68724263732223,0.685367807157714,0.681584995945169,0.681716860969433,0.681422769963234,0.681407015087902,0.681724738407099,0.681708983531767
0.20425151697258,0.204534181591331,0.203791076638168,0.202935779740746,0.201286297630295,0.2040424161337,0.204320752264566,0.204475675205332,0.203385962994863,0.203102375238886
0.142304280561178,0.141488627279093,0.140788509749444,0.136544478664385,0.134493134405084,0.13474357127755,0.134756700340326,0.134759326152882,0.134759326152882,0.134738319652439
0.266037953136208,0.266061585449206,0.260752212976458,0.260284818341607,0.25946944200069,0.258574039919317,0.258574039919317,0.258574039919317,0.258574039919317,0.258574039919317
0.148066698013445,0.14456648987717,0.144044650660116,0.14362729006294,0.140490500538573,0.140490500538573,0.140477371475796,0.140435358474911,0.142795963962166,0.142450700382379
0.54500064800968,0.536953927490466,0.524445294986582,0.510317028475904,0.496537010355378,0.496537010355378,0.495617975961007,0.49533438820503,0.493638113294277,0.4934779387284
0.276149382890347,0.27537476818652,0.270796335769705,0.269609468494689,0.266266275743559,0.266266275743559,0.265806758546374,0.265806758546374,0.26539713178774,0.26539713178774
0.420653243035239,0.414918468414365,0.413051515687514,0.409779753243554,0.402583754963951,0.402583754963951,0.40254293178438,0.40254293178438,0.40220420196474,0.401492606762241
0.349933423303435,0.345564071211341,0.339049758488098,0.328723607015078,0.320375082165284,0.320375082165284,0.320272675475626,0.31926075296211,0.318722461388264,0.31839160900629
0.375480815249136,0.37072563282469,0.366573279523302,0.359519116150009,0.35514127119543,0.355154400258207,0.355109761444766,0.354878361713326,0.354458231704471,0.352842249218262
0.550580827916358,0.548040969693879,0.54248618631801,0.539639108026555,0.533125123529882,0.533235407657206,0.532952517382689,0.531634359479906,0.531634359479906,0.530532625971333
0.137610825245943,0.137248463113305,0.134190776192168,0.133542200490997,0.13280172135039,0.13287524410194,0.13287524410194,0.13287524410194,0.13287524410194,0.13287524410194
0.165597535513077,0.165552896699636,0.16241544046505,0.161633912489105,0.158275046919285,0.158498240986489,0.1585034926116,0.15815951116685,0.158091240040411,0.158091240040411
0.331028578098817,0.327956377409063,0.326879794261372,0.325460009207032,0.315376745395382,0.315124667390068,0.315148299703067,0.314917228198196,0.312979378532351,0.312979378532351
0.0609829221360719,0.0607912378195317,0.060094935923752,0.0582673703852315,0.05806518281847,0.0577106981234983,0.0577553369369392,0.0577658401871606,0.057571530058065,0.057571530058065
0.311858833538518,0.307366068256322,0.303074300719574,0.298581535437378,0.2941709498825,0.294244472634049,0.294302240510267,0.29436263419904,0.294990203399767,0.294717118894012
0.0613824559276962,0.0599364127478033,0.0596029345532744,0.0565307338635203,0.0561289845425524,0.0560790941040009,0.0554856604664928,0.0555171702171569,0.0554620281534947,0.0553569956512809
0.0554820397171489,0.0542961468647607,0.0535950549124835,0.0533193445941722,0.0529123436480937,0.055852571614241,0.0611750116072838,0.0704489866551724,0.0704279801547297,0.0703259427199618
0.207898832154436,0.207498067513177,0.208228084431884,0.21191823318105,0.214806196194557,0.233497981327302,0.25069063263255,0.27224697412157,0.27216819974491,0.271453609474965
0.0491972548081925,0.0461801961821006,0.0452702752035712,0.0435069702730947,0.0433818954359858,0.0436332810883791,0.0436621650264879,0.0436989264022627,0.0436989264022627,0.0436556722946616
0.0135463284959101,0.0135016896824692,0.0134307927434749,0.0133861539300341,0.0133861539300341,0.0134097862430322,0.0134097862430322,0.0134097862430322,0.0134097862430322,0.0134097862430322
0.104147254641935,0.102687928543061,0.100713512385967,0.0999422312332355,0.0991282293410784,0.099125603528523,0.0989706805877577,0.0989706805877577,0.0989706805877577,0.0989628031500916
0.0530441471298757,0.0513702788110255,0.0495292098262976,0.0481523762956906,0.046726560078138,0.0481353597994823,0.0485058711824138,0.0489384122584252,0.0488903321945456,0.0485988670009022
0.239516425760796,0.238427534116751,0.235668194890134,0.237226388985965,0.241137988098685,0.269259702056653,0.276679079030906,0.299701034209021,0.29951804789657,0.298989664662289
0.132969270756998,0.133210845512089,0.133326381264525,0.133616687408095,0.132763011129359,0.136257690699356,0.136927570356298,0.155511409976025,0.155511409976025,0.155493029288137
0.185378407174392,0.184871625351211,0.184407000128039,0.180544860656498,0.179626051917893,0.179617394942125,0.179612143317014,0.182399689514441,0.182399689514441,0.182131856633795
0.0021052702178814,0.0021052702178814,0.0021052702178814,0.00215646683150169,0.00219611525484562,0.00219611525484562,0.00219611525484562,0.00219611525484562,0.00219611525484562,0.00219611525484562
0.718410745155932,0.713826158490941,0.695633134144588,0.685226669732864,0.684498663201894,0.687368635296565,0.686879864906381,0.690335475257536,0.684936968757031,0.682928099067228
0.694051410306562,0.673408215647823,0.65589790256586,0.628591134151436,0.616755612284786,0.617072679150844,0.617068576318726,0.618848549004681,0.618383780182385,0.618383780182385
0.65740901666314,0.646847095942475,0.635044560846052,0.618318052811859,0.613825287529663,0.611991526714645,0.612361766284949,0.613262419991432,0.614900927025968,0.614900927025968
0.310525310529454,0.295935229235604,0.282153057128217,0.274910389133275,0.268838320684002,0.268076609387185,0.26796107363475,0.267115336336162,0.267115336336162,0.267207239775599
0.455099595787647,0.439248550070735,0.426050272516182,0.411466427527151,0.400884238815825,0.396210620693879,0.396410182448086,0.398469065661403,0.397823115772789,0.396499706244894
0.334807306993405,0.323420717017076,0.320997092028493,0.314978770679962,0.311186112670335,0.314392229800412,0.314849121185042,0.314941024624479,0.314610172242505,0.314610172242505
0.243542534917921,0.236668465360436,0.224974368116884,0.21839447162224,0.213487874178489,0.214052423877888,0.21380297168513,0.214439382489072,0.214901525498812,0.214657324931165
0.407709217987022,0.404173356239643,0.384933289136846,0.378428659097401,0.371462296331428,0.380153243549767,0.384172008637402,0.391141161329216,0.389031444025959,0.401227481750794
0.395761483661952,0.392368933840445,0.388351071375876,0.388163571948096,0.379818370392318,0.381453882359408,0.382680136822754,0.39215895089266,0.392486685122224,0.392093387635419
0.334693166203889,0.330686176244432,0.330445175885837,0.324800314830823,0.318945573398826,0.319910867225324,0.320349377922067,0.322156511356641,0.322532002552055,0.321117776835235
0.12712739170369,0.126035053680666,0.120465705250779,0.12046852594786,0.118573079051951,0.119647897981832,0.119873964031519,0.119143136803469,0.119143136803469,0.119099369841853
0.0300706643489616,0.0300706643489616,0.0300706643489616,0.0302308389148376,0.0280435370562349,0.0280483091628419,0.0281636038738901,0.0289869140664143,0.0289869140664143,0.0289869140664143
0.385893967277212,0.385133507344191,0.383486712588778,0.384361272282993,0.384778776479293,0.387265790224095,0.387530094669119,0.39689476794951,0.398410477218762,0.398862896516384
0.418176240200804,0.409462768434138,0.406896077689609,0.404022043791141,0.397529517106444,0.400632653150366,0.401570929827369,0.408584393106054,0.411155063597737,0.411324961875732
0.5146055958036,0.51407518166742,0.513008322231848,0.510995513823212,0.495136180385422,0.499115968567939,0.500616292216749,0.507652362100403,0.505969216252427,0.502883886499896
0.75692690222752,0.751827163961827,0.752355690795233,0.751552192153297,0.746471408971988,0.748932205619559,0.751183675772483,0.756205624341223,0.756806935416397,0.759791007272262
0.907728055790788,0.907442334562109,0.907548269687389,0.908058497889549,0.908491756961181,0.909109315251542,0.910327938447149,0.910769321126374,0.912596886664894,0.913500166183933
0.859621036304158,0.850919093495744,0.847203896956499,0.847384831852891,0.847482233087366,0.847755399649764,0.847902445152864,0.848151897345621,0.848151897345621,0.84834735626771
0.885906322606232,0.885992974420558,0.886884601896383,0.888988862432923,0.890428217996464,0.896448057392878,0.897987932343303,0.901047906593346,0.901786990771034,0.902123997401184
0.144845349119131,0.144845349119131,0.144853226556797,0.145068932955387,0.145636303351867,0.146051089421889,0.146405974142992,0.146794789285709,0.146794789285709,0.146794789285709
0.306666473837768,0.30615565072495,0.305447973727124,0.300188737862855,0.300606447200761,0.301517604157466,0.301632729626689,0.301666865189908,0.301666865189908,0.301666865189908
0.697754134236168,0.684780568796703,0.681520950735811,0.676008754757324,0.675168494739613,0.675697308771267,0.677572385105711,0.678184199431106,0.678848530007608,0.678848530007608
0.337486189682193,0.330610499506021,0.320042629678785,0.315610381170326,0.304424440198715,0.303940347037144,0.304153037854127,0.302814058078346,0.303465259592072,0.302643380262249
0.434348701785818,0.420277382584934,0.416941985214828,0.41141025975546,0.405349063811299,0.407016372727301,0.407192876565006,0.411263296309003,0.411911872010173,0.411494367813873
0.585739391296083,0.571850812237722,0.568574085366899,0.55802804260653,0.557324324841697,0.557629903777825,0.557950252909577,0.558173446976782,0.554631225839621,0.545795899959059
0.711889539674732,0.707507797029641,0.700065423681369,0.694241699660182,0.678371247547353,0.678686345053995,0.679193126877176,0.672290275952385,0.671224196054915,0.669238548394898
0.487556403189527,0.485098642637724,0.483758452526468,0.477299610093457,0.465805690028929,0.46499751415838,0.464685042464293,0.46503690134671,0.464012054912023,0.463465024305766
0.515589208775504,0.514578024771769,0.505983740278124,0.499238232965047,0.493353787028518,0.491424594338442,0.493365069816842,0.49186573084774,0.489775584053685,0.490334882127973
0.299785675635609,0.298895525179347,0.296527042254426,0.295639517610719,0.289234442792611,0.288512344339891,0.288512344339891,0.289617831939852,0.28838895166395,0.287632717648011
0.361052672738973,0.358949396882141,0.356546778394,0.347197285592444,0.342956598315561,0.342255506363284,0.339266080311505,0.336518680326351,0.336518680326351,0.336518680326351
0.434215770025204,0.428017047148457,0.42716890969308,0.416526819632835,0.413759213199501,0.405882021703392,0.402937501149141,0.399309407735756,0.39587747072592,0.392319494713427
0.35580342727091,0.350441271862968,0.349803199412019,0.33466668242257,0.331350055509402,0.331749445701902,0.331967388143996,0.329437848544293,0.329096492912098,0.328536230672262
0.457519076915792,0.456532591961406,0.452008316928546,0.449997847134217,0.446594219665993,0.448712429831733,0.447528188369272,0.44600374006761,0.445846191314289,0.445480341774351
0.241954882487485,0.238210473783562,0.236356650119489,0.226279909810905,0.223211463212539,0.222671366392561,0.222379901198918,0.222519069264351,0.222519069264351,0.222519069264351
0.360748406709122,0.354811444521486,0.347400827093805,0.342448954897635,0.336813961153864,0.333731257213888,0.332011349990137,0.33195883373903,0.329396594567349,0.329267929752137
0.164426238485948,0.163995605226871,0.160175037701763,0.158887989523513,0.158797799016485,0.158831934579704,0.15883456039226,0.158779418328597,0.15397363772706,0.15397363772706
0.241969180857415,0.241614039709305,0.236372507565624,0.230380403314325,0.22678123486737,0.225128224321299,0.221643771060355,0.221486222307035,0.221344428429046,0.220616298813113
0.374896284757323,0.375427724601532,0.375299470069532,0.370629339354887,0.362487433130542,0.366041388367559,0.366154298307439,0.364455602725737,0.361451673162422,0.3601886573233
0.425361735230185,0.424214255143499,0.423250581935688,0.41934255228691,0.418956557841274,0.419098351719263,0.41888566090228,0.419823075984538,0.419823075984538,0.419470273450735
0.688410262314614,0.683009868511334,0.675701903943239,0.667755128414413,0.662752791383195,0.662574236129432,0.662549537080083,0.662549537080083,0.661690896374485,0.661250703516574
0.601426077558359,0.599064610476358,0.590945885253478,0.588724447831656,0.582081142066632,0.581918341688201,0.581713528308884,0.579862330457366,0.579287277507745,0.57742820221856
0.231222468578168,0.232725684723621,0.231812886634069,0.231567352645984,0.233066014647787,0.234299367010697,0.23409562036773,0.234098246180286,0.234061484804511,0.233565206231551
0.336642278143898,0.337342364902306,0.334678108810017,0.332670941795544,0.33116702816863,0.33135871248517,0.33135871248517,0.331251054170401,0.33093595666376,0.330896569475429
0.147631315726192,0.146544229328279,0.142683495076739,0.1402572442756,0.13600342793594,0.135646317428413,0.135199929294004,0.134848070411588,0.134787676722815,0.134241507711303
0.295286448392828,0.292433974877139,0.287628737900857,0.281752169401994,0.274015746075844,0.274015746075844,0.274015746075844,0.273999991200512,0.273999991200512,0.273451196376444
0.67422500746582,0.665163328337324,0.655325475428795,0.646513248493056,0.63646118671966,0.63646118671966,0.635893518867852,0.635893518867852,0.630711518818199,0.62885506934157
0.690429840396244,0.684064911790408,0.668811894882976,0.665733498916724,0.654443735778374,0.654448987403485,0.654411077234717,0.654411077234717,0.653745392723616,0.653687624847398
0.683228672548173,0.679047886620209,0.668063128021491,0.654200889145326,0.648192291508914,0.648192291508914,0.648189665696359,0.64815553013314,0.648045246005815,0.646522274723715
0.379263585433359,0.376424876919425,0.372830344672763,0.370522706748147,0.36501818306572,0.364353852489217,0.364353852489217,0.364172671422898,0.36251315788792,0.362140292505061
0.530028346875743,0.526078837594255,0.523444368063141,0.519355977914468,0.510652763228097,0.510660640665763,0.510573988851437,0.510061955403144,0.509922787337711,0.509064146632113
0.256798662405334,0.25389896529197,0.252840762832166,0.250775417658263,0.249432335050364,0.249448089925696,0.249448089925696,0.249448089925696,0.249332554173261,0.249332554173261
0.294298630018003,0.291759469276984,0.28937170304111,0.286316180363914,0.281556033512606,0.281577040013048,0.280073823867595,0.279992423678379,0.279947784864938,0.279953036490049
0.331461898712931,0.328520988650944,0.318207166188438,0.313819371865974,0.309647796796114,0.309999655678531,0.309675306285464,0.309675306285464,0.305140528002382,0.305140528002382
0.279959559993116,0.278168755830371,0.276403040486025,0.274738808694111,0.27102301724421,0.271146430434311,0.271238333873748,0.271238333873748,0.269991072909959,0.269991072909959
0.225959745306598,0.222498924358653,0.221855682339236,0.219607453423685,0.217332207358639,0.217389975234856,0.217258684607089,0.217258684607089,0.217258684607089,0.217258684607089
0.142495308424579,0.141328668111903,0.140974183416932,0.14021927256435,0.13914274070206,0.139142238105126,0.139168496230679,0.138575062593171,0.13845690102818,0.13788184807856
0.291716266454785,0.287827007262946,0.283615203924172,0.278829455400449,0.274925877324519,0.280544911051352,0.284936705635131,0.289310119531022,0.28929436465569,0.288708808455848
0.282695943874034,0.279708917979044,0.272851095636745,0.268667417212138,0.262767995938379,0.272745160511465,0.27844684579131,0.281914928752104,0.282025212879428,0.279546445827182
0.0246229571985544,0.0231708828554483,0.0229818243514635,0.0221704482718617,0.0207026203355587,0.0207840205247744,0.0207840205247744,0.0207840205247744,0.0207840205247744,0.0200369832634538
0.0109633725863044,0.010929237023085,0.0109003530849762,0.0108294561459818,0.0108268303334265,0.0108294561459818,0.0108294561459818,0.0108294561459818,0.0108163270832051,0.0107795657074303
0.0970975428414896,0.0962675911894749,0.0940800944463465,0.092872025786362,0.0919398623292144,0.0920553980816496,0.0920265141435408,0.0920186367058748,0.0920186367058748,0.0920028818305427
0.00941531056260165,0.00931027806038784,0.00916585836984384,0.00908747376223466,0.00898506707257619,0.00902182844835103,0.00902182844835103,0.00904020913623844,0.00904020913623844,0.00903495751112775
0.257979662630422,0.255224918575777,0.256663863856106,0.255521635394531,0.252864128461076,0.27472412055513,0.280942024172027,0.297731018339373,0.297205855828304,0.297051835510604
0.456500056502712,0.455053972294498,0.452081798651774,0.450487109864256,0.449390669009115,0.451516428385951,0.453397371770323,0.48189888489743,0.48189888489743,0.480168392366815
0.466401216110817,0.465066564822921,0.463186524061615,0.456228120789949,0.455229040140962,0.455221942241398,0.455474020246711,0.469607497354179,0.469607497354179,0.467464834309017
0.665578945230849,0.659048549405705,0.647522216967447,0.63748472024807,0.634327303735231,0.63436143929845,0.635143931439943,0.637148370071059,0.636909421128522,0.63620570336369
0.0211561781690931,0.0211561781690931,0.0211588039816485,0.0212730332384812,0.0213856829049486,0.0215090960950498,0.0215090960950498,0.0215852433770198,0.0215852433770198,0.0215852433770198
0.591319284004513,0.585784071137845,0.58367788227021,0.572785683564067,0.570818498648581,0.561389533988905,0.555336953992191,0.562284730928672,0.562255846990563,0.561990639922473
0.7194328426931,0.709089767037595,0.698783780984433,0.691317447096593,0.681629798871895,0.684174293294667,0.685342000343693,0.684251139340232,0.677978073145512,0.676137378544214
0.891214484743505,0.86903523076821,0.859277875425832,0.854428656089248,0.846263445778474,0.846136504152751,0.846762103994062,0.847939698868493,0.847283245729656,0.84561716766329
0.525548833741287,0.513291663817898,0.489200531104064,0.470421663359621,0.452308398069636,0.453357040930606,0.453486444255599,0.457599082142088,0.458697492356646,0.454158816383052
0.465136887365419,0.450667593449115,0.437286575752038,0.424365403478716,0.402201001755688,0.402418944197782,0.404044322169541,0.404320114544494,0.403048605842889,0.402906811964901
0.39267471791818,0.375790168790812,0.371237871414588,0.359930999466307,0.35528208039371,0.356261508476854,0.356080327410535,0.357235151566712,0.357706854175287,0.361102029809349
0.0674293432448464,0.0674293432448464,0.0674739820582873,0.0677339375012665,0.0680201510697991,0.0687115962380595,0.0689102502406597,0.0724941458950565,0.0724941458950565,0.0724941458950565
0.695072687277307,0.690346224677685,0.68715270324221,0.674529724807204,0.6681059615888,0.668310733939796,0.664149477492712,0.67141292633233,0.67141292633233,0.67140767470722
0.9026765668308,0.901747029186207,0.891888251833878,0.887407220651539,0.862335470033247,0.864716261454521,0.86614995510974,0.871288424110624,0.871288424110624,0.87110986885686
0.95867932261471,0.958684574239821,0.958910476176223,0.955456219759666,0.956199324712828,0.957252275547522,0.958748086081003,0.960669114135165,0.960669114135165,0.960669114135165
0.902844947060911,0.897845399955533,0.898084266841427,0.893642212564207,0.893778754817084,0.894018524326044,0.894230640746531,0.894772050472786,0.894772050472786,0.894772050472786
0.872264323758147,0.872264323758147,0.872319465821809,0.872679202141891,0.872950153174946,0.873774083920828,0.874202091367349,0.875440982553618,0.876134197068229,0.876134197068229
0.585275566125174,0.58528344356284,0.585459126834121,0.586015799095854,0.586522580919036,0.587390945336753,0.588256642913593,0.590859110354189,0.590859110354189,0.590859110354189
0.0926997478657387,0.0897981737066805,0.0897530015250644,0.0897608789627304,0.0897635047752857,0.0897713822129518,0.0897868704041962,0.0897973736544176,0.0897973736544176,0.0897973736544176
0.232686543705218,0.228391924700148,0.227381253550427,0.227612325055298,0.225587823575126,0.2270241430429,0.227060904418675,0.227772499621174,0.227772499621174,0.227772499621174
0.487408619176647,0.468706925704338,0.468024911921408,0.467030426444392,0.461354445407765,0.465463718971917,0.467997628087825,0.46935349101777,0.470524603417455,0.470524603417455
0.56659007883973,0.558304245264695,0.537076150859253,0.529243844346512,0.522440774298824,0.524840274634555,0.525058217076649,0.52574617996615,0.526299775103795,0.526548324673486
0.556002105135117,0.551911089173889,0.546773809994319,0.540663831376279,0.524487184902504,0.5235244963744,0.522769452179775,0.519829937080708,0.518503901740259,0.518503901740259
0.33347692265091,0.330411778832399,0.324112454512125,0.323794731192928,0.323605529089819,0.323747076797881,0.323800434129572,0.323789069284606,0.323789069284606,0.323789069284606
0.520011077118706,0.515727022906339,0.513965102681702,0.510168177726672,0.505394696670981,0.506043354428794,0.50639521331121,0.506588128477386,0.506588128477386,0.502688796832698
0.552702197262829,0.547301680374586,0.529956260115434,0.525917473207065,0.516252800842225,0.517305382422028,0.518064242250523,0.51661331670041,0.515640083893764,0.516098821552847
0.304107065620248,0.302442300460159,0.299589991057754,0.295084322368548,0.292168193412552,0.2922653484771,0.292275851727322,0.292394013292312,0.292097296473558,0.291104739327637
0.214559041587785,0.213204122309227,0.212416132372696,0.211654831359091,0.207667227281391,0.207916474332542,0.208042513335199,0.20687051882661,0.204465274525913,0.2043602420237
0.130685552343628,0.129107438997866,0.127479435213552,0.123769685183944,0.12186639162161,0.122265720271629,0.122352372085955,0.122269228193089,0.122269228193089,0.121318684048054
0.12083552428079,0.120870070127222,0.120982980067101,0.119854290951515,0.119421852446306,0.119151393753106,0.118709672590231,0.117640966880205,0.117640966880205,0.117520959040762
0.247472412147726,0.245019492937821,0.243669476543644,0.244375820121032,0.241169087566137,0.244518578164568,0.244603937586777,0.245031924519138,0.245031924519138,0.24462492357306
0.442194875871118,0.442142359620011,0.43700922430088,0.428391143380951,0.422702156366511,0.423953315020812,0.423819890920343,0.420288173033404,0.420015088527648,0.419899552775213
0.455359920485517,0.451297747434077,0.444723615418558,0.433593001138054,0.424966755582212,0.423899896146639,0.423122655630257,0.423177797693919,0.422965106876936,0.422965106876936
0.494692828346781,0.493474943660955,0.489086349286228,0.483456607167567,0.473809371839228,0.474184863034642,0.474048320781765,0.474862322673922,0.474862322673922,0.47560805343964
0.357980431020897,0.355740612911188,0.353492917363812,0.344249810999069,0.340652447798246,0.340582330397354,0.33972906440183,0.339416367051978,0.3392798247991,0.339177418109441
0.264254062245581,0.261462905555891,0.255228959865413,0.251332828429777,0.246148407709175,0.246770725284791,0.246552782842698,0.245780793951426,0.245639225729204,0.244063266370303
0.243297226585602,0.234052335488888,0.218008907973976,0.211522309881689,0.200422630955353,0.199294249552175,0.197506071201985,0.195746776789904,0.193462094210987,0.190462923932928
0.195023550058351,0.193653142588549,0.188921982246152,0.186672132711915,0.183434957142707,0.183398195766932,0.18326953095172,0.183203885637836,0.18319600820017,0.183122485448621
0.703683136929496,0.693466100276647,0.680029284062769,0.672560488475659,0.667796443933838,0.667796443933838,0.667153653225954,0.667153653225954,0.667153653225954,0.663553664212576
0.77533868958239,0.753080250947223,0.739364893460873,0.726170759766759,0.71148171816223,0.71148696978734,0.708758750542336,0.708748247292115,0.708748247292115,0.698008673940752
0.599705636966432,0.590921022090845,0.583731547314309,0.577080815423152,0.571059088723964,0.570930423908752,0.570788630030764,0.570410513022794,0.56976599912542,0.569406262805338
0.283096688001133,0.279659191653777,0.273202318580183,0.269657471630467,0.266762123519147,0.266242212633189,0.266047902504093,0.265688166184011,0.265429400562346,0.264652160045964
0.500025648505081,0.493088744073713,0.487237695190622,0.480727813526067,0.472512015295282,0.471866065406667,0.470763224133421,0.470616178630322,0.472244182414636,0.471380290083928
0.244956986290508,0.243081684300298,0.241232004496663,0.239559361898908,0.236599148011807,0.236575515698809,0.236575515698809,0.236575515698809,0.232786468181445,0.232707693804785
0.259254556168524,0.255922789804842,0.254140375933777,0.253533813233492,0.250581681925664,0.250576430300553,0.250568552862887,0.250558049612665,0.250305971607352,0.249468337402197
0.432736986245012,0.432813134809117,0.431050476074699,0.426650270685079,0.422278292780429,0.421883066962528,0.415389432513159,0.413887467731501,0.414625321059553,0.417880138806867
0.0931247192164929,0.0930643255277199,0.0931228729420399,0.0931649987708087,0.092800267252623,0.0933069362479214,0.0933095620604768,0.0933095620604768,0.0933095620604768,0.0940407482863375
0.236625447165682,0.234740113750944,0.232530738655547,0.229123808407469,0.228591301826909,0.228460011199141,0.22738867967656,0.22738867967656,0.22738867967656,0.228903773520995
0.393381882061991,0.388143919382252,0.382015642132967,0.377584747559106,0.37173665271514,0.371789168966247,0.371807549654134,0.371765536653249,0.371765536653249,0.370316088122698
0.383500826331263,0.377195142621207,0.367244174631192,0.364360704218854,0.359453060552913,0.363014606029349,0.364894031365837,0.366437968120059,0.366359193743399,0.366348690493177
0.211960533380183,0.208458458455294,0.194322909417607,0.188361186638141,0.18790008985059,0.193900174110357,0.195792728509622,0.196953112003318,0.196947860378208,0.196076090609833
0.031786222570668,0.0309712565129633,0.0288994904067958,0.0282194049549613,0.0246679909095866,0.0246732425346972,0.0246732425346972,0.0246732425346972,0.0246627392844759,0.0234089086607583
0.0295153716645279,0.0294024617246481,0.0275328831852421,0.0270392304248372,0.0254939423002865,0.025528077863506,0.025528077863506,0.0255307036760613,0.025528077863506,0.0254808132375098
0.141192618198879,0.140746230064471,0.139900472251722,0.138957805544353,0.137806263653871,0.137858779904978,0.137858779904978,0.137858779904978,0.137674973026104,0.137669721400993
0.0274178141299603,0.0272497621264182,0.0271224897098563,0.0268362761413236,0.0256423494307949,0.0257998981841157,0.0258970532486634,0.0258235304971138,0.0256003364299094,0.0255924589922434
0.154167486287542,0.150641420051845,0.150020969264841,0.150938095842277,0.148172304912155,0.160778954075332,0.162677149868759,0.166116092464437,0.166146709849115,0.16732307387391
0.369095044256141,0.362410299886729,0.355521972987634,0.349669036801769,0.342355779580241,0.346341763039256,0.346531190798131,0.362276998871224,0.362645515252038,0.358808382542255
0.496529789370851,0.490130684173474,0.484355209457992,0.47763669878025,0.475146689968001,0.475146689968001,0.475165193740852,0.475436924312009,0.476053990262515,0.475221607682471
0.572097925816173,0.561573792179312,0.550443259955451,0.545174074723296,0.540455653674625,0.541272281379338,0.540600073365169,0.543696603849381,0.543392009592961,0.542021335439071
0.118694061314023,0.116066710196633,0.115670212500776,0.116626931408148,0.116148992494754,0.118346756575257,0.116675498683342,0.120104091885003,0.120104091885003,0.113857283815836
0.763319689063435,0.746529176848206,0.732029932257443,0.722445880543717,0.708933449133909,0.71297785692228,0.705592759110371,0.71335318400441,0.708216766419585,0.693940469726099
0.70599352375163,0.692988776788071,0.677090835700053,0.665652467982399,0.656282871303467,0.65763762646874,0.657846706793459,0.660953904641178,0.660806859138078,0.660344387901768
0.722489780847376,0.698882905408397,0.687890597598583,0.670137601996856,0.653447198885299,0.654382111239966,0.657956211382682,0.656178823480961,0.650401174264456,0.631260641868835
0.0787195423091088,0.0787195423091088,0.0787615553099944,0.0785808717120698,0.0789122266909777,0.076159441738669,0.0765218038713067,0.0784687566959128,0.0784687566959128,0.0784687566959128
0.42747522713899,0.420220107048571,0.419131871857665,0.419250033422655,0.419370820800201,0.420149497307825,0.42049085294002,0.422679303591615,0.422679303591615,0.422679303591615
0.378182612255301,0.378182612255301,0.378224625256187,0.378337535196067,0.378418935385282,0.378621122952044,0.378762178320251,0.379475701853845,0.379475701853845,0.379475701853845
0.973462729357947,0.973462729357947,0.97364128461171,0.973992651154272,0.974407529538017,0.975242537930617,0.975774839369571,0.978118459131859,0.978118459131859,0.978118459131859
0.644718218413229,0.644718218413229,0.64472347003834,0.644957659695619,0.645240549970137,0.645512936994433,0.645809653813187,0.647304725836886,0.647304725836886,0.647538423154312
0.0462155984947364,0.0462155984947364,0.0462155984947364,0.0462155984947364,0.0462155984947364,0.0462155984947364,0.0462155984947364,0.0462182243072918,0.0462182243072918,0.0463101277467289
0.135585472428107,0.13552770455189,0.135635362866659,0.129346562310767,0.125052856185843,0.125289179315824,0.125378456942706,0.125486115257475,0.125474668355867,0.125474668355867
0.015602251259428,0.0156915288863098,0.015594617427419,0.0157593269049202,0.0158550472603618,0.0159942153257951,0.0160257250764592,0.0160598606396787,0.0160598606396787,0.0160598606396787
0.353989031823488,0.355510567114347,0.343835240327733,0.335896526864019,0.338426825487664,0.339486894736081,0.339962330921884,0.340702810062491,0.340702810062491,0.340645042186273
0.440490805579341,0.437565650392686,0.430896086502109,0.424083908167119,0.42002423784327,0.421328528173496,0.421333779798607,0.41774954566056,0.417148234585386,0.415302288358978
0.2304812919561,0.229611676174587,0.228695267592772,0.22716735239797,0.226384860256477,0.226285079379374,0.224410249214857,0.22561303547849,0.223727702063752,0.223252429991234
0.525983118520948,0.519171760752382,0.516446167319934,0.511097305088053,0.505562707646202,0.506349835987988,0.506280375040235,0.50614670476984,0.500159852143652,0.500243878145423
0.4182736824636,0.411097829089695,0.405483431563155,0.402928515946804,0.400430137357035,0.399826118412663,0.39957929203246,0.397265951171201,0.397234441420537,0.397139912168545
0.225807366121746,0.222776316838133,0.212941315397926,0.208260599376417,0.203292562021703,0.202830275412838,0.199505996717771,0.197048236165968,0.196499441341901,0.195586602224028
0.279777599388695,0.276709624616022,0.274689595222859,0.268927639339205,0.267498766511725,0.267791544611646,0.26676222608995,0.266591548273853,0.266478638333973,0.266160915014776
0.365988133606671,0.365053508450253,0.350956300378706,0.344201602721686,0.34299210832754,0.343055127828869,0.342915959763435,0.342805675636111,0.34272164963434,0.342627120382347
0.543869538223144,0.531343878965971,0.52309443751182,0.514143042510648,0.507533092770741,0.507535718583296,0.507506834645187,0.507506834645187,0.507506834645187,0.50403025882191
0.761796471611408,0.756975397703151,0.7519015072798,0.744823793650151,0.740285240761521,0.740169705009086,0.739355703116929,0.739355703116929,0.739355703116929,0.739355703116929
0.458010924430065,0.455094672389106,0.451156897207475,0.449368677828964,0.440798435931528,0.440798435931528,0.440798435931528,0.440798435931528,0.437219453418592,0.436967375413279
0.441190051257165,0.43042007591981,0.421224439322669,0.412927856327486,0.407832959403692,0.407822456153471,0.407822456153471,0.407822456153471,0.407822456153471,0.407822456153471
0.344313897236748,0.340421971204033,0.335534041646418,0.333724856795785,0.330395470074731,0.330442734700727,0.331099187839563,0.329552584244465,0.328998537795287,0.327830051208158
0.263343787397781,0.259740864859438,0.253358540245423,0.251145575171924,0.247248048773368,0.24688568664073,0.24635002087944,0.245370777423741,0.245373403236297,0.249472296635191
0.433408004437866,0.43107734962507,0.426390725525311,0.421846223530111,0.419049281847135,0.418938013040102,0.419056174605093,0.422855561259393,0.422270005059551,0.424362777666161
0.359971371334346,0.35783658572685,0.353885927652369,0.352195109508332,0.348465183801786,0.348542193960635,0.348221844828883,0.34789099244691,0.347662546754595,0.34721353280763
0.442561381864194,0.44037752638457,0.435838563212729,0.432112904451584,0.423465324168729,0.423281517289855,0.423074078097983,0.422961168158103,0.423018936034321,0.424534029878755
0.649276300782739,0.631294654347091,0.625158212461892,0.612713584139044,0.605061309899628,0.605252994216169,0.605258245841279,0.604155404568034,0.604139649692702,0.604139649692702
0.393772758877847,0.387383213279305,0.382274982151128,0.371257359867147,0.368264795148798,0.369407105667016,0.370095314726443,0.370527507061725,0.37053013287428,0.371514812582535
0.174448995780942,0.172131121290193,0.170743030613963,0.167949607109528,0.168081133650142,0.172311440761767,0.173920838202427,0.174475951387956,0.174475951387956,0.173648820433022
0.0724588820530046,0.0689901836673933,0.0655651548011351,0.0621560603091141,0.059994534493291,0.0601620992855191,0.060282886663065,0.0602960157258418,0.0602960157258418,0.0593375941431407
0.0364066602955575,0.0364591765466644,0.0374281013795868,0.0372915591267089,0.0380976835811999,0.0391506344158934,0.0391506344158934,0.0391348795405614,0.0385703298411621,0.0382998711479615
0.078807440358691,0.075052528404547,0.0734273914741752,0.0726212670196841,0.0708371504732905,0.070947434600615,0.0708817892867313,0.0708817892867313,0.0707374465242895,0.0705142524570852
0.0151114794564508,0.014862027263693,0.0147474531125353,0.0146476722354322,0.0135001921487463,0.0135290760868551,0.0135842181505173,0.0135842181505173,0.0135788921615745,0.0135605114736871
0.075734024204922,0.0728078792100188,0.0718735361233086,0.0726494739904935,0.0740090756262061,0.07598487648914,0.0768303881319612,0.0771440547759016,0.0775326750340927,0.0769024800208098
0.365012069845864,0.355583597526042,0.341054586888265,0.331126902470519,0.31692300024975,0.313437090483405,0.324841158524555,0.328642514538271,0.328471836722174,0.327135298131503
0.4002574491532,0.389744680361305,0.381696277680923,0.378406093520754,0.370841127548804,0.367485339103072,0.368401542543282,0.368493774209289,0.367934476135,0.3675169719387
0.438688431430023,0.416799822081949,0.399126954791481,0.390434694666864,0.37470484661071,0.37503906331502,0.375752997131826,0.377095443800746,0.374934400067697,0.373755410230347
0.394604977344607,0.394604977344607,0.394604977344607,0.394607603157162,0.394610228969717,0.39462598384505,0.394636487095271,0.394791410036036,0.394791410036036,0.394791410036036
0.149937179175917,0.150466598375308,0.146866835017696,0.146275032255955,0.146697788077365,0.147432307854322,0.147611765731151,0.145760567879633,0.145760567879633,0.145760567879633
0.117929221607717,0.117674517789848,0.11719924571733,0.117506465786306,0.11644055000212,0.116348646562683,0.116351272375239,0.116356524000349,0.11609656855737,0.11609656855737
0.141700015446879,0.140400238231983,0.140373980106429,0.139601991215158,0.137188869476795,0.137296527791565,0.13711272091269,0.137790006181604,0.136603138906588,0.135941434142641
0.28705624922131,0.285102644680133,0.283624312211473,0.277734614649833,0.272808036413669,0.272595345596686,0.27182598251797,0.271198413317243,0.271009354813258,0.270032552542669
0.523534055973235,0.520409339032374,0.510818722787259,0.500858851651549,0.489182806869315,0.488207440589968,0.487154817981844,0.486482609967676,0.485920686080832,0.48591018283061
0.383239434897042,0.376391643979271,0.375021462165235,0.371924562426132,0.36791950079777,0.36738699421721,0.366441045244147,0.366325509491712,0.366312380428935,0.366293999741048
0.345457848887813,0.345172373829061,0.34030686624897,0.338365200949255,0.33476324257646,0.335263644495699,0.33526889612081,0.33526889612081,0.336681583275585,0.336119659388741
0.358542560049347,0.357531335017291,0.354136159383229,0.348546707075965,0.34321513828146,0.343217764094015,0.343152118780132,0.340746874479435,0.340725867978993,0.339935498399834
0.376377858463355,0.374328042509018,0.368695674577802,0.36212978925484,0.359524983199937,0.359524983199937,0.357847088977071,0.358088663732163,0.358088663732163,0.358288225486369
0.4038142763727,0.393592316321309,0.386231507275537,0.378823925943623,0.372718173242664,0.372631521428338,0.371969816664391,0.371442028340766,0.37048098094551,0.370399580756294
0.596039510299316,0.590498512439361,0.586452422489822,0.581625686673244,0.575718182820213,0.574119062974007,0.573895868906803,0.573383835458511,0.573383835458511,0.573110750952755
0.384282374821369,0.380944885006882,0.375520653748999,0.37085946720837,0.366075236732531,0.360198668233668,0.360206545671334,0.360209171483889,0.360209171483889,0.360209171483889
0.259242493842098,0.2546304797444,0.252020298979423,0.247249197566361,0.245862768537138,0.245862768537138,0.245752484409814,0.245752484409814,0.245752484409814,0.245752484409814
0.377675050894017,0.374663449034642,0.371493641968807,0.366892479862061,0.364857475131668,0.364857475131668,0.363245226222686,0.363200587409245,0.36319796159669,0.363229471347354
0.719255764458899,0.718356423658693,0.71532992851873,0.713391586513031,0.710167334864994,0.710976249245325,0.711083989616737,0.71106560892885,0.7114095903736,0.71038814928957
0.653562898751019,0.653181335364071,0.651282503631665,0.648135221114157,0.644445708303969,0.644315894695765,0.643543782719529,0.642540722323387,0.642081205126202,0.641616436303906
0.436336688060142,0.433050811873697,0.430499465721288,0.427291994656612,0.42477884587122,0.424639677805786,0.424639677805786,0.424623922930454,0.424637051993231,0.424455870926912
0.446733633901353,0.441234977268854,0.434557700053895,0.425345980354853,0.421256564498151,0.421044940417519,0.419456323821535,0.419138600502338,0.419028316375013,0.418907528997467
0.498210391462914,0.494359309123931,0.485618102212149,0.477248365720307,0.471093461090577,0.471234188232215,0.469577300509792,0.46929633856637,0.469193931876712,0.469187367345324
0.231529175793128,0.229654714883502,0.227225838269808,0.224960356945202,0.22168434807,0.224624088824833,0.226025267535519,0.22649266217037,0.226406010356044,0.226483512854748
0.110945616689768,0.110762579091916,0.108988524741291,0.107674315814421,0.107416811813632,0.108350421519101,0.10860512533697,0.1086445125253,0.1086445125253,0.108559860841631
0.0482592602008975,0.0495383488848399,0.0494543228830688,0.0481873683251146,0.0475335409988336,0.0479431677574675,0.0479274128821355,0.0479274128821355,0.0479274128821355,0.047110785177423
0.0734489672425743,0.0724061555317517,0.0709041907500941,0.070234608548481,0.0693812194679938,0.0698551324773723,0.0698656357275937,0.0698656357275937,0.0698656357275937,0.0698209969141528
0.0124564380686717,0.0123960443798987,0.0123382765036811,0.0122096116884692,0.0121492179996962,0.0121019533737,0.0121019533737,0.0121019533737,0.0120835726858126,0.0120835726858126
0.0948761361909083,0.0929733144542684,0.0929496821412703,0.0946932216780197,0.0959434366809335,0.0967507201854978,0.0971556799725978,0.0971609315977085,0.0971609315977085,0.0971609315977085
0.249648800472895,0.236151221315354,0.231096327004708,0.225154154220283,0.215915807140796,0.220288072243695,0.233646585906606,0.236603538042173,0.236603538042173,0.236514260415291
0.213108300665117,0.200430405822216,0.189218596494103,0.174972927442376,0.162981200499924,0.162828903371714,0.162768284027174,0.162983600656713,0.162954716718604,0.159409869768888
0.26329529192215,0.238661498118264,0.22659022751813,0.210476723630647,0.192675930034748,0.191940948689179,0.193815901938659,0.194861385618898,0.194782611242238,0.194506900923926
0.165413933775809,0.15451523208076,0.138433484113868,0.131184128502575,0.122542733239137,0.121631576282432,0.122823531069274,0.121179105699409,0.120461417791216,0.120172578410128
0.0834178184520818,0.0837848937131147,0.0831704535751639,0.0831678277626085,0.0829040720713803,0.0835316412721078,0.0797478453798551,0.079792484193296,0.079792484193296,0.079792484193296
0.120918698944897,0.11984017720903,0.117857688729744,0.115654631995809,0.114184176964816,0.114134286526264,0.114010873336163,0.114005621711052,0.111628533095764,0.111628533095764
0.195069809490479,0.192798481630105,0.189637003313469,0.18776278857377,0.180125510185745,0.179960083994758,0.179960083994758,0.179778902928439,0.177744636707828,0.177744636707828
0.292160603173135,0.289211815673482,0.286251417158936,0.283826438235753,0.279449208705992,0.279296911577782,0.279007702941803,0.27870717048918,0.278686163988737,0.278686163988737
0.311221868852241,0.30510524364617,0.302036940646927,0.293989358532969,0.290234077323935,0.287025970320281,0.286338725426401,0.286027443553629,0.28565457817077,0.285596810294552
0.531274335961575,0.521975513136674,0.515932985078648,0.509436724816724,0.50381486013573,0.501010492326621,0.501010492326621,0.500942221200182,0.500942221200182,0.500582484880099
0.572319806977099,0.570016723196134,0.559697156768663,0.554768834828849,0.55177241344831,0.551633245382877,0.551317573479739,0.551131140788309,0.551131140788309,0.551131140788309
0.474336462681392,0.465499003328129,0.460362011346808,0.445323654615775,0.439062158407627,0.439056906782516,0.43896295192702,0.438600589794383,0.437760329776672,0.43738073574914
0.375981524880783,0.373993784776387,0.372082193236095,0.366797335185251,0.36544266207662,0.365432158826398,0.365195835696417,0.3630505468387,0.36195033137801,0.361942453940344
0.371340688387458,0.366166483718829,0.36262397538342,0.358741711520342,0.356399445692652,0.356294413190438,0.355514546861501,0.354151750145277,0.354151750145277,0.353421774254891
0.234119519364816,0.224969506260824,0.222104108823964,0.209657347028415,0.205276363407267,0.205226472968715,0.205129317904167,0.205126692091612,0.205066298402839,0.204950762650404
0.289235406958159,0.28322863508204,0.271060865870496,0.266981584009124,0.259807864107921,0.259810489920476,0.259810489920476,0.259589921665827,0.259579418415606,0.259553160290052
0.326320865441974,0.320436419505444,0.297808336210631,0.287309352934652,0.281616591314663,0.280222284847775,0.280222284847775,0.280217033222664,0.280085742594897,0.280085742594897
0.435469021123885,0.419541498616299,0.414775566771704,0.407623879078973,0.402367125428135,0.402868737682848,0.402876615120514,0.402537885300875,0.402537885300875,0.40254051111343
0.524572031470698,0.517019825306634,0.515341561828878,0.507697616338662,0.502723835018983,0.504378876466953,0.504428766905505,0.502764001745416,0.502729866182197,0.502729866182197
0.566590366037978,0.56394912683387,0.562863394370556,0.554334385935903,0.545867781577762,0.546426628340517,0.546442383215849,0.54505956467889,0.544311208100617,0.543972191082729
0.405680449561448,0.402783603916405,0.395879768311906,0.394734914037775,0.389873591346444,0.390556302610834,0.390537921922946,0.390040699698599,0.390040699698599,0.38998847064574
0.469207635335985,0.463886754419147,0.457971250043487,0.452623741746205,0.449485895742567,0.449378237427798,0.449288959800916,0.449291585613471,0.449291585613471,0.449286333988361
0.30449816809187,0.297079037287545,0.293825655531472,0.285298554913754,0.279117638328398,0.280091548102343,0.280440801686365,0.280456556561697,0.28002067167751,0.280033800740286
0.12665447875964,0.126817002196904,0.125770933863088,0.124332532208014,0.123688049081881,0.124998606488166,0.125545739665226,0.125695410980881,0.125642894729774,0.125152503720902
0.0432162692319333,0.0439341109963311,0.0439230692493943,0.0441462633165986,0.0442982117040787,0.0450413166572414,0.0450544457200182,0.0450544457200182,0.0449940520312452,0.0444925218331742
0.0483312905472644,0.0479902939128798,0.0475692356382579,0.0473696738840516,0.0471281299002007,0.0475390798221926,0.0475679637603014,0.047565337947746,0.0475233249468605,0.0472056016276637
0.0517362514359268,0.051494676680835,0.0511218112979759,0.0507830814783364,0.0506439134129031,0.0508330129452091,0.0509196647595355,0.0509275421972016,0.0509275421972016,0.0509149516311403
0.0476065406392883,0.0473623400716412,0.0473780949469733,0.0489404534174038,0.04992449718668,0.0504837952609686,0.0508724155191597,0.0508724155191597,0.0508724155191597,0.0508645380814937
0.169986099116563,0.162574568808736,0.15801665055251,0.149879760040429,0.144146421410796,0.145530224627463,0.147553372173036,0.148391006378191,0.147981379619557,0.147899979430341
0.225057942807122,0.212282318503177,0.200601760605613,0.18775302383333,0.178680759397969,0.17818973245012,0.17899585690461,0.1794081094758,0.177643563438608,0.176840064796672
0.217096191941067,0.210274412978921,0.204812722863803,0.195294911374618,0.18190094924221,0.17946318999698,0.176837377441635,0.176837746696525,0.176769475570086,0.175984357616038
0.27045426214189,0.265556567843835,0.262807444669191,0.258146278642723,0.254580753419133,0.254281410787824,0.253765315535735,0.253022559323302,0.25232409318358,0.247573998270961
0.156838173569175,0.156706800884765,0.153062808996924,0.151293011334621,0.150484261067575,0.150502641755462,0.150518396630795,0.150528899881016,0.150513145005684,0.150513145005684
0.0799636799919483,0.0790256546134125,0.0775814577079725,0.0772289834007385,0.0765371792346678,0.0765398050472232,0.0765240501718911,0.0763586239809043,0.0763586239809043,0.0760303974114862
0.331737075663067,0.331844733977836,0.331590625070625,0.331700909197949,0.331477715130745,0.331419947254527,0.331301785689537,0.331275527563983,0.330963055869897,0.33034073829428
0.6191043195589,0.617543602221317,0.614374164410373,0.613725055341027,0.611885345419438,0.611318169907483,0.609579799939203,0.607838886215008,0.607232323514724,0.607232323514724
0.471801076545922,0.468975620179728,0.467037237145708,0.466021047686789,0.461764646562895,0.46160972362213,0.461207974301162,0.460367714283451,0.459931829399264,0.459931829399264
0.502313551807211,0.498521878477292,0.496851574493844,0.488220692737708,0.481013616811388,0.480667009554082,0.480546222176536,0.480433312236656,0.480433312236656,0.480433312236656
0.632298207083087,0.626428490313861,0.62231646785219,0.612181939153229,0.605769786949718,0.603487955839122,0.603375045899242,0.603779421032766,0.603779421032766,0.603594465360898
0.371052710601115,0.370393631649723,0.368571317736314,0.363851255554795,0.361446913877165,0.361239802911862,0.359477882687225,0.35924943699491,0.35924943699491,0.35924943699491
0.425340605644779,0.423567771886709,0.419730598148605,0.41668974309623,0.412930851394932,0.412954565764572,0.412957191577128,0.412957191577128,0.412957191577128,0.412878417200467
0.184424149966291,0.183725868454014,0.184583955277276,0.181812225497664,0.180368418361275,0.180329031172945,0.180326405360389,0.180326405360389,0.180326405360389,0.180318527922723
0.0585425268212069,0.0584829485703174,0.0566396281564649,0.0557879366227663,0.0543463655298817,0.0543463655298817,0.054333236467105,0.0543174815917729,0.0543174815917729,0.0539393645838032
0.142070911470321,0.140750127754983,0.140059621109569,0.138959969788296,0.136823143021821,0.136823143021821,0.136823143021821,0.136823143021821,0.136794259083712,0.136794259083712
0.194465995687713,0.190318176015815,0.188348816599306,0.187965447966225,0.18383444990601,0.183774056217237,0.183726791591241,0.183684778590355,0.183855456406453,0.183973617971443
0.491820640722766,0.488004719655031,0.477314831600614,0.476129277231876,0.473613461605607,0.474624768694305,0.474477723191206,0.474477723191206,0.47443571019032,0.474054967369795
0.518819122331864,0.509974811248964,0.493628102383909,0.485520290694463,0.478302219178066,0.479081223912259,0.479128488538256,0.47825146714477,0.479075972287149,0.473372707416938
0.4607889930853,0.452173537977927,0.441375950580419,0.436461783411411,0.428825879472146,0.431298820502785,0.431780410936764,0.431481068305454,0.43137078417813,0.43137078417813
0.363530947451365,0.360687192453925,0.352714610111079,0.348156527741569,0.343028233764337,0.34438089648523,0.344949590045069,0.34472902179042,0.344114581652469,0.344153968840799
0.181875942480452,0.180560451418545,0.176717779885403,0.175579592713464,0.171700293146591,0.170825897565661,0.170923052630208,0.170219334865376,0.169090235466577,0.169090235466577
0.103556826328953,0.100882087500604,0.0996164458489273,0.0983502708290755,0.0938363759614732,0.0943247770967675,0.0944284966927036,0.0944363741303697,0.0944363741303697,0.0944363741303697
0.0599185756851714,0.0586221781782324,0.058969411117436,0.0590324306187643,0.0591794761218636,0.0596836321324899,0.0597059515392104,0.0597059515392104,0.059695448288989,0.0596009190369966
0.0290295117208766,0.0280239357757925,0.0277465304749626,0.0269141478949181,0.025872015715665,0.0261162162833121,0.0261293453460889,0.0261293453460889,0.026037590634316,0.0260244615715393
0.0636074935847017,0.0628721532413218,0.0622235775401515,0.0612336462067863,0.0613019173332252,0.0616537762156415,0.0620502739114987,0.0620634029742754,0.0620527561249299,0.0616425857410404
0.0674376771225855,0.0672932574320415,0.0670726891773925,0.0667444626079743,0.066681443106646,0.0669912889881768,0.0674429287476962,0.0675847226256849,0.0673510253082591,0.0673352704329271
0.451953667204738,0.443375999181169,0.440561210178481,0.435698205325981,0.431958350765709,0.43342593381422,0.436149557887252,0.436822340297917,0.436822340297917,0.436806585422585
0.401781979511505,0.393951970584749,0.385569925596554,0.37789992712239,0.362434957907756,0.362211763840552,0.36994359199473,0.371192329978081,0.370816838782667,0.369251854499681
0.338333096287934,0.332129511555128,0.327127995090333,0.324627134287133,0.317902264219609,0.317923270720052,0.318075567848262,0.318146464787256,0.317931148157718,0.317135526953448
0.231109107326755,0.227385828208239,0.221584874905305,0.214066517106213,0.207074614210306,0.206752152120013,0.206597229179248,0.208021404263953,0.208016152638843,0.206837819254631
0.265376740712115,0.261031738928639,0.255575874835128,0.252901566804151,0.248217178747896,0.247924359619654,0.247840743901095,0.247840743901095,0.246260722738397,0.246197703237069
0.303607874036484,0.29869661987828,0.298307732936001,0.296291170435978,0.29324779214185,0.293103557078752,0.292404516542533,0.291992263971344,0.292727491486841,0.288744133840382
0.667083371711777,0.660125214610039,0.654608382431259,0.649715755130869,0.650493775185353,0.648306473326751,0.647745082808082,0.647700443994641,0.645108767002515,0.645662813451693
0.530154632048326,0.526136359300545,0.523035274672683,0.513559332585259,0.502412758287817,0.500874032130385,0.499114737718304,0.496625467415836,0.496389144285855,0.494262236116025
0.563274949460285,0.558660371092514,0.552921534667843,0.547501816525289,0.539647067520864,0.537288882704557,0.535294003672276,0.533197866743329,0.533058698677896,0.532186928909521
0.361582020138802,0.356619726749053,0.352977355479898,0.349127914273762,0.340019155146714,0.337932947071492,0.336067881647416,0.339429619199718,0.340485195846967,0.339285199509174
0.261938382770014,0.253848705598528,0.252169026643691,0.243160027879586,0.23931583829856,0.238622767383073,0.237295993532842,0.236074990694607,0.238687674187175,0.238010214547896
0.176470481679507,0.170638121196713,0.166513892809491,0.163569608168088,0.15822607961796,0.158093178628586,0.158093178628586,0.158030159127258,0.157940881500376,0.157683551869952
0.105733994192225,0.101275364473249,0.0954739393446217,0.0930030497300417,0.091978982833457,0.091978982833457,0.091978982833457,0.0918949568316859,0.0916560078891495,0.0912778908811797
0.137059814892532,0.136823491762551,0.135235295706859,0.134859804511445,0.133108161881263,0.133084529568265,0.133084529568265,0.133008011749269,0.132898117390996,0.132779217316224
0.362413910378992,0.361962680902684,0.356593714793427,0.353476998375195,0.339959520481883,0.3401643338612,0.3401643338612,0.339347706156487,0.339347706156487,0.338155587256361
0.361670313085975,0.356591540292404,0.352193837630376,0.349935638832779,0.345962784436541,0.346275256130627,0.346209610816744,0.345432370300362,0.345432370300362,0.345353595923701
0.52901096759551,0.526116583649738,0.522542934818555,0.508109458626639,0.498712496057482,0.498828031809917,0.498142694732972,0.497887990915103,0.497890616727658,0.497796087475666
0.343829229678681,0.33956316638515,0.327242853875469,0.322157065238977,0.312885341620213,0.315356395348078,0.316811177560381,0.317231307569237,0.317128900879578,0.316288640861868
0.205866268609154,0.201984312458484,0.196433262659842,0.192463075104481,0.190112070244381,0.190399945459921,0.190055964015171,0.190055964015171,0.191064276036423,0.190951366096543
0.161111662988839,0.158082983090774,0.153820920058558,0.151891911995926,0.148310201099632,0.149059521843453,0.14842407520506,0.148452959143169,0.14739738249592,0.147418388996363
0.0491988395270979,0.0480723967120956,0.0451471594687985,0.044230750886983,0.0433530371405777,0.0434186824544614,0.0431114623854859,0.0430983333227092,0.0430353138213809,0.0425390352484206
0.0383073870235472,0.0375582457786312,0.0373054241349967,0.0368277467771502,0.0367786230553506,0.0368258876813468,0.0368258876813468,0.0368258876813468,0.036797003743238,0.0366945970535796
0.0585976124709276,0.0577153394523315,0.0569984926247222,0.0560766118905696,0.055412204385965,0.0555776305769518,0.05574868277648,0.0557696892769228,0.0557696892769228,0.055688289087707
0.0142420047097919,0.0141238431448014,0.0140713268936945,0.0138635158826615,0.0139134063212131,0.0139317870091005,0.0139501676969879,0.0138661416952169,0.0138503868198848,0.0138477610073295
0.284905626681839,0.280219064124562,0.279195715223598,0.277968188882296,0.275976448516584,0.278756240361308,0.300089018528234,0.302287808316766,0.301983214060346,0.301219902659003
0.26133114310243,0.253161604303772,0.244907793333416,0.239641315970459,0.231600011189641,0.231157151490854,0.260324246558258,0.264446382501099,0.264375485562105,0.263776020761384
0.202121367565377,0.197128364477227,0.192590283414291,0.186720792300831,0.179960576334612,0.179261228085985,0.178951382204454,0.178707181636807,0.178644162135479,0.177801276305213
0.0151356759088651,0.0152177940937014,0.0146837463868273,0.0140615121499879,0.013131711667713,0.0131102012882008,0.0130970722254241,0.0130996980379794,0.013073439912426,0.01292267621772
0.242004034416255,0.238926582101391,0.231818507514071,0.230292910419415,0.22669722937976,0.225576007418627,0.221385210580296,0.221403591268184,0.221403591268184,0.221414094518405
0.303663528954161,0.297942088537669,0.288970507602477,0.286483473343514,0.285693247363479,0.282455251227848,0.281832933652231,0.281785669026235,0.281735778587683,0.281735778587683
0.440216079940738,0.44025624666717,0.436143403639076,0.431489520139617,0.430644008496795,0.427236770536308,0.427073970157876,0.42653567858403,0.42645690420737,0.42645690420737
0.551185421257227,0.547940655448601,0.543273519801401,0.535730339867996,0.523581525740837,0.522510071133292,0.521956024684114,0.521882501932565,0.521882501932565,0.521882501932565
0.730207946570602,0.722507505082125,0.709228278649889,0.702640114948527,0.698969228996154,0.698271091083002,0.697438708502958,0.697425579440181,0.696755997238568,0.696616829173134
0.727179317957938,0.723168061053079,0.714593798380168,0.711436833178862,0.707692588588224,0.70736173620625,0.707332852268141,0.707240948828704,0.706279901433448,0.705930668363587
0.647232310850009,0.638536645374734,0.627618680882893,0.621566100886179,0.613853268844706,0.608022570008919,0.605475449773592,0.60542030770993,0.60417304674614,0.60417304674614
0.373019321120105,0.366071995495158,0.363677951926143,0.361396941381971,0.355610963416267,0.353799029668116,0.35249367260154,0.352162820219566,0.3521549427819,0.352005271466245
0.37338123194121,0.370719519604834,0.368914765812889,0.368151762123955,0.367437048769047,0.367438156533718,0.366925589717251,0.366581608272501,0.366581608272501,0.365828000069116
0.190716171245395,0.189894291915572,0.188395465800484,0.185119949265136,0.184284940872536,0.184271811809759,0.184179908370322,0.184089584521251,0.183999896611157,0.183958642634213
0.35704793933718,0.354212061777407,0.351235333991033,0.3477700819844,0.343944273091262,0.344005487346458,0.343945093657685,0.343392626798873,0.343164181106558,0.3405567492391
0.175824860017462,0.172424432758289,0.170644767784743,0.169615449263048,0.169432750148845,0.169451130836733,0.169451130836733,0.169451130836733,0.169448505024178,0.169448505024178
0.260986956516074,0.257504636727832,0.253394070771563,0.250891671406318,0.246795629475746,0.246982062167176,0.246309854153007,0.246133924711799,0.245017954375777,0.244784257058351
0.315406593499038,0.313894617807013,0.309244611483905,0.307971789876023,0.306970329584407,0.309929620334281,0.310677976912554,0.310247343653478,0.310231588778146,0.310171195089373
0.10876580249978,0.107379517069682,0.105524421527652,0.101213760449001,0.100586191248273,0.100688597937932,0.100696475375598,0.100696475375598,0.101155992572783,0.101145489322562
0.10656292013621,0.102455605674395,0.101280923810768,0.0987350036538351,0.0968087342316425,0.0968770053580815,0.0968822569831922,0.0968822569831922,0.0968822569831922,0.0966249273527683
0.0291650410870755,0.0291020215857472,0.028625436606952,0.0281659194097666,0.0279007123416767,0.0279059639667874,0.0279059639667874,0.0278928349040107,0.0278849574663446,0.0278639509659019
0.0409992397903675,0.0401067968766597,0.0397504659072351,0.0357618566356654,0.0345697377355386,0.0347036541758612,0.0343806792315537,0.034383305044109,0.034383305044109,0.0343622985436663
0.065759998298406,0.0647082526706471,0.0625025290958357,0.0616675207032359,0.0590356410848964,0.0590881573360033,0.0591402992036795,0.0591429250162348,0.0591429250162348,0.0591114152655707
0.0218107145160495,0.020703711432475,0.0196192508471173,0.0176698209376202,0.0170791438904412,0.0169583565128953,0.0168328995995454,0.0168407770372115,0.0168118930991027,0.0168110648398689
0.253661924166368,0.239822497036778,0.232294292440603,0.225773579299257,0.223034508063301,0.229690347980445,0.239349071238714,0.239068109295292,0.238784521539314,0.238658482536658
0.109345932704146,0.104938003733065,0.102163699426299,0.100724754145969,0.0945963230404793,0.0951905875014912,0.108481127493292,0.110806479395576,0.110806479395576,0.110470354874331
0.15481493370988,0.146460870036727,0.140921605623343,0.137574074127248,0.134108145153317,0.133992609400881,0.133740531395568,0.133950596399996,0.133945344774885,0.133049942693512
0.309134901753077,0.304539463097135,0.301755835104381,0.299847566858105,0.296215534725887,0.296083279932572,0.295881092365811,0.295883718178366,0.295867963303034,0.295867963303034
0.514783904887437,0.513252440742853,0.508025555709832,0.499510537932701,0.495876454384424,0.495868576946758,0.495868576946758,0.495868576946758,0.495868576946758,0.49516223336937
0.814012313350656,0.81009213931881,0.795216172682997,0.783683111600066,0.773130873563198,0.77280264699378,0.772742253305007,0.772457434699395,0.770188732651576,0.764432951530259
0.674672503364901,0.67249570475652,0.671025249725526,0.667404254211705,0.657718862544671,0.6567998281503,0.652047107425125,0.651790967616015,0.650774778157097,0.650480687150898
0.755688257211178,0.7546957821219,0.750116200912092,0.745682926695603,0.740428675772357,0.738722800234449,0.737981336414133,0.737766019784595,0.733383538629723,0.731306520898445
0.683274747352855,0.678613765953832,0.6776674887542,0.67426193295488,0.671135944136062,0.670567824972721,0.668059886784118,0.668046757721341,0.667377175519728,0.664622698149171
0.633623585970398,0.628962645599696,0.623056741851192,0.621231802125227,0.618779293198534,0.61816091434175,0.615645385913729,0.6154589532223,0.6154589532223,0.6154589532223
0.408607451022556,0.398698783231675,0.397721980961087,0.395902292860232,0.388387217326834,0.387625731685783,0.387363150430249,0.387000665212648,0.387000665212648,0.386236553759042
0.334454237775514,0.329674705042449,0.324595501451506,0.320732110616169,0.319542617528598,0.319843744891878,0.317827120849373,0.317827120849373,0.317827120849373,0.317827120849373
0.290517624051591,0.290567514490142,0.28569189342888,0.282036044356219,0.280388552119346,0.27969796341729,0.279684834354513,0.279671705291736,0.279648072978738,0.279104529779782
0.230810380120263,0.226798138535695,0.223560675768239,0.219177045820375,0.215661082808767,0.215779244373758,0.215779244373758,0.21492060366816,0.214642267537293,0.214592377098742
0.402219341415254,0.398595720088878,0.385759271298787,0.380406101093182,0.379213900136413,0.381086104488374,0.381606015374333,0.38181082875365,0.381569253998558,0.381458969871234
0.127080106563533,0.126472436098577,0.122559975391112,0.120101466072447,0.1186340061089,0.118731161173447,0.118733786986003,0.118733786986003,0.118736412798558,0.118748146898415
0.0508312025705372,0.0487128282915123,0.0485185181624167,0.0453334075327827,0.045183736217128,0.0451968652799048,0.0451968652799048,0.0451968652799048,0.0451968652799048,0.0450189664792801
0.0433071879916621,0.0414343246222919,0.0410798399273203,0.0402211992217223,0.0391603709493628,0.0390999772605899,0.0391131063233666,0.0391131063233666,0.0391131063233666,0.038742210299924
0.00831737217373726,0.00831999798629261,0.00781321616311095,0.00757164140801917,0.00753488003224433,0.00754800909502106,0.00754800909502106,0.00754800909502106,0.00754800909502106,0.00754800909502106
0.0582005044787929,0.0558267699287606,0.0531764070517308,0.052246048840715,0.0519154682713692,0.0516426607067813,0.051655789769558,0.0516242800188938,0.0516242800188938,0.0518159643354341
0.0489609573209121,0.0473355793491533,0.0455162246034085,0.0439284285738481,0.0403682395962815,0.0403679677836537,0.0404021033468732,0.0404178582222053,0.0404178582222053,0.0404055574186623
0.317803468022214,0.302585817527637,0.294924558085884,0.285330864716681,0.278735254375026,0.28070373168263,0.284536269220441,0.284529294405841,0.282349869984904,0.27894103191989
0.194269449515113,0.187438028897491,0.180532367532699,0.17446321209423,0.170098680829874,0.17093811002408,0.189488624389931,0.191455583649652,0.190851646761922,0.188966313347184
0.166842611718764,0.155285436240061,0.151023742462735,0.145484478049351,0.139778587366585,0.139494999610608,0.139500251235718,0.138930449911208,0.138930449911208,0.138481435964244
0.483837760271304,0.480111404028699,0.469291579281114,0.463740652567435,0.458830383088939,0.459045699718477,0.458784923709075,0.458926717587063,0.458408570918915,0.458408570918915
0.697576317492186,0.688793877117622,0.679637709765453,0.67100169946917,0.669181354915177,0.661322297937028,0.661322297937028,0.661322297937028,0.659941489787807,0.659941489787807
0.775606030123181,0.76539170133953,0.75771907705281,0.750290325107169,0.744671824748511,0.744199178488549,0.742568548891679,0.742250825572482,0.740152144887622,0.739910570132531
0.6623333588558,0.649940139019387,0.647293319963599,0.644012859515549,0.638917552308544,0.638437028610916,0.638103550416387,0.636549069383622,0.634982156769541,0.633658747241647
0.725461708320173,0.721646320620614,0.718860333499392,0.714549898076508,0.709377047342478,0.709350789216924,0.708064141064805,0.708064141064805,0.707260642422869,0.705758677641212
0.719354970939506,0.714491966087006,0.713809254822616,0.712372607128273,0.70905300566182,0.708085065508605,0.705683759926742,0.704609802591606,0.704502144276837,0.702585301111434
0.601942911320229,0.598763052315705,0.595510942437589,0.593126704637335,0.588223492030082,0.587068873015511,0.584079877761104,0.583147714303957,0.583131959428625,0.582987539738081
0.361318084948668,0.358562089530228,0.35187090371439,0.347424459406803,0.340200725982084,0.338441041800952,0.337189226693512,0.334553116029551,0.334264276648463,0.334240644335465
0.317349674275833,0.313678972950905,0.307526386421322,0.299687002523178,0.291268750041544,0.291182980336122,0.290820618203485,0.289521517955888,0.28824537305399,0.287661806727726
0.283252821277374,0.278841517726875,0.271527501481406,0.269970394636086,0.268711297001637,0.268753310002523,0.268755935815078,0.268745432564857,0.267642591291611,0.26404945400787
0.263740736405171,0.260283936232701,0.257907411756829,0.254392043655879,0.251166438073243,0.251213702699239,0.251190070386241,0.251190070386241,0.251190070386241,0.251190070386241
0.299720830373989,0.296454504182584,0.290823879955018,0.286446650425258,0.283467399397131,0.284780305674803,0.285088407852684,0.284833704034816,0.284655148781052,0.28463939390572
0.114689389454712,0.112784475273692,0.110753245148848,0.108874507036739,0.107793954398974,0.107877980400745,0.107870102963079,0.107870102963079,0.107870102963079,0.108099943618314
0.0597139110335188,0.058028139372987,0.0575201523428708,0.0574440037787658,0.0566378793242747,0.0566588858247175,0.0566405051368301,0.0564225626947364,0.0562374377810444,0.0562374377810444
0.0663315228124054,0.0639866722004819,0.0601529858696776,0.0534834219791003,0.0526956782124967,0.0527770784017124,0.0527797042142677,0.0527797042142677,0.0504886827597289,0.0504177858207345
0.00761936952583118,0.00717298139142247,0.00659267681669113,0.0062959599979371,0.00615941774505914,0.00618567587061259,0.00618567587061259,0.00618567587061259,0.00618567587061259,0.00618305005805725
0.0680299106816992,0.0655479741916421,0.0649125275532486,0.0641011514736468,0.0636591943979253,0.063680200898368,0.0636329362723718,0.0636329362723718,0.0636329362723718,0.06354365864549
0.021729114313768,0.0210726239930156,0.0203767836658491,0.019197793828499,0.0188598820110129,0.018867759448679,0.0188703852612343,0.0188703852612343,0.0188703852612343,0.0187627269464651
0.382826402787751,0.364096153603903,0.351126978194803,0.332289973319252,0.322230075136512,0.323648957567786,0.325973704302332,0.325876549237784,0.32485773396631,0.322475609124597
0.119033345015998,0.115252256992943,0.110998440653284,0.109908728442815,0.107419201713341,0.1074156835348,0.10796877607551,0.10800291163873,0.107805975697079,0.10724247221987
0.0944957113398723,0.0903801809567407,0.0900204446366584,0.090363533715423,0.0898121130788005,0.0898068614536898,0.0897674742653596,0.0897727258904703,0.0897280870770295,0.0897280870770295
0.535742032939532,0.522967454857777,0.514629351201562,0.490550362870796,0.477167991239121,0.476409131410626,0.474787199817846,0.473264228535746,0.456840632596805,0.452043273058189
0.56713235016073,0.563198882952822,0.551311829514774,0.540232623720706,0.524556645850257,0.516164548923373,0.515747044727073,0.510826271998356,0.506560680530518,0.506429389902751
0.585245779563999,0.581112750601885,0.575467992117674,0.567214406803084,0.562083569069939,0.562023175381166,0.561272192990338,0.55954440832892,0.559449879076928,0.559315962636605
0.5449588401504,0.537697565811804,0.531720108671166,0.529387279357348,0.522530872492129,0.522368072113698,0.52196632279273,0.519314252111831,0.518930883478751,0.517090558132344
0.625515856337594,0.618271239497396,0.617357825983026,0.615845316922826,0.609753801049315,0.608745489028063,0.6086903469644,0.608351617144761,0.608128423077556,0.607799786224926
0.753801857060089,0.749886770540069,0.746544111157114,0.740319458381383,0.737265638379517,0.73698730224865,0.736971547373318,0.736441133237138,0.735183369023128,0.735175491585462
0.525223643267636,0.521501102658901,0.516900679061936,0.510575096616109,0.505580554965915,0.503135267023749,0.502376817478466,0.501176821140673,0.50080658157037,0.49849324070911
0.280409456048986,0.275806406639465,0.266691206065992,0.262515897418905,0.256090780265902,0.253491882289249,0.252096693713455,0.251087499583298,0.251074370520521,0.250814415077542
0.234658200707713,0.233009621220329,0.226579806324551,0.223055904332795,0.22080125448498,0.220303683519903,0.219450294439415,0.21860740860915,0.219105984768096,0.218293131668932
0.298926316934391,0.295147711124767,0.28654606204747,0.28384935255313,0.277675985178871,0.277054098400627,0.274517563472163,0.273979271898317,0.273341527673938,0.273082085084973
0.30382031868354,0.300566649729219,0.297042809279945,0.29560019196487,0.288019286490143,0.287932634675817,0.286869180590902,0.286869180590902,0.286764537857739,0.286727776481964
0.341796850760844,0.336574027531619,0.332444362891842,0.329862081385266,0.326663410895483,0.326862972649689,0.327103665295875,0.326788567789234,0.326562747909474,0.326528612346255
0.141678188380012,0.139716706401169,0.138706814789551,0.134771398736388,0.129170068730143,0.128240531085551,0.128243156898106,0.128243156898106,0.127875543140358,0.127859788265025
0.0937501754586798,0.0923541458023019,0.0908567454213753,0.0835707771619708,0.0825769071097726,0.0825322682963317,0.08244299066945,0.0822513063529097,0.082246054727799,0.0821488996632513
0.0374943903252589,0.0371615660195988,0.0341267857230284,0.0316604912804203,0.0298263612105115,0.0297502126464065,0.0297502126464065,0.0297502126464065,0.0297502126464065,0.0296504317693034
0.0160316113584132,0.0158793142302031,0.015354151719134,0.0151975722599011,0.0149192733109506,0.0148982668105078,0.0148982668105078,0.0148982668105078,0.0148982668105078,0.014861505434733
0.0623629302330301,0.0622421428554842,0.0619585550995069,0.0613307602430129,0.0610576398374759,0.0610602656500312,0.0610258531456438,0.0609914457697965,0.0609284262684682,0.0603306026005942
0.108020758958442,0.105086074944194,0.103032074101096,0.0945282365414856,0.0929947620091639,0.0930630331356028,0.0929897770681408,0.0929848023841981,0.0929217828828698,0.0925147819367912
0.332604024603703,0.31926214792503,0.311113964367545,0.304028619470157,0.30130831869114,0.301310944503696,0.304197163813553,0.304472874131864,0.304367841629651,0.303614233426267
0.088027617020436,0.0853308767548553,0.0840983911152302,0.0820757205238914,0.0786680876658124,0.0786287004774822,0.078851002178701,0.0790164283696877,0.078577917672945,0.0785411562971702
0.0534315724382125,0.0523847604660752,0.0524461337060162,0.052260583123492,0.0512516043920202,0.0512542302045756,0.0511229395768083,0.0511308170144743,0.051128191201919,0.0511176879516976
0.651058365913074,0.649115264622118,0.642403564645692,0.641105715761891,0.636788879920903,0.636859776859898,0.635407702516792,0.635410328329347,0.635398101889636,0.629492649452664
0.699952841968058,0.699297865848784,0.69781690756757,0.693373294214144,0.690576803842701,0.687735674657817,0.687470467589728,0.687394319025622,0.687163247520752,0.686561936445578
0.6015989709038,0.599822444596824,0.597130986727595,0.596064906830124,0.591821593740686,0.589085497058016,0.588906941804253,0.588906941804253,0.588308256541634,0.587522769332695
0.69074370705325,0.689541084902902,0.684591469264397,0.682467186907123,0.673875528226032,0.67383433579157,0.673771316290242,0.673689916101027,0.673689916101027,0.671760313127738
0.702242796686247,0.698535149358099,0.697088326640104,0.695394677541906,0.68705825604686,0.686871002789006,0.685883697268197,0.685799671266425,0.685387418695236,0.685327025006463
0.516270607133616,0.513859249613065,0.512212742055899,0.507570674712939,0.497156414920191,0.496831798843037,0.496306185020435,0.496298307582769,0.495276866498739,0.494630916610124
0.221431900809796,0.220063852468461,0.218448977746924,0.214806585963608,0.213278055343988,0.211402240499764,0.211123904368897,0.210897407521838,0.210584935827752,0.21106545952538
0.218658694010621,0.208396239006229,0.207041319727671,0.203982248100693,0.197251654582365,0.19725428039492,0.19725428039492,0.196606381661049,0.19661163328616,0.19649872334628
0.261714080938138,0.257390536966638,0.249095451505177,0.242819759497902,0.238912447844745,0.238996473846516,0.238342646520235,0.238342646520235,0.238337394895124,0.238030174826149
0.214668402577883,0.210828069659048,0.208663989830232,0.205302047136324,0.202203588321016,0.202208839946127,0.202208839946127,0.202056542817917,0.201029460339726,0.201029460339726
0.356176538823696,0.349542505459258,0.339631355454946,0.337922484849592,0.33226273051399,0.333405082060529,0.332339002163059,0.332528060667044,0.332528060667044,0.332105304845633
0.202752547258368,0.200330071062777,0.197403069601669,0.195116048408445,0.18752371654627,0.18769447641901,0.187699728044121,0.187445044740413,0.187329508987977,0.187297999237313
0.22669409071319,0.218019513795,0.210995444695291,0.208982779885779,0.205231683565505,0.205360368894877,0.205360368894877,0.205360368894877,0.204900687584407,0.204475305950441
0.10561603776884,0.102267326708512,0.099720288529827,0.0965994282511566,0.0928878422041759,0.0929744940185023,0.0929744940185023,0.0929744940185023,0.0928537066409564,0.0923469248177747
0.0467442535416457,0.044486588112224,0.0432467737887286,0.0410850197528689,0.0380250121673147,0.0380328896049807,0.0380328896049807,0.0380328896049807,0.0380328896049807,0.0378018181001103
0.0709625381513483,0.0696837930795959,0.0690220883156488,0.0685541141557607,0.0679657936727794,0.0680025550485542,0.0680051808611096,0.0679657936727794,0.0678686386082316,0.067350497068624
0.0630044080346367,0.060457975023689,0.0583550632932078,0.0538894946594122,0.051118431590019,0.0513407486768582,0.0511306836724305,0.0511306836724305,0.0508313410411211,0.0506974246007985
0.293528466887024,0.28359177675278,0.277867648981251,0.265555952419017,0.255891874964835,0.256551877053453,0.257534361746525,0.257300664429099,0.257292786991433,0.256402636535171
0.135484624814654,0.130298645017846,0.127575677397953,0.126520100750704,0.125976557551748,0.125997564052191,0.126002815677301,0.126002815677301,0.126002815677301,0.126002815677301
0.15928136906696,0.158895374621325,0.157729513846751,0.147977246016198,0.146632829987862,0.146590816986976,0.146551429798646,0.14654355236098,0.14654355236098,0.146435894046211
0.434266932341712,0.429628926802549,0.427974664892681,0.423888531301673,0.421698603630515,0.421665616860288,0.420176781141407,0.420171529516297,0.419945709636537,0.419945709636537
0.458173109383679,0.45780024400082,0.453565505830508,0.450036783011014,0.445835482922462,0.445529739873049,0.445529739873049,0.445513984997717,0.445290790930512,0.445290790930512
0.635096502700662,0.632391915768656,0.629361030598328,0.626513870250231,0.624531381770945,0.620837889213604,0.62077224389972,0.620176184449656,0.619496098997822,0.617256280888112
0.679951330252532,0.679268618988143,0.673384296136577,0.668858174829264,0.656356229941731,0.654924136391039,0.651917581015168,0.651914955202613,0.649194613395275,0.648168330969347
0.457337731736189,0.457025260042103,0.454651607548713,0.449888383573316,0.449229550791851,0.448935459785653,0.448670252717563,0.448496702918983,0.448349657415884,0.448233711380237
0.175283327206243,0.172221219483498,0.16711885540525,0.164493042849905,0.161466086141329,0.161242892074125,0.159444210473713,0.158566665969133,0.158400060213912,0.157696342449079
0.242767325303437,0.238295566521684,0.235568229385586,0.234567056292218,0.229761450061045,0.229997773191026,0.229961011815251,0.229961011815251,0.22848122284119,0.228061092832335
0.235350163858528,0.230142603164782,0.223152690142452,0.221005555010282,0.215084593867905,0.214948051615028,0.214948051615028,0.214672341296716,0.214569934607058,0.21455155391917
0.376483547418708,0.368395675493354,0.364200980964511,0.354644336169331,0.351189423299635,0.354181988017984,0.355219553232236,0.355398108486,0.354074698958106,0.354048440832552
0.276527397327513,0.269078397905371,0.265645106960935,0.263437926880722,0.265150161808413,0.27191589608383,0.273018347588024,0.27317850163974,0.273165372576963,0.273093983298114
0.224128835959902,0.219831652684758,0.217603876387314,0.215278083430577,0.207576739319034,0.207006917480364,0.206978033542255,0.206925517291148,0.20656069345924,0.206439906081694
0.568409725912263,0.56513439400436,0.553120193798983,0.523269792556532,0.520609803409646,0.521147397502032,0.52147492658999,0.52147492658999,0.520678156592727,0.519289553062482
0.358070898469093,0.352984412351141,0.339017941025025,0.31323722101679,0.304098552243604,0.304766185599961,0.304772134706531,0.304751128206089,0.302284013197057,0.299376807900917
0.129847169371612,0.127439904426097,0.118885007120782,0.113452293257495,0.109831287486593,0.109857545612147,0.10980502936104,0.109802403548485,0.108980524218661,0.108713388819476
0.08503794992727,0.0826233665549657,0.080782128328413,0.0759348783512453,0.0742832422539331,0.0742832422539331,0.074054796561618,0.0739996544979558,0.0739970286854004,0.0723054207461812
0.272276986338511,0.269395321172305,0.259956468687225,0.255516281198618,0.253360407034037,0.253457541584424,0.253622967775411,0.252871985384582,0.25232581637307,0.248768435271234
0.252092385739732,0.250761098774172,0.24725301320023,0.244440644868492,0.242899292898504,0.242896667085949,0.242875660585506,0.242875660585506,0.237584648286485,0.237584648286485
0.392914569483782,0.388046887402668,0.381695949454353,0.372660651536373,0.368974010708668,0.368968759083558,0.368672042264804,0.368672042264804,0.367584955866891,0.367584955866891
0.424274525747309,0.417933434596077,0.416054460571121,0.416036079883234,0.415568685248382,0.414650020108902,0.414650020108902,0.414650020108902,0.414366432352925,0.414366432352925
0.455758592682397,0.448923766714117,0.444922028379771,0.437068223026733,0.431441106720628,0.43062673557358,0.430631987198691,0.430634613011246,0.430429799631929,0.430429799631929
0.680058660340732,0.676503310140794,0.675269178239782,0.672180279023309,0.668769348513915,0.668748342013472,0.66869319994981,0.66869319994981,0.668672193449367,0.668672193449367
0.590261409771278,0.588974761619159,0.587564700276938,0.579718772361566,0.578505646960997,0.578214181767353,0.578138033203248,0.577662761130731,0.576528410106822,0.575535852960901
0.335089110017411,0.33218746405879,0.33132316144487,0.328600193824977,0.325548055984278,0.32442660836738,0.321960026726523,0.321815607035979,0.321392851214569,0.321153902272032
0.201657665479431,0.197651126831507,0.19026469559916,0.187305404849286,0.181053858009023,0.180964806037908,0.180437017714283,0.18009642110603,0.180104298543696,0.179579136032627
0.1790045549087,0.17777852610112,0.173205632507665,0.170586179342102,0.166348353790621,0.166167172724303,0.165975488407762,0.164743982319305,0.16420569074546,0.16420569074546
0.301953181329244,0.299734328691656,0.290852948520573,0.28419610340956,0.280247024925445,0.280207637737115,0.280118360110233,0.280118360110233,0.280073721296792,0.276116621775886
0.337428073065245,0.334884132524809,0.329074870986837,0.316006201898883,0.312416613564923,0.312406110314702,0.312387729626814,0.311185107476466,0.310788609780609,0.310788609780609
0.255555709415269,0.253294884805117,0.250510764472509,0.243475515155278,0.237824438309606,0.237272586875611,0.236728079511106,0.236541646819677,0.236541646819677,0.236282183716552
0.331845472487617,0.322797312190948,0.318102133686224,0.304350835390523,0.291276668507531,0.291551845457667,0.2915948226241,0.291130053801804,0.289662224583366,0.289071416758413
0.716963840381294,0.702115937117166,0.690960008362497,0.664437783505625,0.651525063066465,0.651525063066465,0.651525063066465,0.651525063066465,0.651052416806503,0.648374088000051
0.120882163224889,0.118405293732497,0.111641364703212,0.108194524155708,0.100945824997553,0.100945824997553,0.100945824997553,0.100945824997553,0.100785650431677,0.0978289854943577
0.0548085495679437,0.0538731294878026,0.0525034451421607,0.0507686292522017,0.0495817619771856,0.0495295226672466,0.0495295226672466,0.0495295226672466,0.0494297417901435,0.0492373599921432
0.0621693586137157,0.0617481003260281,0.0603764363638894,0.0589952589597777,0.0580762245654068,0.058068075315113,0.0580391913770041,0.0580391913770041,0.0579735460631205,0.0577477261833608
0.106168648226777,0.105336265646733,0.103754582837028,0.102003227405094,0.10261157483735,0.102798007528779,0.102128425327166,0.101327552497786,0.101185758619797,0.100088168971663
0.0108868291246081,0.0108868291246081,0.0106829542681381,0.0106698252053614,0.0110298474415569,0.0112329748133004,0.0115396371535349,0.0115606436539776,0.0115606436539776,0.0115606436539776
0.39294062246773,0.392774334681998,0.390102734520219,0.385743885678345,0.383884810389161,0.383890062014272,0.383892687826827,0.383892687826827,0.383317634877206,0.383317634877206
0.447986597801786,0.444127555968494,0.437178712295663,0.430801105938583,0.421792763627617,0.421787512002506,0.421624711624075,0.421566943747857,0.419581829456016,0.419516184142132
0.404371317889323,0.399920565608013,0.39029060320289,0.387840720088752,0.384723880585557,0.384694996647449,0.384618848083344,0.384621473895899,0.383972898194729,0.383972898194729
0.273760919173012,0.271985705772313,0.26921916607533,0.268537726688897,0.268101841804709,0.268099215992154,0.268099215992154,0.268104467617265,0.268104467617265,0.267794621735734
0.583083094698103,0.580307610827102,0.577781291950612,0.577508945954637,0.576143523425858,0.576143523425858,0.576143523425858,0.576148775050968,0.575387289409918,0.574770223459412
0.568352778602469,0.565742720922456,0.56175702466169,0.557421808132814,0.552049764899468,0.551973616335363,0.551411692448519,0.551393311760632,0.550860271811897,0.550860271811897
0.432577837387165,0.428382281263577,0.425412487263482,0.424398923617118,0.423052415144401,0.421012158788898,0.420910695750627,0.420666495182979,0.4205535852431,0.418820548956572
0.41261505640683,0.399910103386113,0.39684319534979,0.393623949156937,0.388346065920693,0.388353943358359,0.388277794794254,0.388280420606809,0.388280420606809,0.388220026918036
0.206741279614901,0.20312863336444,0.196262133532211,0.193173070202453,0.184029252374959,0.18403450400007,0.183308856597568,0.183006888153704,0.182242776700098,0.181764878815025
0.298139455276692,0.289339434266504,0.286721129893934,0.274916974178824,0.269101107081142,0.269101107081142,0.269087978018366,0.268410518379087,0.26684028247099,0.266827153408213
0.34367970196215,0.337879671796443,0.327977219796221,0.324602558322748,0.321070840435809,0.321068214623253,0.320669091114841,0.319287913710729,0.318321614690362,0.318178179679526
0.30440091045652,0.299299777227907,0.287116068513586,0.283739642822302,0.277075330556836,0.277075330556836,0.276896775303072,0.276820626738967,0.27640878445099,0.27633526169944
0.274811695506683,0.271734222677657,0.26875253046442,0.265127185948554,0.261226295227661,0.261210540352329,0.26110288203756,0.260974217222348,0.260863933095024,0.260635487402709
0.276327774030825,0.268839736161083,0.26409058489985,0.250323141959765,0.235266404540845,0.234053279140275,0.233139496371015,0.233042341306467,0.232601204797169,0.23044016106412
0.102372133554959,0.0996653003223692,0.0963862040659983,0.0932060886344677,0.0875466625254354,0.0866906476323928,0.0866958992575035,0.0866958992575035,0.0866932734449481,0.0848158174678762
0.0288496768963464,0.0282483658211723,0.028020191941485,0.0264928331932888,0.0244552539357423,0.0246051996282948,0.0245815673152967,0.0245815673152967,0.0245815673152967,0.0243735819338987
0.0518619570834738,0.050935014480196,0.0504542138413998,0.0499710643312163,0.0498667190533822,0.0497981761143154,0.0497325308004317,0.0496747629242141,0.0496695112991034,0.0489295757837516
0.0474042658873442,0.0465879099952596,0.0465100792699863,0.0461844785131235,0.0455236609866219,0.0455604223623967,0.0455682998000628,0.0455682998000628,0.0455682998000628,0.0455630481749521
0.131803153555417,0.130783671573724,0.130799877760589,0.13056782157601,0.132271799554064,0.133037603425918,0.134566380215465,0.134590012528463,0.134569006028021,0.134412359897766
0.244672475397304,0.235220370764484,0.23450614974943,0.23454028531265,0.234257456580614,0.234257456580614,0.234257456580614,0.234257456580614,0.234128791765402,0.234128791765402
0.463940993859744,0.461836897436488,0.450341090069186,0.440710512239245,0.431501951720933,0.431501951720933,0.431423177344273,0.431423177344273,0.429863444686398,0.427988614521881
0.42013226541293,0.418737589691151,0.413822068587545,0.409728426813761,0.409196289488092,0.409167405549983,0.409167405549983,0.409164779737428,0.408910075919559,0.408910075919559
0.398597976646542,0.393685450610382,0.391344784887218,0.387358801428204,0.385040208941834,0.385032331504168,0.385021828253947,0.385775436457331,0.385775436457331,0.385967120773871
0.52437936247445,0.521404316849244,0.515427967473277,0.513352549846525,0.504420397127985,0.504388887377321,0.504336371126214,0.504202454685891,0.503958254118244,0.50354862735961
0.603300497439663,0.602436605108955,0.599283004229985,0.595617369902723,0.59087621916412,0.590865715913898,0.590865715913898,0.590849961038566,0.590750180161463,0.590750180161463
0.773010660582149,0.77106780546112,0.767360158132973,0.766786992486126,0.76521363842562,0.765455213180712,0.765447335743046,0.765447335743046,0.765447335743046,0.765447335743046
0.312206179305605,0.305050224667471,0.300443954534738,0.293279240350033,0.286109254026056,0.286119757276278,0.285741640268308,0.285163961506132,0.285163961506132,0.284168881118459
0.205837076958636,0.201788935593038,0.196810394988103,0.190456400429861,0.185635408578247,0.185585518139695,0.184302398423197,0.180166743648528,0.18006433695887,0.17978066714625
0.310418165068699,0.300856945615709,0.298457814534868,0.293280758397916,0.285855145118845,0.285855145118845,0.283310732752715,0.283310732752715,0.281383386337092,0.279492801297243
0.538378348745099,0.526394140242502,0.519479185962964,0.502080059631391,0.488177571972151,0.485943005487552,0.484792899588311,0.484792899588311,0.482534700790714,0.480774421698924
0.354914917947495,0.346454714007457,0.338954552268806,0.335315176067097,0.331212446520173,0.331212446520173,0.331212446520173,0.33112136364716,0.329311768513315,0.329311768513315
0.368903688166171,0.363558846709765,0.359456958243425,0.355718457617752,0.353537310007326,0.353227464125795,0.353106676748249,0.352171066912123,0.351971505157916,0.351396452208296
0.280371586908539,0.278479688962413,0.277484506003937,0.27279866144228,0.268831715124292,0.268823837686626,0.268818586061516,0.26816738454779,0.268156881297569,0.268104365046462
0.334228479438236,0.332265581982312,0.329503063060804,0.32383485689104,0.320084068283174,0.319908097813645,0.319721665122215,0.319146612172595,0.319133483109818,0.318266964966554
0.16740253547495,0.161163686900092,0.154937885331368,0.145041833749249,0.139139571264249,0.139073966978687,0.139121231604683,0.139073966978687,0.138766439197302,0.138624645319314
0.0323320428414499,0.0322033780262379,0.0314602730730752,0.0313578663834167,0.0310047766513651,0.0310047766513651,0.0309443829625922,0.0309496345877029,0.0309233764621494,0.0307238147079432
0.0298239764393431,0.029237232982457,0.0291925941690161,0.0289779365568867,0.0284396449830409,0.0284493045884081,0.0284493045884081,0.0284388013381867,0.0280869424557704,0.0280055422665547
0.157100795853031,0.153730801351092,0.152056763790417,0.147214016671498,0.146481250855272,0.147204190388576,0.147453642581334,0.147456268393889,0.147440513518557,0.146179220868926
2.50568351407419e-05,2.10065004427633e-05,2.10065004427633e-05,2.10065004427633e-05,2.10065004427633e-05,2.10065004427633e-05,2.10065004427633e-05,2.10065004427633e-05,2.10065004427633e-05,2.10065004427633e-05
0.528804964394879,0.525787905768787,0.515933231248576,0.51178235496675,0.506587718194174,0.506582466569063,0.506527324505401,0.506346143439082,0.505243302165837,0.503715079258626
0.603086165489833,0.597248245669519,0.583755712995483,0.576826891143386,0.566796287181967,0.566796287181967,0.566793661369411,0.566793661369411,0.566717512805306,0.565893007662928
0.486405353638899,0.479615740880557,0.477278767706299,0.469100141134501,0.463838012773589,0.46415311028023,0.464076961716125,0.464195123281116,0.463667334957491,0.462771932876118
0.563374853422352,0.553551688652805,0.550459589227279,0.547150203812799,0.542508546753051,0.54211992649486,0.54211992649486,0.542109423244639,0.542109423244639,0.542109423244639
0.721282071185202,0.715006215064642,0.703207290460482,0.697220437834294,0.695981054308171,0.695981054308171,0.695981054308171,0.695981054308171,0.695802499054408,0.694301354839174
0.620440447866359,0.618405237994361,0.615474831182595,0.61522615852794,0.605610432950265,0.605615684575376,0.60560780713771,0.60560780713771,0.60560780713771,0.605024876750423
0.382793333960882,0.378214204062608,0.369648106025611,0.366134768826559,0.363087349242796,0.363087349242796,0.363087349242796,0.363087349242796,0.361162628639728,0.361154751202062
0.191671843930577,0.185096091296371,0.181403583418738,0.174053298137348,0.171461990400113,0.171454112962447,0.170852801887273,0.170781904948278,0.169710573425697,0.169710573425697
0.319308550956281,0.315873270138269,0.313141645542607,0.312207553754364,0.307792311485033,0.307792311485033,0.306978309592876,0.306967806342654,0.306967806342654,0.304980066238258
0.610541339674313,0.598629915413485,0.569554949441284,0.557278660320227,0.55408788778227,0.554085590196284,0.554064583695842,0.553933293068074,0.55397530606896,0.553728479688757
0.237971688954311,0.234064479871957,0.229069302282785,0.220442359245482,0.216038871590168,0.214867759190484,0.214867759190484,0.213827937418567,0.213176735904841,0.21172728737429
0.553696313484954,0.539851716786896,0.527675618826153,0.516813452851113,0.509462490602423,0.511276270625028,0.510827256678064,0.506281975144761,0.506284600957317,0.505347185875058
0.33569304690514,0.327872207808168,0.325943897226997,0.321147604424731,0.329464311811452,0.336132932050642,0.337137346381383,0.337549598952572,0.336357480052446,0.33555923303562
0.267869231737795,0.26406898348875,0.260654401458771,0.260383942765571,0.256405980343347,0.256369218967572,0.255602481701411,0.255602481701411,0.255481694323865,0.254767473308811
0.225551964822418,0.221126732156879,0.220352425165461,0.216743840718796,0.214931886456484,0.214643047075396,0.214256909030636,0.214186012091641,0.214139034663893,0.213997240785905
0.267759480978646,0.263529296951984,0.260200648740711,0.258068488945771,0.252829521072163,0.25276563997609,0.252689491411985,0.252689491411985,0.251040481127228,0.249044863585166
0.0553177520620748,0.0545720212963567,0.0499707207190264,0.048419937363708,0.0477004647235434,0.047538536196937,0.047538536196937,0.0474755166956087,0.0474755166956087,0.0467068972552138
0.171239811783858,0.169076142238253,0.165184688031231,0.160878355440465,0.158764001936915,0.159088187216697,0.1591182712332,0.1591182712332,0.159026367793763,0.157985797254985
0.118589562179984,0.117235278840404,0.115620722088356,0.113569808626427,0.114826147106276,0.11712221504432,0.119034904092203,0.119302736972848,0.119247594909186,0.119129433344196
0.133872375905671,0.133486381460036,0.13310911578973,0.129246545520817,0.129019905074634,0.129019905074634,0.129019905074634,0.129019905074634,0.129019905074634,0.129019905074634
0.381413387406406,0.376978390000427,0.374266746197179,0.372467408143628,0.369501019494191,0.369490516243969,0.369490516243969,0.368224874592293,0.368319403844285,0.3668778327514
0.579051939057472,0.571108856077552,0.562526223627121,0.559097568882979,0.555213171547199,0.555081880919432,0.554887570790336,0.554887570790336,0.554887570790336,0.554698512286352
0.533347209832415,0.529623807628935,0.523035069531077,0.517956748049039,0.515302051555584,0.515302051555584,0.515302051555584,0.515291548305363,0.504974730775411,0.501366864324366
0.577024114283285,0.572595065983878,0.568000796635089,0.563713993525203,0.56129073779151,0.56129073779151,0.56129073779151,0.56129073779151,0.5609913951602,0.560484613337019
0.78844174040349,0.78197977981807,0.777866854733333,0.770441056826816,0.764070835567548,0.764070835567548,0.764070835567548,0.764070835567548,0.764070835567548,0.763586865490941
0.294497596861553,0.292586005321261,0.290012565417898,0.288671390626935,0.284382864327559,0.284382864327559,0.284382864327559,0.280769746251404,0.278461657015255,0.278445902139923
0.320833512111959,0.308628160958217,0.294507648800241,0.288709259767381,0.279750541210879,0.279692773334661,0.279692773334661,0.271343202262677,0.271343202262677,0.270350645116757
0.150980078071922,0.146952963720928,0.142720666735725,0.141134675952297,0.140110609055712,0.140110609055712,0.140110609055712,0.14009171551381,0.140023444387371,0.139844889133608
0.300782643326056,0.298697235303097,0.295349878177368,0.291015687356522,0.288094963228555,0.288076582540667,0.288076582540667,0.288076582540667,0.287982053288675,0.287992556538896
0.314829817359928,0.309968022842903,0.306271596760597,0.299342077427041,0.298360433814553,0.298150040583556,0.298150040583556,0.298034504831121,0.298034504831121,0.298034504831121
0.19725565484368,0.18995452149106,0.179102776709598,0.174037850974425,0.169493810547838,0.169271313962093,0.168081820874522,0.167307206170695,0.167267818982365,0.165788389006114
0.719157460601358,0.707676505486322,0.703571293725967,0.695544266800918,0.683062548875726,0.683111741832818,0.683116993457928,0.683057256222294,0.681254841044656,0.680453968215275
0.764187520112977,0.758552608425848,0.745370783228087,0.743666877049595,0.743574070987092,0.752568217498931,0.756984752160379,0.756035520921622,0.754494251008277,0.751114830249547
0.19499318910068,0.190756686712557,0.189898866573383,0.189877408761407,0.194431183157194,0.198735997700077,0.199363177131753,0.199776106670242,0.199432043168849,0.198539266900032
0.243487126170171,0.240456384598967,0.239506353307947,0.238247768527513,0.240591511374764,0.243896547787199,0.244043901002708,0.243587009618077,0.243560751492524,0.24352924174186
0.18295414624683,0.180336765011487,0.176144265497827,0.174976414849676,0.173540567207596,0.174340065588217,0.174376826963991,0.173906806516585,0.173864793515699,0.17368361244938
0.0483324342117172,0.0472330136747503,0.0461155817047865,0.0439309672012209,0.0431694815601707,0.0431721073727261,0.0431721073727261,0.0431721073727261,0.0431537266848387,0.0427546031764262
0.215498036260409,0.214268355932244,0.209228888270361,0.206243339394933,0.205127430601393,0.205235088916162,0.204898984909078,0.204883230033746,0.203394394314865,0.203378639439533
0.186626611789568,0.184619855058306,0.182450995430073,0.180775891133047,0.182251597789151,0.186007248253076,0.187443875433259,0.187464881933702,0.187816740816118,0.187551533748028
0.000861266518153294,0.000861266518153294,0.000861266518153294,0.000861266518153294,0.000903279519038821,0.000940040894813656,0.000968924832922456,0.000968924832922456,0.000968924832922456,0.000968924832922456
0.343929400324835,0.343406863626321,0.341953107122047,0.337729118371883,0.333477927844779,0.333470050407113,0.333381695917458,0.333381695917458,0.333263103555095,0.333011025549782
0.460442385827994,0.456001029032233,0.448588360188493,0.44316868307426,0.437438462597036,0.437435836784481,0.437367565658042,0.437367565658042,0.434983327857788,0.434311899381722
0.496261546206994,0.493468789412778,0.488556468518223,0.480794566604622,0.479385982281964,0.479383356469409,0.479333466030857,0.479333466030857,0.478931716709889,0.478550235379583
0.313682850127257,0.30911059247278,0.308438384458611,0.305138476586323,0.303846576809093,0.303828196121206,0.30382031868354,0.30382031868354,0.30382031868354,0.302846142225507
0.492806305110729,0.488662772898393,0.478637420562085,0.47430745565832,0.474210300593772,0.474205048968662,0.47419454571844,0.47419454571844,0.473251879011071,0.473251879011071
0.107195022966428,0.106598030122058,0.10425580532269,0.1039905982546,0.100109647297799,0.100083389172246,0.100078137547135,0.0988124958954587,0.098799366832682,0.098799366832682
0.0978849276102829,0.0977326304820729,0.0977326304820729,0.097680114230966,0.095668311016199,0.095668311016199,0.0956131689525368,0.0955606527014299,0.0955606527014299,0.0955212655130997
0.0755997231240883,0.0748776246713684,0.0736544063037892,0.0718921424669625,0.0707267073612214,0.0705857545638169,0.0701262373666314,0.0699319272375359,0.0697848817344365,0.0694198937892435
0.156589059860067,0.155919477658454,0.153616640047416,0.153007451534576,0.152103813017727,0.152103813017727,0.152053922579175,0.151946264264406,0.151809722011528,0.151809722011528
0.0954560612536687,0.0931428742486138,0.0917249354687273,0.0915227479019657,0.0870746214332106,0.0870746214332106,0.0870746214332106,0.0870746214332106,0.0870614923704338,0.0870614923704338
0.25451373365649,0.249590396657699,0.243459124340968,0.235143175978189,0.231375134961268,0.231401393086822,0.230760694823318,0.230763320635873,0.230687172071768,0.230184123825813
0.614037609091755,0.607555011260783,0.604774398849636,0.59791183773624,0.590639649864211,0.590910108557412,0.590579256175438,0.59001995810115,0.588784308152254,0.588482339708389
0.696709307009068,0.684325933969738,0.677219541543586,0.666108333659,0.655595072527251,0.655392679818883,0.654780865493488,0.653822443910787,0.653410191339597,0.653037325956738
0.480812742150904,0.470373249940632,0.464655132818155,0.462459173983784,0.464591210693761,0.471672822013922,0.473372256105405,0.473609153631883,0.472193840664552,0.471243296519517
0.236981244766931,0.234599632779233,0.231249075444451,0.229955616591017,0.230319989111392,0.231816620211296,0.232449317952171,0.23210008488231,0.232084330006978,0.231995052380096
0.172627563976438,0.171637642900153,0.17020657505749,0.167467852562264,0.16675361103305,0.166766740095827,0.166766740095827,0.166504158840292,0.166504158840292,0.166483152339849
0.0951071564103772,0.0943167868312182,0.0940331990752409,0.0937538372363449,0.0932686260530221,0.0932870067409096,0.0932082323642492,0.0931898516763618,0.0931347096126995,0.0931347096126995
0.135088845114417,0.133724848319798,0.132438200167679,0.131477152772423,0.129551724430814,0.12948607911693,0.129488704929486,0.128409495969239,0.128207308402477,0.128112779150485
0.160280213803101,0.159294108360686,0.152309580305511,0.150865383400071,0.150194683176706,0.151033814915584,0.151214995981903,0.151057447228582,0.150918279163149,0.150721343221498
0.0853001516708337,0.0844388851526804,0.0832126306893341,0.0818078209722243,0.0804697694622101,0.0819251927420322,0.0825959596364193,0.0822834879423332,0.0821128101262357,0.0820786745630162
0.359783584708317,0.359783584708317,0.3563857832617,0.35083723619065,0.35083723619065,0.352567646664622,0.352567646664622,0.350083627987265,0.349603514572849,0.349603514572849
0.383355586074295,0.383268934259969,0.382457558180367,0.37988709283029,0.379678135590534,0.379678135590534,0.379328902520673,0.379328902520673,0.379328902520673,0.378814243259825
0.463224803485273,0.459603807971452,0.458132286204108,0.455456583210211,0.454644099365937,0.453911497662996,0.45390887185044,0.45390887185044,0.453113250646171,0.45284279195297
0.343587511324465,0.343154252252833,0.337432606694735,0.330774325592482,0.32649568711851,0.326490435493399,0.326490435493399,0.326490435493399,0.326490435493399,0.326490435493399
0.457823794257176,0.456623797919383,0.45489338744541,0.443917490964067,0.441502974262784,0.441489845200007,0.441481967762341,0.441474090324675,0.441474090324675,0.440707353058514
0.0843373195436061,0.0841386911837066,0.0833982120430992,0.0832590439776659,0.081975021638102,0.081975021638102,0.0819513893251039,0.0818726149484435,0.0818726149484435,0.08024986278924
0.0518288318426633,0.051765812341335,0.0515583731494627,0.0515373666490199,0.0512590305181533,0.051256404705598,0.0512485272679319,0.0512485272679319,0.0512485272679319,0.0512091400796018
0.078957332201572,0.0788995643253544,0.0785713377559362,0.0777760601638564,0.07594061718767,0.0758688740395514,0.0755065119069137,0.0754119826549213,0.0753962277795892,0.0752754404020433
0.1174365637841,0.117137221152791,0.114981429044852,0.113272025071322,0.112291160996937,0.112291160996937,0.112291160996937,0.112288535184382,0.112288535184382,0.112254399621162
0.15671112937265,0.152916173777037,0.149738417473974,0.147141488856737,0.144358127548071,0.144371256610848,0.14431348873463,0.143793423992467,0.14374090774136,0.14370152055303
0.321317256532799,0.316349691003779,0.314464357589041,0.312455610984202,0.310859116950552,0.309519952547326,0.309304635917788,0.309299527891801,0.309064415097295,0.30898826653319
0.495979927810433,0.489646344841976,0.486335851662825,0.479728240537225,0.475916873613141,0.475908996175475,0.475811841110927,0.475533504980061,0.474778706955362,0.474647416327595
0.63864454985943,0.630823936418225,0.619896945695724,0.61185055340308,0.609469761981805,0.608802805592747,0.608802805592747,0.608269765644012,0.607542415566181,0.605433888084239
0.662427888107792,0.648250387611701,0.634931322679602,0.617649003978421,0.602415762721797,0.605477501189651,0.605202980692653,0.605367832487144,0.60442779159233,0.59929432804663
0.168759670282852,0.163823881188584,0.15913741094503,0.156158498400552,0.155832066820186,0.157287351629424,0.156961822672123,0.156982829172566,0.156982829172566,0.157045848673894
0.275523208652539,0.274000134799636,0.270359938031503,0.268748222490697,0.270270106522286,0.273505456331201,0.27541031922682,0.276174430680425,0.276174430680425,0.27613766930465
0.329881241611255,0.327776509249022,0.325161199943898,0.322111031462616,0.321959493358348,0.322147382555179,0.322098948622029,0.322054309808588,0.322054309808588,0.322014922620258
0.215375033353519,0.214131444424476,0.212282872385512,0.212113281819926,0.211043304231944,0.211195601360154,0.211158839984379,0.211087943045385,0.211082691420274,0.210764968101078
0.088406964878041,0.0871050849616847,0.0853615505534755,0.0836566032813335,0.0818227347669722,0.083113060082377,0.0837169969701065,0.0838377843476523,0.0837826422839901,0.0836382225934461
0.216841672750643,0.209371502714773,0.20801920924877,0.204246183290827,0.203148593642692,0.203865440470302,0.204239762358562,0.204108471730795,0.203952482053679,0.203752920299473
0.011017272261116,0.0101725311814519,0.0101725311814519,0.0101830344316733,0.010188286056784,0.010188286056784,0.010188286056784,0.010188286056784,0.010188286056784,0.010188286056784
0.465668532351234,0.463850731553154,0.458895823261217,0.457527774919882,0.45211860105587,0.45211860105587,0.45211860105587,0.45211860105587,0.448862593487242,0.448193011285629
0.240840060944456,0.240493453687151,0.237458014373171,0.233838085595701,0.233578130152721,0.233578130152721,0.233562375277389,0.233562375277389,0.233562375277389,0.233562375277389
0.414692648534605,0.41469002272205,0.408352377949797,0.405634661955014,0.40457645949521,0.40457645949521,0.404568582057544,0.404560704619878,0.404560704619878,0.404135322985912
0.428173693278712,0.426170198298983,0.418396521257205,0.416387774652365,0.415342701255338,0.415340075442782,0.415148391126242,0.415074868374693,0.413775337329724,0.412895690123683
0.337551281113741,0.336409052652165,0.330028328142676,0.327942961148038,0.325690403744603,0.325682526306937,0.322875532685273,0.322841397122053,0.322720609744507,0.322720609744507
0.100259369898855,0.0992873884560053,0.0951386046185596,0.0927123538174204,0.0874708421878998,0.0874708421878998,0.0874288291870143,0.0872790450434763,0.0872790450434763,0.0872659159806996
0.0776851362755875,0.0775564714603755,0.0775092068343793,0.0774479669364821,0.0771092371168425,0.0771039854917318,0.0770120820522947,0.0769990658174013,0.0769990658174013,0.0769990658174013
0.0974956098706318,0.0966711047282533,0.0963770137220546,0.0958868381118695,0.094804613570016,0.0947205875682449,0.0947205875682449,0.0946050518158097,0.0943923609988268,0.0943923609988268
0.0371545168411666,0.0369313227739622,0.0368525483973018,0.0367553933327541,0.0352140413627663,0.0352140413627663,0.0352140413627663,0.0352140413627663,0.0352061639251003,0.0352061639251003
0.315683309011218,0.311043990565777,0.297243109543933,0.291107693366762,0.28755496897938,0.285890203819291,0.283240758950947,0.282689338314325,0.282085401426595,0.281922601048164
0.325624881515683,0.320660741851481,0.315695638021732,0.30977067661804,0.308000735356613,0.307945593292951,0.307945593292951,0.307809051040073,0.307722399225747,0.307719773413191
0.392239284345525,0.388382540098219,0.384250208617566,0.380617766202136,0.377413331233227,0.377413331233227,0.377331931044012,0.377331931044012,0.377331931044012,0.377190137166023
0.472121343621032,0.469593547724979,0.465903460518295,0.45956368227334,0.453653470551112,0.453327869794249,0.453327869794249,0.452414087024989,0.452390454711991,0.452238157583781
0.457231591469303,0.451531485779823,0.443279910852972,0.434946238255444,0.4296683550192,0.428289762399322,0.42591077622418,0.425553665716653,0.425012748330251,0.424884083515039
0.35030403212863,0.345370130337136,0.338760939621171,0.335004919902355,0.322640030121715,0.32477793388162,0.324702175086567,0.324528871457914,0.323980076633847,0.323218590992796
0.146992997105316,0.144636586763901,0.142323984412423,0.141378158524323,0.140467288765867,0.141060712146295,0.140751450918341,0.140165894718498,0.139840293961636,0.139396531639782
0.393894243736853,0.392428630047758,0.390997562205095,0.388757744095386,0.384774099250678,0.385848056585815,0.386094308569521,0.385939385628755,0.385847482189318,0.385787088500545
0.40923666135613,0.406709111630004,0.403839344676939,0.402500180273713,0.399625448893785,0.399964588996636,0.399961963184081,0.399922575995751,0.399906821120419,0.399791285367983
0.17960953801862,0.170073981780525,0.166730286432461,0.164361803507539,0.164344479298922,0.164285213888981,0.16438762057864,0.164390246391195,0.164390246391195,0.164321975264756
0.0820049723125614,0.0768277879621066,0.0749004415464831,0.0745596090253832,0.0749245969705762,0.0749718615965724,0.0749508550961296,0.0749508550961296,0.0748941385706422,0.0748626288199781
0.0401440787992594,0.0371874548902617,0.0371664483898189,0.037182203265151,0.0358115291112607,0.0359008067381424,0.0359034325506978,0.0358929293004764,0.0358929293004764,0.0358719228000336
0.112754924625365,0.107506161240076,0.103730242785489,0.101435282612117,0.100755197160283,0.100731564847285,0.10099939772793,0.100891739413161,0.100760448785393,0.100686926033844
0.0224004889401626,0.0218733109128156,0.0217866590984892,0.0216947556590522,0.0216579942832773,0.0218234204742641,0.0217971623487106,0.0217157621594949,0.0215818457191723,0.0214531796218253
0.0350130307959685,0.0342051395593967,0.0337036093613258,0.033401640917461,0.0329615762730538,0.0332819254048059,0.0333344416559128,0.0333423190935789,0.0333423190935789,0.0333423190935789
0.137070974595892,0.137070974595892,0.136144042249695,0.134824930438444,0.134801298125446,0.134801298125446,0.134801298125446,0.134801298125446,0.134480948993694,0.134480948993694
0.167438989138316,0.168694127539771,0.166976856385656,0.165533623645763,0.161697311502404,0.161689434064738,0.161689434064738,0.161689434064738,0.161686808252182,0.161686808252182
0.115623460728795,0.114814710461748,0.114569391872349,0.113871346272919,0.112184661732241,0.117580706533476,0.117580706533476,0.117575454908365,0.117575454908365,0.116779833704096
0.549387149940027,0.545630350683109,0.538035023753487,0.532479912151048,0.526912820278825,0.526912820278825,0.526907568653715,0.526891813778383,0.526834045902165,0.526834045902165
0.524669473733494,0.523057922305972,0.520562046443795,0.51257695046299,0.503859252779243,0.503851375341577,0.503846123716467,0.503846123716467,0.499838887587082,0.49974435833509
0.334922637604234,0.334358087904835,0.33047976276059,0.327016767311622,0.324089191454018,0.323999913827136,0.322652871986244,0.322623988048135,0.320977603575933,0.320914584074605
0.229260904542682,0.222919998018896,0.216329864958117,0.211432724542398,0.204432308269847,0.203662945191131,0.203662945191131,0.203662945191131,0.203405615560707,0.202373671226457
0.0774473976685257,0.0773266102909799,0.0771480550372164,0.0737518126668042,0.0732135210929583,0.0731898887799602,0.0731898887799602,0.0731898887799602,0.0731898887799602,0.0731898887799602
0.0778569372419771,0.0770875741632609,0.0755094608174983,0.0735742369642088,0.0704558229991886,0.0704558229991886,0.0704558229991886,0.0704453197489672,0.0704453197489672,0.0700173123024459
0.0627583201642154,0.062017841023608,0.0603740823639618,0.0589718984594074,0.0588222271437527,0.0588222271437527,0.0570498036688945,0.0561360208996343,0.0561360208996343,0.0561360208996343
0.198544580067624,0.195884344750811,0.187808350524437,0.184279689247425,0.178888670415535,0.178920180166199,0.17893068341642,0.17893068341642,0.17893068341642,0.17718189225456
0.483091742307338,0.472364518480649,0.465224564887774,0.456721732522033,0.448074439437427,0.448008794123543,0.447985161810545,0.447888006745997,0.447885380933442,0.447706825679678
0.42160050491458,0.41792239797768,0.41472940991038,0.40984933727627,0.405114176672559,0.404757066165032,0.403654224891787,0.40360170864068,0.403549192389573,0.403459914762692
0.375972826876693,0.372661677244403,0.367842203440672,0.359117736083931,0.352697706442754,0.351482775796053,0.351207065477741,0.351209691290297,0.351209691290297,0.351209691290297
0.289599717936052,0.284569891929646,0.272815749738051,0.269533484043869,0.265009311581812,0.263554467827026,0.260610931952484,0.260600428702263,0.260542660826045,0.259747039621776
0.559478024505256,0.549350265479288,0.528828924934446,0.514157279338096,0.501216864782142,0.502997247751309,0.502650230210791,0.502807778964112,0.502692243211677,0.499010854009083
0.151486572696856,0.149136470459821,0.147937407516335,0.145487996227892,0.143362565077624,0.143130949947498,0.143264230448843,0.143335127387837,0.143335127387837,0.142237537739702
0.231932935501834,0.225011498747549,0.221495228023533,0.215780249567627,0.212132995928252,0.211880917922939,0.211644594792958,0.211368884474646,0.210988141654121,0.210988141654121
0.146244158444269,0.138741668348392,0.13846070640497,0.13830840927676,0.137776569406419,0.137705672467425,0.137705672467425,0.137700420842314,0.137122742080138,0.137101735579695
0.323504107079869,0.31039728165322,0.307436185657214,0.308111019483938,0.309934748874428,0.310990325521677,0.311040215960229,0.310727744266143,0.310688357077812,0.310688357077812
0.0879057218782183,0.0823850945797287,0.0808384909846302,0.0764625897467675,0.0740389647581837,0.0738623737352966,0.0733687209748917,0.0733687209748917,0.0729906039669219,0.0729046137342745
0.0474851942508664,0.0431760101917781,0.0430657260644536,0.0423016171751181,0.0416267833483944,0.0416399124111711,0.0416530414739478,0.0416346607860604,0.0416346607860604,0.0415926477851749
0.065141788683447,0.0608930136987521,0.0586145879388146,0.0575327531660123,0.056884177464842,0.0567450093994087,0.0566819898980804,0.0565323185824257,0.0564824281438742,0.0561962145753415
0.237367526410815,0.227458838105774,0.225496863787076,0.220471058556145,0.220552704915288,0.221508993025288,0.221834327098063,0.221915727287279,0.221689907407519,0.221529732841643
0.159296190547986,0.155117681691847,0.153337873119177,0.151898927838848,0.154037385481089,0.156347608189939,0.156830378188151,0.156856636313705,0.156748977998936,0.155974363295109
0.159136846805613,0.158945162489073,0.158945162489073,0.157758295214057,0.155591999855897,0.155591999855897,0.155591999855897,0.155591999855897,0.155589374043342,0.155450205977909
0.185062017275634,0.184867707146538,0.182270778529302,0.180327677238346,0.180138618734361,0.180138618734361,0.180138618734361,0.180138618734361,0.17507867794021,0.17507867794021
0.314710076204572,0.314001106814629,0.310999803063869,0.310936783562541,0.307141150999628,0.307138525187073,0.307125396124296,0.307125396124296,0.307125396124296,0.307125396124296
0.709149422216586,0.703219598956835,0.696224434309395,0.689730799860026,0.687714791242338,0.687712165429783,0.687709539617227,0.687701662179561,0.687701662179561,0.683980885788637
0.550944502955274,0.545740347612185,0.545128533286789,0.545128533286789,0.542600573277452,0.54259007002723,0.54259007002723,0.54259007002723,0.542574315151898,0.542574315151898
0.518175552085877,0.509073911372553,0.506448098817208,0.502401721669421,0.484279430148777,0.484276804336222,0.484276804336222,0.484276804336222,0.48262516823891,0.48057703444574
0.188359217278724,0.183572360990329,0.173094712441362,0.171926851536132,0.168660340717282,0.168557934027623,0.168555308215068,0.16743146044138,0.167242401937395,0.167242401937395
0.134891621974518,0.131034303330715,0.130770542510947,0.129469206219846,0.129046450398436,0.129046450398436,0.129046450398436,0.12904382458588,0.12904382458588,0.129028069710548
0.171334125637164,0.169884677106613,0.163161427657775,0.161459901121911,0.159660552811281,0.159610662372729,0.159610662372729,0.159605410747619,0.159555520309067,0.159216790489427
0.0937967631173766,0.0903910842330936,0.0896322244045988,0.0869250116600376,0.0869250116600376,0.0869250116600376,0.0868068500950471,0.0866361722789497,0.0866256690287283,0.0862317971454265
0.0494565845692737,0.0493121648787297,0.047993299237406,0.047289355816807,0.0456193390316073,0.0456193390316073,0.0456193390316073,0.0456193390316073,0.0437733928051995,0.0437733928051995
0.398270365501942,0.390837592780825,0.375559138314263,0.367784353507812,0.363735883915645,0.363691245102204,0.363192340716688,0.362202409383323,0.361338517052615,0.360527140973013
0.276445156057713,0.274126871283752,0.271155128438401,0.269966066148202,0.26687755670078,0.26687755670078,0.266856550200337,0.266856550200337,0.266735762822791,0.266662240071241
0.400337413351174,0.394324302599433,0.390569308588647,0.386551610237362,0.385457795194776,0.385294297334885,0.38491355451436,0.384705910180882,0.38412700056907,0.384011464816635
0.224247387293944,0.215856069905162,0.206274131149977,0.201760626051426,0.193930453011386,0.193142668216461,0.19123107667617,0.189718813785896,0.18780845309524,0.185886358304727
0.462351064357482,0.446981568046228,0.436719154070156,0.430608683112262,0.426748820712546,0.42706921087262,0.426706848739982,0.426664835739097,0.426261076030391,0.426261076030391
0.445737179064921,0.438458549746467,0.432682418577846,0.428223009320767,0.416936241249863,0.417685172224633,0.417333928767034,0.41675977844048,0.41516853603194,0.414942716152181
0.327739891472371,0.312671707151843,0.30571094475171,0.302902535652965,0.301728469214156,0.30188786424193,0.301365327543416,0.300629197404853,0.300629197404853,0.300629197404853
0.108843766567097,0.0993870770193858,0.0984207779990187,0.097336317413661,0.0972102784110044,0.097199775160783,0.0970422264074623,0.0970422264074623,0.0970028392191322,0.0969975875940215
0.0804819907733808,0.0764033089512065,0.0759880356698706,0.0759298677675216,0.075947135562197,0.076220220067953,0.0762412265683957,0.0760206583137467,0.07600752925097,0.0759219903298555
0.169822991025723,0.163705883736878,0.1620833264622,0.16230951559685,0.164907695577883,0.167447102488829,0.168127187940664,0.168161323503883,0.167856729247463,0.167424321513495
0.119087615227836,0.106192742108388,0.105066268522145,0.102443081779355,0.0989927640816313,0.0983098476756356,0.0977925626022326,0.0977584270390131,0.097369806780822,0.096952302584522
0.0530398494132324,0.0481910095886191,0.0474523767224647,0.0473891469509904,0.0460000921092127,0.0458924337944435,0.0454618005353668,0.0454618005353668,0.0454618005353668,0.0454618005353668
0.0437161941969382,0.0394790353556766,0.0388330854670616,0.0382422776421089,0.0373206174351827,0.0373258690602934,0.0370009042424088,0.0370009042424088,0.0369904009921874,0.0369904009921874
0.0750184697694298,0.0693561409066742,0.0675994723071481,0.0676300845632865,0.0662031759666826,0.0665108268330304,0.0665239558958071,0.0665239558958071,0.0665239558958071,0.0665239558958071
0.155375708803731,0.146491118166515,0.142392224767621,0.141270407895832,0.141304451145328,0.141808166101502,0.141829172601945,0.141703133599288,0.140453246822944,0.140395478946726
0.236356301378759,0.234660026468005,0.233013641995804,0.232919112743811,0.232866596492705,0.232866596492705,0.232866596492705,0.232866596492705,0.232630273362723,0.232630273362723
0.215151080262373,0.213915696997565,0.208595800760435,0.206455763527829,0.202369999191711,0.202364747566601,0.202364747566601,0.201889475494083,0.202354244316379,0.202608948134248
0.134011584999426,0.129185341522701,0.126963904100879,0.126908762037217,0.126751213283896,0.126751213283896,0.126651432406793,0.126688193782568,0.126688193782568,0.126688193782568
0.260705132977907,0.251443892095204,0.249498164991693,0.249345375523629,0.249160604479207,0.249152727041541,0.248212686146727,0.248212686146727,0.248212686146727,0.248212686146727
0.397273541410619,0.390835049024912,0.384879008667929,0.381857149728259,0.37214369468954,0.3718049648699,0.371739319556017,0.371739319556017,0.371739319556017,0.371739319556017
0.526534539157571,0.525003321182914,0.480031029547513,0.476672163977693,0.458901280027933,0.458856641214492,0.458856641214492,0.457123604927964,0.456343738599027,0.455540239957091
0.450626442042974,0.436268498990345,0.429131540464917,0.412084765355614,0.399092244831765,0.397251550230468,0.397251550230468,0.39722791791747,0.397138640290588,0.396729013531954
0.15428347335151,0.150478670958815,0.144720264024942,0.143246557499495,0.141289116810288,0.140601153920788,0.140601153920788,0.140601153920788,0.140601153920788,0.140601153920788
0.109641972555601,0.105606098658035,0.105528493588528,0.103538127671577,0.102642725590204,0.102642725590204,0.102642725590204,0.102626970714872,0.102078175890805,0.101923252950039
0.11204938110024,0.108780244468835,0.108290386828139,0.103823151418795,0.102796458709655,0.102757071521325,0.102749194083659,0.102662542269332,0.102662542269332,0.102662542269332
0.156820798075156,0.154236998520697,0.149941702548327,0.147711874834824,0.143090444737416,0.143090444737416,0.143090444737416,0.143090444737416,0.143090444737416,0.143090444737416
0.0238990227284617,0.023825499976912,0.0238071192890246,0.0237966160388032,0.0221712380670444,0.0221712380670444,0.0221712380670444,0.0221686122544891,0.0221686122544891,0.0221686122544891
0.32805802507478,0.324491576713964,0.321897273909282,0.317087667416795,0.312915251266351,0.312875864078021,0.312699934636813,0.312699934636813,0.31260015375971,0.311846545556326
0.315579322731194,0.312982394113958,0.31004878709314,0.304474228066463,0.301212968872724,0.30129436906194,0.301296994874495,0.301296994874495,0.301100058932844,0.300375334667569
0.235361631274297,0.232189341995031,0.22874119879833,0.225935312941337,0.224177351949694,0.224190481012471,0.22362310035891,0.223181963849612,0.223179338037057,0.222367961957455
0.25469565323259,0.251724669411181,0.247972383269592,0.245052684849654,0.237886780843634,0.237976058470516,0.236500556956018,0.235468612621767,0.23536626747459,0.235059047405615
0.274192393512672,0.269876070525699,0.260688352394546,0.257282796595226,0.245777245001644,0.246000439068849,0.245913787254522,0.245976806755851,0.243562372111211,0.243562372111211
0.452692382127534,0.431702334041563,0.424935533029796,0.411693847511437,0.406961066550354,0.407845965381505,0.407806578193175,0.407940494633498,0.407940494633498,0.407798700755509
0.287370238963279,0.274037860340958,0.268938799042565,0.266955818223425,0.266113137534765,0.268832535690716,0.270093438571296,0.270346008916464,0.269589774900524,0.268303126748405
0.168667869414218,0.15714539363815,0.155183911659307,0.154194913720249,0.152832260603149,0.152832260603149,0.152656331161941,0.152609066535944,0.152341233655299,0.152341233655299
0.098766851888149,0.09449597802396,0.0923914610604127,0.0919424471134486,0.0909971545935243,0.0909971545935243,0.0907634572760985,0.0907634572760985,0.0897814033803993,0.0895844674387484
0.0876034764931856,0.083970239154033,0.0835803931747467,0.0836518029677558,0.0858448487913233,0.0871289019021281,0.0874555181099401,0.0874712729852721,0.0874712729852721,0.0873767437332797
0.195590110145488,0.18716822665743,0.185041482600884,0.187580458714458,0.21071452378019,0.224646182575787,0.228929990618227,0.229612701882617,0.229612701882617,0.227593452027556
0.0903771551180539,0.0831131216248588,0.081801502610763,0.0843025839411894,0.0988891162852572,0.105100998996022,0.10614993931232,0.106210333001093,0.106139436062099,0.106050158435217
0.0472661543011812,0.0428273540826837,0.0416299835574462,0.0407424589137394,0.0392746296953014,0.0392772555078567,0.0389726612514366,0.0389490289384385,0.0389280224379958,0.0388807578119995
0.0236827444976458,0.0213491484670753,0.0213176387164111,0.0211942255263099,0.0204721270735899,0.020419610822483,0.020419610822483,0.020199042567834,0.0201937909427233,0.0201596553795038
0.0957713741589963,0.0900042076785525,0.0886733207391239,0.0880536289760623,0.0880089901626215,0.088582155809468,0.0886031623099107,0.0880097286724027,0.0879887221719599,0.0879782189217385
0.0406003265521011,0.0402012030436886,0.0402012030436886,0.0400384026652572,0.0400357768527018,0.0400357768527018,0.0400357768527018,0.0400410284778125,0.0400410284778125,0.0400410284778125
0.125902080891731,0.125081452925704,0.121726413246834,0.117777191163594,0.117533821419451,0.117533821419451,0.117533821419451,0.117533821419451,0.117371021041019,0.117239730413252
0.270050379348221,0.26575192419512,0.265357313802037,0.264575580684486,0.264498591039797,0.265134037678191,0.265081521427084,0.265078895614528,0.265062197087809,0.265046442212477
0.293141631360804,0.29143485319983,0.287183662672726,0.287055490197368,0.284976810819082,0.28606652302955,0.28606652302955,0.28606652302955,0.285649962484637,0.285649962484637
0.299480383897729,0.294469759145634,0.288845535336172,0.288735251208847,0.287052105360871,0.287052105360871,0.287052105360871,0.287052105360871,0.287041602110649,0.290342248492718
0.492409109933411,0.481018376096644,0.478621050261935,0.465901614243842,0.458008421702474,0.456968599930557,0.456393629037578,0.456391003225023,0.456333235348805,0.456246583534479
0.383914966205226,0.366216907525556,0.35766201022024,0.350738029710043,0.348734534730314,0.34482207402285,0.34456732917666,0.34456732917666,0.344451793424225,0.344451793424225
0.204825769869937,0.198198218980246,0.19267876098891,0.18632138159417,0.183410565805767,0.183384307680213,0.183339668866772,0.183158487800454,0.183006190672244,0.182948422796026
0.0835999380412475,0.0830031708526438,0.0781112820620353,0.0761655549585244,0.0742277052926795,0.0739519949743682,0.0739257368488148,0.0739257368488148,0.0739257368488148,0.0739257368488148
0.123066531558527,0.119371244012134,0.113376513948281,0.11048286851229,0.109674651613419,0.109674651613419,0.109674651613419,0.109666774175753,0.109666774175753,0.109666774175753
0.291328733447105,0.287559605179673,0.276935136783373,0.272508857895645,0.267521926999029,0.267519301186474,0.267519301186474,0.267519301186474,0.267456281685146,0.266568757041439
0.0654776106208231,0.0619950036343327,0.0575599139146317,0.0562811432001785,0.0541831189684575,0.0541831189684575,0.0541831189684575,0.0541831189684575,0.0541752415307915,0.0541647382805701
0.204622577109307,0.199510735488867,0.196439560507142,0.18887102507125,0.184612777672903,0.184612777672903,0.184612777672903,0.183428536210442,0.183428536210442,0.183428536210442
0.266371472359058,0.262388114712599,0.261020702310242,0.257582508481426,0.25389373418102,0.253993515058123,0.25393312136935,0.253570759236713,0.251753696948413,0.251753696948413
0.254087264772013,0.245914587306785,0.239523790344447,0.236095033029502,0.233491539880877,0.233570314257537,0.233071409872022,0.232866596492705,0.232798325366266,0.232667034738498
0.384290949740495,0.382403154626486,0.378889817427434,0.373039507054124,0.371605813398906,0.3713735110444,0.37140764660762,0.371415524045286,0.371410272420175,0.370795832282224
0.237417273250242,0.235032850822543,0.230337897973586,0.224146231968081,0.219789270428982,0.219791896241537,0.219495179422783,0.219172204478476,0.219065141074364,0.219065141074364
0.274928174910505,0.266940453117144,0.262847549853142,0.253055894834259,0.250606586116618,0.251458518691704,0.25164552577963,0.251734803406511,0.249920366930768,0.249329559105815
0.275800929358588,0.267235528803051,0.26484683942995,0.262230771100884,0.259246288961807,0.261148238846622,0.261339738535717,0.261344497820973,0.260921741999563,0.260597166950729
0.158233690371538,0.153429550902848,0.151553920686068,0.150170117469401,0.149261401697806,0.151702002154277,0.151721070066544,0.151781463755317,0.151106629928593,0.150983216738492
0.0743677605955582,0.0692900801810386,0.0692072952859832,0.0686900102125801,0.0685114549588167,0.0684563128951544,0.0682362780086807,0.0681890133826845,0.0673067403640884,0.0670730430466627
0.10368601425526,0.0979574861962849,0.0975741175632045,0.0974664592484353,0.0967023477948298,0.0967023477948298,0.0967023477948298,0.0967023477948298,0.0966708380441657,0.0966314508558355
0.0795062654962232,0.0730879744301559,0.0728936643010603,0.0726573411710792,0.0725444312311994,0.0725470570437547,0.0725470570437547,0.0725496828563101,0.0725496828563101,0.0723002306635523
0.134836715823702,0.126658920075408,0.12447424402936,0.123765172068614,0.136994282406532,0.143777905029982,0.144995543545881,0.145003420983547,0.144664691163908,0.144383729220486
0.157900253205331,0.153467696984462,0.152953037723614,0.152115403518459,0.164528665689767,0.174329316168068,0.179544549157875,0.180610629055345,0.180379557550475,0.180313912236591
0.0533152366335144,0.0513668837174481,0.0509362504583714,0.050256165006537,0.0515020822928075,0.0532832806998574,0.0548395054362719,0.055066033054572,0.055066033054572,0.0550082651783544
0.0450629283254216,0.0409013359589583,0.0407858002065231,0.0401781528199972,0.0395348287439375,0.0392092279870747,0.0391855956740766,0.0391514601108571,0.0391435826731911,0.0391252019853037
0.0774990318107274,0.0714509444151827,0.0710334402188828,0.0705618812094318,0.0702599127655671,0.070304551579008,0.0699999573225879,0.0699999573225879,0.0699815766347005,0.0699631959468131
0.332553887995225,0.323184988797752,0.323040117795675,0.320319016964396,0.319532709189033,0.319532709189033,0.319532709189033,0.319535335001589,0.319524831751367,0.318639932920216
0.521242419093878,0.518960587983283,0.518674825726283,0.512333488405124,0.510467725499588,0.510465099687032,0.510465099687032,0.50524235851445,0.50524235851445,0.505208222951231
0.643169030033896,0.63127996620811,0.62433776912331,0.621430994624542,0.616948732592568,0.616948732592568,0.616948732592568,0.616867332403352,0.616867332403352,0.612012204988518
0.446175238450131,0.44582600538027,0.438113952876899,0.434343286047423,0.432300444907685,0.432300444907685,0.432300444907685,0.432300444907685,0.432300444907685,0.432300444907685
0.517804615034113,0.512702661239077,0.51084522708274,0.51084522708274,0.510091906077604,0.510091906077604,0.510091906077604,0.510089280265049,0.508206572662866,0.506365878061569
0.510818804843902,0.510445939461043,0.500158005869199,0.498033723511925,0.493488072723731,0.493461814598178,0.493397728360499,0.493397728360499,0.491360097817551,0.491215678127007
0.289285605109119,0.287781424798118,0.279328934182461,0.273518934134708,0.273605585949034,0.273618715011811,0.273621340824367,0.271775394597959,0.271775394597959,0.271775394597959
0.0918152285465582,0.0912270465341608,0.0899331876545946,0.0881440656530173,0.088004897587584,0.0880022717750287,0.0880022717750287,0.0879077425230363,0.0879077425230363,0.0879051167104809
0.274627662972042,0.262804244460139,0.252033161358112,0.244300512637511,0.237066501618337,0.236866939864131,0.236651623234593,0.233856958623442,0.233253021735713,0.232341864779008
0.0469118029482534,0.0460085234292146,0.0450868632222883,0.0422536089108006,0.0405519900612141,0.0405493642486588,0.0405467384361034,0.0405467384361034,0.0405467384361034,0.0405467384361034
0.0683960217771844,0.0665421981131105,0.0645914193975546,0.064278547677337,0.064194521675566,0.064194521675566,0.0641630119249019,0.0641577602997912,0.0641577602997912,0.0641577602997912
0.36979129486652,0.365913626175413,0.35984081921636,0.355555862380926,0.3520733784794,0.35198869602449,0.351894166772497,0.351883663522276,0.3515764434533,0.35016638211108
0.243235930273764,0.242090419546494,0.240791544954664,0.237948856693576,0.236557832492381,0.23659262450874,0.236561114758076,0.23636680462898,0.236230262376102,0.236190875187772
0.327767995872378,0.321770639995969,0.317892314851724,0.312795961422528,0.310986776571895,0.311103276489878,0.311082269989435,0.310517720290036,0.310499339602149,0.309672208647215
0.140402648645852,0.137317318893321,0.133761968693383,0.132199610222953,0.129091263582242,0.128964065529512,0.128700622679232,0.127207140502978,0.126188325231504,0.125424213777899
0.310495503454119,0.304264450260284,0.30047540274292,0.286405191306708,0.279382332542473,0.27935607441692,0.279655417048229,0.280057166369197,0.279484739232132,0.279096118973941
0.248770240517366,0.24387322318661,0.239661419847836,0.234303469842814,0.229048029098254,0.229560062546546,0.22951279792055,0.228840589906382,0.228816957593384,0.228697770320364
0.222694690993151,0.218871507912568,0.21687326455795,0.211589986097471,0.205756640934968,0.206359429029704,0.205230842484921,0.205310745140413,0.20521096426331,0.205100680135986
0.164596567561315,0.160735925623498,0.157781886498734,0.155295498435829,0.156684512249286,0.161194683796741,0.164771040497122,0.165534033928975,0.164609747909494,0.16382200414289
0.112385218423236,0.104726841221046,0.102282763614355,0.101752349478175,0.101648486283115,0.101946054439533,0.102052799874156,0.100976216726465,0.100451054215396,0.100309260337407
0.0748108972355137,0.0694747845544385,0.06917756001021,0.0688178236901276,0.0673578719093556,0.0673631235344663,0.0671320520295959,0.0671320520295959,0.0669141095875022,0.0669141095875022
0.0299912283906222,0.0282585870016856,0.0281561803120271,0.0280616510600347,0.0280091348089278,0.0279251088071567,0.0279251088071567,0.0279093539318247,0.0279093539318247,0.0279093539318247
0.0220512430489513,0.02070980926671,0.0206310348900496,0.0205391314506125,0.0202923050704101,0.0202923050704101,0.0202896792578547,0.0202896792578547,0.0202818018201887,0.0202739243825226
0.126235118031807,0.12302063112421,0.122204003419498,0.120964619893375,0.123509350228993,0.132621586506261,0.14201613866155,0.146560373972663,0.146384444531454,0.146371315468678
0.12841614255727,0.125895034277569,0.125102038885854,0.124524360123678,0.124675775142983,0.131591098677412,0.140593635480932,0.145140045293067,0.144924728663529,0.14480277197883
0.180785963585896,0.177708942068404,0.177115508430896,0.177059320145043,0.176481641382867,0.176494770445644,0.175825188244031,0.175666490697717,0.175595593758723,0.175149205624314
0.0313891940709056,0.029817386265254,0.0296992247002634,0.0285659250270844,0.027323915688406,0.0284897764629794,0.0302630564040421,0.0308354835411074,0.0308354835411074,0.0308354835411074
0.255553247715998,0.25366266267615,0.25366266267615,0.251985527477226,0.247017490122512,0.247017490122512,0.247022741747623,0.246980728746737,0.246980728746737,0.245161040645883
0.467562604798383,0.459719302695566,0.44886390639352,0.448199575817017,0.438014048914832,0.438014048914832,0.438014048914832,0.438014048914832,0.438014048914832,0.438014048914832
0.621437559155931,0.619420935113425,0.613138391376513,0.610113455312755,0.601650461446877,0.601650461446877,0.601642584009211,0.599830773346023,0.599830773346023,0.599830773346023
0.592103827562065,0.59209845285199,0.583832107729515,0.576580023734863,0.573287254790459,0.573282003165349,0.569701502604529,0.568887500712372,0.568703693833498,0.568703693833498
0.44012589969079,0.438200563662904,0.427119552622704,0.420803940058923,0.419760507794743,0.41977888848263,0.41977888848263,0.419776262670075,0.419004273778803,0.419004273778803
0.107951287753608,0.107701835560851,0.103329201203062,0.0987464505554436,0.0960088871102916,0.0960088871102916,0.0960088871102916,0.0960088871102916,0.0960088871102916,0.0960088871102916
0.228255115763182,0.221405088801907,0.214801170225213,0.212225432735864,0.208661056305268,0.208566527053275,0.208566527053275,0.207627286210724,0.207627286210724,0.206815910131123
0.0974637103509164,0.0923525559548563,0.090685164982212,0.0861554536967959,0.0856539234987249,0.0856539234987249,0.0856539234987249,0.0856539234987249,0.0856539234987249,0.0856539234987249
0.0229073348700961,0.0228889541822086,0.0227287796163326,0.0223637916711396,0.0223296561079201,0.0223086496074773,0.0222955205447006,0.0222955205447006,0.0222955205447006,0.0221731176770083
0.271313579814787,0.268484964267863,0.265919668486254,0.262309176222654,0.261649440818123,0.261652066630679,0.261652066630679,0.261652066630679,0.259617061900286,0.259572423086845
0.176538814348428,0.175105120693209,0.171419454288132,0.169942537296553,0.166342999594708,0.166287252363308,0.165271062904389,0.165100385088292,0.165100385088292,0.165087256025515
0.269539515207082,0.264532090664038,0.257624275312385,0.255247914949797,0.251485330699593,0.25151971243274,0.251207240738653,0.251167853550323,0.250405362715404,0.250237310711862
0.141842876061218,0.138379429300717,0.13662167345068,0.135058494413826,0.135237788177371,0.13562494167308,0.135428867326174,0.134939850766062,0.134871579639623,0.134267642751893
0.138700711826776,0.136805880355686,0.130507643285923,0.126824736035446,0.1233645920548,0.123107867592113,0.123094738529337,0.123057977153562,0.123057977153562,0.122824279836136
0.248196172247453,0.244204814078365,0.238346626267389,0.235032850822543,0.231627028339136,0.231592892775917,0.232435778606183,0.233942995012951,0.233052844556689,0.233052844556689
0.184327405184955,0.178867643400932,0.176420078386941,0.17372681527158,0.17077291974594,0.17061537099262,0.170347538111975,0.169943162978451,0.169793491662797,0.169638568722031
0.213530051292659,0.209270449959714,0.205558904941054,0.203699562967782,0.198309857042169,0.198686845771306,0.198707852271749,0.196378756535158,0.196357750034715,0.196349872597049
0.12958679338834,0.126044202996289,0.122461558705688,0.119334390322637,0.116641568261728,0.118941236434955,0.120092255214343,0.118981105706059,0.11850542335033,0.118361003659786
0.09915163599831,0.0885519999934027,0.0863062738054435,0.0850271133219391,0.079293046439605,0.0792885999952975,0.0776947317742028,0.0776947317742028,0.0772802739307503,0.0772225060545327
0.144012884482445,0.13167570933276,0.129459523536049,0.125660342023354,0.125704283355335,0.125772554481774,0.125777806106885,0.125657018729339,0.124777371523298,0.124470151454323
0.154855603033247,0.145486437151687,0.142863250408897,0.142314086329939,0.143842616949559,0.143939772014107,0.143448745066257,0.143186163810722,0.142729272426092,0.14260060761088
0.163389698979725,0.155673143618106,0.155045574417378,0.153267899317409,0.153753541298104,0.156943616354601,0.159421275642175,0.160287239903103,0.160284614090548,0.160284614090548
0.122320052025948,0.116703787710794,0.115369874932678,0.115083661364146,0.115289849192222,0.11903514000505,0.126101375961849,0.130287434029085,0.130221788715201,0.130183560576944
0.172212685592693,0.167621965193687,0.166531196503948,0.166029666305877,0.165562671697157,0.167391775797721,0.175385015900281,0.183112659165699,0.182078089018892,0.18205708251845
0.156481965684714,0.152652700155517,0.150936485480671,0.15013036102618,0.149741740767989,0.151749471921879,0.159269675995425,0.166554715989063,0.165528023279923,0.164861066890865
0.0683837184093714,0.0683863442219267,0.068388970034482,0.0680083656845409,0.0680083656845409,0.068016243122207,0.0680293721849837,0.0680398754352051,0.0680398754352051,0.0680398754352051
0.267043988085635,0.266902194207646,0.263651438264129,0.263181417816722,0.259796745432882,0.259796745432882,0.257328481630857,0.257296971880193,0.255356496401793,0.255356496401793
0.551613305618784,0.550305650966222,0.548504343553255,0.547503498686457,0.544568701844325,0.544398024028228,0.544384894965451,0.544119687897361,0.544119687897361,0.543812467828386
0.530892485376378,0.526957418063945,0.52717577078925,0.523212804218417,0.518607252081304,0.517680340249267,0.517680340249267,0.517667211186491,0.517464777449802,0.515067410586772
0.0337331215456026,0.033667476231719,0.0325620091459186,0.030778279804306,0.0290636242056654,0.0290636242056654,0.0290609983931101,0.0290609983931101,0.0290609983931101,0.0290478693303334
0.313810078951227,0.294335063167209,0.277595508126882,0.273023968468025,0.270266865284913,0.270266865284913,0.270266865284913,0.2694502375802,0.269216540262775,0.26914564332378
0.256449244708028,0.247654906120322,0.241851860373009,0.237135901023609,0.224166582015385,0.224166582015385,0.223925007260293,0.223226541120572,0.223153018369022,0.223121508618358
0.0571468664197197,0.0568113162949713,0.0564258706031313,0.0555252168966478,0.0538446968612268,0.0538131871105626,0.0538131871105626,0.0538131871105626,0.0538131871105626,0.0536835171014819
0.128715136447849,0.125541134236174,0.120404911535874,0.119043417468847,0.117542006569526,0.117457980567755,0.116549449423605,0.116460171796723,0.116460171796723,0.115769583094668
0.263383215614432,0.259317637212334,0.248359649593184,0.241153640403214,0.236454810377905,0.236489561365942,0.236374025613507,0.236095689482641,0.235567901159016,0.234992848209396
0.129732843954651,0.125775744433746,0.121788571153417,0.119940778652556,0.118489945416166,0.118390164539063,0.117436994581472,0.11661097139121,0.116475988214537,0.115971421920699
0.120304115207822,0.118915060366044,0.117754451216582,0.116135330063802,0.113518400139992,0.113534155015324,0.113534155015324,0.113534155015324,0.113418619262889,0.113103521756247
0.0886943785249681,0.0880027846290434,0.0831529088393204,0.0810338781071567,0.0778457416388359,0.0782442548509709,0.0783230292276312,0.0784333133549557,0.0783335324778526,0.0777899892788961
0.11945614186573,0.116260527985875,0.114267536256368,0.111843911267784,0.109688119159845,0.109793151662059,0.108661426450705,0.10865880063815,0.10865880063815,0.108138889752191
0.172763634403622,0.16955488120391,0.165245922800588,0.162604960537648,0.159829476666648,0.15991875429353,0.159966018919526,0.159976522169747,0.159742824852321,0.159390965969905
0.0797648567475232,0.0780916602674323,0.0777713111356802,0.0762430882284691,0.0749539937626997,0.0749881293259192,0.0749907551384745,0.0749933809510299,0.0748148256972664,0.0747938191968236
0.201157243046032,0.193156104991647,0.190448892247085,0.18759725981198,0.184950256128747,0.18352706572375,0.18235332751151,0.180922690466219,0.179885494506858,0.179621682401688
0.0900953213228069,0.0855177966575988,0.0835070294079416,0.0817876760665263,0.0818942317451638,0.0823642521925706,0.0820990451244807,0.0810644749776746,0.08062554886918,0.0799650698263282
0.120907190500807,0.116494522758629,0.112194190559835,0.108816841731325,0.105578086571751,0.105824912951954,0.104853362306476,0.103973715100435,0.103900192348886,0.103658617593794
0.0744035885770263,0.0694674250993274,0.066674575991389,0.0646660345281557,0.0620071941742625,0.062254020554465,0.0618717955858374,0.0618717955858374,0.0613781428254325,0.0611403016475678
0.0968527371061051,0.0926877983671958,0.0903658005301681,0.0896568311402248,0.0891880517995336,0.0890751418596538,0.087448615094902,0.0871466466510373,0.0870626206492662,0.085980791005004
0.113223919364742,0.107173165128321,0.101543002469368,0.0995920237407465,0.0996366625541874,0.0999086085240307,0.0999280764624293,0.0999381796865192,0.0997438695574236,0.0996598435556526
0.112277334452701,0.107431623037577,0.104144105718285,0.103282839200131,0.101268840970181,0.101109804940218,0.103905720915164,0.105434877216682,0.105408619091129,0.10537973515302
0.168235851449302,0.164208911468672,0.16118348306506,0.159744537784731,0.158318721567178,0.158616453836881,0.166180137673795,0.176903022755518,0.176215059866018,0.176018123924367
0.109519738929734,0.104632394025696,0.102854236842953,0.0994120324957419,0.0983375212782697,0.0981852241500597,0.0985496582129168,0.0987570974047891,0.0983474706461552,0.0981058958910634
0.404897752278349,0.404417228580721,0.402458372414433,0.393375850898778,0.391973666994224,0.391968415369113,0.391952660493781,0.388339542417626,0.388339542417626,0.384729050154026
0.343302528605568,0.342504958556042,0.340290762632908,0.337909007046085,0.331609682725812,0.331562418099815,0.326717793935203,0.326132237735361,0.326132237735361,0.323979071439978
0.191691250326494,0.191688624513938,0.18783979873262,0.1835072080163,0.183152723321328,0.183110710320443,0.183097581257666,0.183079200569779,0.181272928729949,0.181272928729949
0.0373459908875607,0.0373092295117859,0.0372383325727916,0.0361748784878767,0.0354659090979334,0.0354659090979334,0.0354659090979334,0.0354580316602674,0.0354186444719372,0.0354186444719372
0.0760881345164629,0.0733494120212376,0.0732365020813578,0.0732181213934704,0.0697132052573398,0.0687731643625262,0.0681718532873521,0.0681718532873521,0.0681718532873521,0.0681718532873521
0.176010472142468,0.172684408715429,0.16919732964193,0.167241099288198,0.159883336595273,0.158176558434299,0.158166055184077,0.158166055184077,0.158019009680978,0.158019009680978
0.0986977909665273,0.0985580690187581,0.0974047834246256,0.0972209765457514,0.0969426404148848,0.0968953757888886,0.0968323562875603,0.0968323562875603,0.0966958140346823,0.0966958140346823
0.0517479034791411,0.0501172738822716,0.0496894613202759,0.0492456989984225,0.0486805954166874,0.048677969604132,0.0486648405413553,0.0484626529745937,0.0484626529745937,0.0484626529745937
0.173788521866631,0.172132454710631,0.166861105234534,0.164758619172885,0.16258969800217,0.162862485052597,0.162720752717091,0.162802152906306,0.162802152906306,0.162802152906306
0.184621332077869,0.184035775878027,0.179016473636002,0.176767813923079,0.174549002313812,0.174643531565804,0.174412111320204,0.174332229178872,0.17444195942386,0.174169285201316
0.0507956412731568,0.0502888594499751,0.0500919235083242,0.0489155594835295,0.0490127145480772,0.0489496950467489,0.0488367851068691,0.0488367851068691,0.0488499141696458,0.0488000237310943
0.0488939888436705,0.0467969031347965,0.0455548937961181,0.0428949431132831,0.0412650340763043,0.0412256468879741,0.0411547499489798,0.040837026629783,0.0407923878163421,0.040487793559922
0.0962636011852404,0.0934665569314616,0.0901501556740604,0.0875926142451539,0.086975312381801,0.0869543058813582,0.0861298007389798,0.0860273991778614,0.0854365913529087,0.0853210556004735
0.199302373159768,0.191314671880568,0.184382834446865,0.180262934547528,0.175606384207193,0.175120608884454,0.174758246751816,0.17341908234859,0.173033498186166,0.17211183797924
0.216120784633398,0.205234555547987,0.195897248157821,0.189793259674673,0.184042730178466,0.181458930624006,0.1804243604772,0.179678629711482,0.178667691877674,0.176512884449444
0.0821878560542091,0.0795931583519365,0.0788684340866612,0.0772683859746892,0.0746020784663418,0.0748200209084355,0.0748331499712122,0.074565317090567,0.0745443105901242,0.0737265802492801
0.0839578075727163,0.0813394775574456,0.0788738395679763,0.0772918593029427,0.0770153386752882,0.0772022021640901,0.0768188335310097,0.0766927945283531,0.076380322834267,0.0759995800137419
0.0534781344542086,0.0511036613943951,0.0491416255332162,0.047934992864473,0.0468868577289776,0.0466212198635154,0.0465398196742997,0.0465660777998531,0.0464111548590877,0.0464111548590877
0.0951533850712637,0.0916628493617058,0.0902165189835646,0.0896363067225559,0.0889236652978673,0.0886059419786705,0.0897801315024428,0.0903629695760069,0.0897852908138309,0.0894945949012096
0.118103653515202,0.113705417484998,0.110969320802328,0.110730371859792,0.110363804324233,0.110358552699123,0.110476714264113,0.110534482140331,0.110114352131476,0.109205820987326
0.103707707980083,0.100788758327006,0.0979722256206678,0.0956378782589658,0.0940997059838693,0.0940997059838693,0.0929160184037444,0.0925565179965088,0.0923438271795259,0.0920805279283707
0.00821579823078519,0.0080993079288151,0.007931255925273,0.00736670622587373,0.00710937659544988,0.00708574428245177,0.00709099590756246,0.00700147980356388,0.00698835074078715,0.00695493189105323
0.176052567199995,0.1761287157641,0.175792611757016,0.175177392080963,0.174932391461053,0.175166088778479,0.175156426608841,0.173134550941225,0.171018146021617,0.171018146021617
0.149922798749344,0.149917547124234,0.148935493228535,0.147906954244941,0.147238161838511,0.147225032775734,0.147222406963179,0.147222406963179,0.147222406963179,0.145310815422888
0.0526782770757774,0.0517454366513303,0.0515274942092367,0.0515091135213492,0.051432852129361,0.0513698326280327,0.0511072513724981,0.0510232253707271,0.0510232253707271,0.0510232253707271
0.0398011230625386,0.0396409484966626,0.0380680867760107,0.0378549754187356,0.0375837859085641,0.0375233922197911,0.0373763467166918,0.0371741591499302,0.0371741591499302,0.0371058880234912
0.0308132410624892,0.030264446238422,0.0300832651721031,0.0299970338980688,0.028902913707344,0.0288897846445673,0.0288792813943459,0.0288503974562371,0.0287866599592882,0.0285608400795285
0.0586887107295615,0.0582003095942673,0.0575501953310528,0.056205779302716,0.0544008049835438,0.0539229070984709,0.053854635972032,0.0537548550949288,0.0537075904689326,0.0536871275937455
0.239740460908584,0.233913187937616,0.226167943522413,0.21976096088737,0.216193609903488,0.215912647960066,0.215395362886663,0.214434315491406,0.212446431787886,0.211479599399343
0.0774702299292609,0.0770999903589572,0.0749192889315239,0.073921700687719,0.0721466514003054,0.0721413997751948,0.0715926049511276,0.0715926049511276,0.0693107738405324,0.0691716057750991
0.074795680856897,0.0743597959727097,0.0739998647681018,0.0730115950817442,0.0726466071365512,0.0726308522612192,0.0725678327598909,0.0725547036971142,0.0725573295096695,0.0725547036971142
0.127025661981331,0.125505316511786,0.120369842578348,0.120195205529257,0.117866109792666,0.117209943852077,0.117449179992862,0.11765924499729,0.117656619184734,0.115776537395107
0.169507349893826,0.166991924036608,0.164775707468656,0.163092725733964,0.16039864205218,0.160430151802844,0.159392955843482,0.158169327192691,0.15802919496171,0.157939917334829
0.000608829715363433,0.000608829715363433,0.000608829715363433,0.000611455527918779,0.000619332965584815,0.000624584590695506,0.000624584590695506,0.000624584590695506,0.000624584590695506,0.000624584590695506
0.0305591988262996,0.0294176986174253,0.0290369557969002,0.0269028163854629,0.0244421376943159,0.0244421376943159,0.0242898405661059,0.0222627132733792,0.022215448647383,0.0214014467552259
0.0518801634009962,0.0497159758728367,0.0484526010359053,0.0467126514772589,0.0438325659014174,0.0436303783346558,0.0431284891387745,0.0424063881217844,0.0409306814656803,0.0404291512676094
0.0765740893381069,0.0731580713168873,0.0719474742866102,0.070136679074371,0.0671770293266865,0.0666098538147318,0.0663223529826223,0.0662251979180745,0.0658050679092192,0.0654532090268029
0.178950951407082,0.174896512194183,0.173063407832304,0.169423570061982,0.168804606551621,0.168535655649224,0.167783329580877,0.166368016613546,0.165945260792135,0.165088281733545
0.0594514426058675,0.0574022882332088,0.0565250206697963,0.056693441928229,0.0579736383768432,0.0609918150246871,0.0635110462586943,0.0650839079793462,0.0649211076009148,0.0646926619085997
0.116679734857504,0.113394802322445,0.111877082665456,0.110860893206537,0.108623700909383,0.108516042594614,0.107830705517668,0.107597008200243,0.105393951466308,0.105225899462766
0.0926865470033999,0.0887523412857113,0.087974854599402,0.0861369704381055,0.0844047342038405,0.0845202699562757,0.084005610695428,0.0839846041949852,0.0830393116750609,0.0822541937210126
0.0956208822769181,0.0916205901908932,0.0882275480295328,0.086506748439796,0.0842136140267165,0.0835571608878801,0.083580890643141,0.0834864588334114,0.0825805535018172,0.082359210837606
0.0931106875306502,0.0895940475517433,0.0879739314621755,0.0856238343536815,0.0842846699504553,0.0841061146966919,0.082761698668355,0.0825726401643701,0.0822962067218981,0.0804660153708224
0.0404495423432345,0.0394452177619462,0.0393454368848431,0.0388701648123256,0.0385209317424647,0.0384605380536917,0.0385340608052414,0.0385393124303521,0.0385130543047986,0.0384526606160257
0.321032109700617,0.318378213259426,0.318321265949632,0.317376199085474,0.316802151329722,0.31697596781239,0.31439216825793,0.314437607123634,0.313111571783184,0.313111571783184
0.112294504805113,0.112249865991672,0.11211594955135,0.111953969739342,0.11174653054747,0.11167300779592,0.111659878733143,0.111567975293706,0.111567975293706,0.111219460219466
0.0651222951023477,0.0648019459705955,0.0627039217388745,0.062373069356901,0.0620185846619294,0.0614487833374194,0.0613148668970968,0.0610916728298924,0.0606662911959265,0.0605350005681592
0.0252758895945797,0.0248478821480584,0.0246404429561861,0.0242229387598862,0.0237319118120366,0.0235421224910807,0.0233189284238764,0.0230064567297903,0.0229782907873021,0.0229782907873021
0.046329754669872,0.0445336988820158,0.0444234147546913,0.0440190396211681,0.0438457359925153,0.0438280886858689,0.0438070821854261,0.0437887014975387,0.0437887014975387,0.0437887014975387
0.151366534086171,0.148219918278882,0.145690624849106,0.145241610902142,0.141742448988056,0.141692558549505,0.1411989057891,0.141101750724552,0.140550473687054,0.140526841374056
0.136842826358906,0.134887119116269,0.133219656344062,0.129917132916299,0.127747165523394,0.127458326142306,0.127350667827537,0.127350667827537,0.127350667827537,0.127329661327094
0.0800446852835727,0.0774740147918895,0.0766994000880626,0.075706842942142,0.0754416358740522,0.0754416358740522,0.0754416358740522,0.0753943712480559,0.075341854996949,0.0753392291843937
0.0754322301314223,0.0709946069128885,0.0707255277969875,0.0693706085184293,0.0670677709073914,0.0670047514060631,0.066836699402521,0.0666345118357594,0.0663435851388315,0.0657632805641002
0.124660974176118,0.123488118072784,0.121527456660365,0.119485651485737,0.117253710813693,0.117579311570556,0.117516292069228,0.116479096109866,0.117151016925787,0.117720818250297
0.0260607562501607,0.0239469771431077,0.0218883016356658,0.0217963981962287,0.0218252821343375,0.0220064632006563,0.0219636321976173,0.0218874836335123,0.0224549181367444,0.0229089118961913
0.0134540352874218,0.0133883899735382,0.0131680012177943,0.0132126400312352,0.0134610972872045,0.0143835729320141,0.014631216032235,0.0147730099102237,0.0147703840976683,0.0147338958166563
0.0143442165149248,0.0130208069870307,0.0115251682596447,0.0109144693917312,0.00998493174713894,0.00995867362158548,0.00941872552927214,0.00935642530569949,0.00935642530569949,0.00902136303333267
0.107437469573345,0.104638353389347,0.102648069529037,0.0994539736970653,0.0969145360148784,0.0964208832544734,0.0957244275024892,0.0955792898163246,0.0948125525501638,0.0939528758794561
0.0659692837647313,0.0649634488283697,0.0633192439857307,0.0606094054286142,0.0587559407623506,0.0574614151725654,0.0573957698586817,0.0571962081044755,0.0567235618445133,0.0556863658851519
0.215557363212831,0.211712947976039,0.209150339549467,0.206135906735931,0.19663011654485,0.196572348668633,0.196304515787987,0.196049811970119,0.195726837025811,0.193731219483749
0.0997786923450228,0.0975362484227579,0.0940752223332067,0.0939360542677734,0.0924296584274287,0.0931504850021922,0.0951712836763773,0.0959117628169847,0.095576653746689,0.0950357363602878
0.058580447247055,0.057324442122315,0.0559642712186461,0.054412415998437,0.0541813444935666,0.0544596806244332,0.0544701838746546,0.0544675580620992,0.0543809062477728,0.0540500538657993
0.179415186861203,0.177493953665435,0.175955473677929,0.175582485210107,0.173027569593756,0.172838511089771,0.172898904778544,0.172725601149891,0.171336536051033,0.169564512602306
0.0463390424560785,0.0452151946823907,0.0439180432800501,0.043102159213659,0.0416686450573455,0.0416843999326776,0.0416922773703437,0.0417054064331204,0.0414638316780286,0.0406704388244529
0.0558300419373745,0.0541608354615181,0.0523411473606637,0.0479271564551281,0.0472480659400822,0.0470800139365401,0.0469592265589942,0.046767542242454,0.0461669491629005,0.045980516471471
0.0350094382535954,0.0342388109897329,0.0321302835077906,0.0310668294228757,0.0303000921567148,0.0300401367137356,0.0295018451398898,0.0294834644520024,0.029465083764115,0.0294020642627867
0.0937282560780908,0.0922545392955638,0.0902864722711718,0.088091846857239,0.086227704570389,0.0853112908600333,0.0846722234722958,0.0848927814698646,0.0837505530082893,0.0834485845644246
0.0667843831644798,0.0639012409787106,0.0619017103605158,0.056444712859632,0.0547861942614422,0.0542557801252624,0.0539616891190638,0.0542905618845405,0.0527675906024401,0.0525470223477911
0.560302283477707,0.557194511233492,0.56131757031356,0.576416074563438,0.604846239440017,0.624564778824383,0.632091465372675,0.637044978701692,0.629285702600646,0.628771043339798
0.242982888102903,0.241339334584862,0.240793083516708,0.242198467630314,0.243515107485214,0.244169714349598,0.244154062045069,0.244540753972164,0.2436742358289,0.242791244814684
0.0621362282443651,0.0615393225851774,0.0613029994551963,0.0606198676505144,0.0593962389997234,0.0590916447433034,0.0589262185523166,0.0585874887326771,0.058571733857345,0.058503462730906
0.038161044130448,0.0375737057629048,0.0373977763216967,0.0365440769645305,0.0359112561386923,0.0351970351236383,0.0349232198009114,0.0345923674189379,0.0345923674189379,0.0345923674189379
0.0441209847422133,0.0434251444150468,0.0429393665280378,0.0424096857730991,0.0418530135113658,0.0413961221267357,0.0413495883177105,0.0410922586872866,0.0409951036227389,0.0409872261850728
0.0749517218194145,0.073237066220774,0.071937289005878,0.0702887249041139,0.0678756031657514,0.06786509991553,0.0667281230790655,0.0667281230790655,0.0667281230790655,0.0667254972665101
0.251178090116457,0.245165205020482,0.239550253611606,0.233491745022483,0.230007291761539,0.229967637889121,0.229859979574352,0.229859979574352,0.229831095636244,0.22957901763093
0.0854918770156951,0.0823012788481036,0.0813805828067251,0.0798631657336041,0.0791463189059948,0.0792043585948402,0.079225365095283,0.0792279909078383,0.0792279909078383,0.0792201134701723
0.0547487456612877,0.0543548737779859,0.0540056407081249,0.051983765040509,0.0508730463295978,0.0508494140165997,0.0507326935713905,0.0506591708198409,0.0504485673186978,0.050206992563606
0.0385769328366016,0.0383291115196105,0.0366355726850259,0.0358112521700928,0.0343276680763226,0.0343250422637673,0.0343145390135459,0.0343119491007716,0.0344862476662129,0.0344153507272186
0.0457051754080503,0.0437095578659878,0.0416364121825207,0.040652981273792,0.039938760258738,0.0397523275673085,0.0396184111269859,0.0392717679698992,0.0393426649088936,0.0390853352784697
0.0637308401037811,0.0631505355290497,0.0621210375084492,0.0602841585410215,0.0600960949738252,0.061358295375063,0.0613898051257271,0.0615079666907176,0.0611035915571944,0.0611035915571944
0.0423847405538233,0.0420276300462963,0.0416488822278885,0.0399237233790265,0.0390132023612999,0.0389895700483018,0.0384985431004522,0.0377396832719574,0.0372460305115525,0.0369178039421343
0.0762826703013249,0.074200400944936,0.0726356884745779,0.0721289066513963,0.0702777087998778,0.0698575787910225,0.0692142547149629,0.0686470792030083,0.0682033168811549,0.0678777161242921
0.333553666125672,0.327477638443406,0.318662601067666,0.315548202749581,0.309759598971322,0.30920436270083,0.306994536293901,0.306034576149156,0.30363458347357,0.302498365661048
0.155748687014473,0.151085490086107,0.146976555005604,0.145775368846497,0.145569355388786,0.146296838808661,0.14649302598345,0.145622066524419,0.145158928577889,0.143062781391862
0.118951196059921,0.116216863595062,0.111989387437598,0.107155533207295,0.104533392686695,0.105848555522032,0.10693789847761,0.10737316793698,0.10619417809963,0.105871203155322
0.0761628111895457,0.0697251803985834,0.0682573511801454,0.0631343908846665,0.058180328801854,0.0589129305047953,0.0588210270653582,0.058406230738256,0.0579309586657385,0.0573742864040053
0.0265484522111848,0.0258250818805083,0.0252736612438857,0.0245450392880986,0.0236773185021701,0.0237508412537197,0.0236825701272808,0.0231075171776601,0.0230444976763318,0.0224274317258257
0.032603986247023,0.0288142950978712,0.0286777528449932,0.0280685643321531,0.027674961697209,0.0274412643797832,0.0272259477502449,0.0272075670623575,0.0271524249986952,0.026892469555716
0.055817825754744,0.0540714501352933,0.0528652431353822,0.050466209496804,0.0493831079745854,0.0493227142858124,0.0493384691611445,0.0468229407331236,0.0462846491592778,0.0461402294687338
0.147168803461561,0.143205108638026,0.138517397287756,0.134343914400962,0.128996467646162,0.128718131515295,0.128067924938358,0.126590936147217,0.12345834176869,0.122094365488232
0.124811425029875,0.119182185508149,0.115043525408954,0.110147903041118,0.103561370215524,0.103002072141235,0.102616077695599,0.102658736892543,0.0984364303035478,0.0972731953415298
1.83806878874179e-05,1.83806878874179e-05,1.83806878874179e-05,1.83806878874179e-05,1.83806878874179e-05,1.83806878874179e-05,1.83806878874179e-05,1.83806878874179e-05,1.83806878874179e-05,1.83806878874179e-05
0.675304134369425,0.668038675142069,0.673152732291852,0.694518312601559,0.720188830539112,0.7371493641173,0.739444980743811,0.743555854412489,0.743001807963311,0.742067018693608
0.265206103924339,0.261819626294367,0.262582301756731,0.261051001725432,0.25782937588995,0.257996915039477,0.257193416397542,0.257607063931651,0.257326101988229,0.256244267215426
0.0897906142385036,0.089564866158306,0.0870506403794825,0.0869246731763879,0.0862217964921395,0.0859618410491603,0.0858568085469465,0.0852397425964403,0.085176723095112,0.085176723095112
0.0736268045007172,0.0733448014636453,0.0720581533115261,0.0720187661231959,0.0716984169914437,0.071601261926896,0.0714489647986859,0.0713308032336954,0.0713308032336954,0.0713308032336954
0.0536015425157697,0.0519089345112218,0.0516909920691281,0.0512734878728282,0.0507430737366484,0.0506380412344346,0.0505487636075528,0.0503386986031252,0.0503071888524611,0.0500209752839284
0.240291922573528,0.234807564310959,0.227699489723639,0.224832102413202,0.218377855152163,0.21835684865172,0.218173041772846,0.218146783647292,0.217511337008899,0.21660805748986
0.105175916710492,0.103301353230063,0.101174445060233,0.099633093090245,0.0984211062255881,0.0984237320381434,0.0972998842644556,0.0972972584519003,0.0972762519514575,0.096732708752501
0.0514522226254968,0.0495432568977607,0.0478575519082509,0.0477919065943672,0.0485785784960801,0.0491194958824812,0.0491653245172363,0.0491758277674576,0.0491758277674576,0.0491758277674576
0.0542817254098669,0.0536935433974696,0.0531683808864005,0.0530073036974585,0.0523265976922662,0.0523344751299323,0.0523318493173769,0.0523292235048216,0.0523265976922662,0.0523265976922662
0.0324021525495316,0.0318165963496896,0.0313399703425732,0.0304682005741985,0.029599954112905,0.0295973283003496,0.0295133022985786,0.0294502827972503,0.0294450311721396,0.0293925149210327
0.0230582652423569,0.0220683339089917,0.0218372624041213,0.0219317916561137,0.0216875910884666,0.0219107851556709,0.0218398882166766,0.0218188817162338,0.0218188817162338,0.0218136300911232
0.0399690827523581,0.0382087010897655,0.0381666880888799,0.0374492643005041,0.0350376324030544,0.0350876074625184,0.0350459662807935,0.034892397274627,0.0344321159249596,0.0344321159249596
0.168943343819682,0.16612804196298,0.164628702993878,0.161517094601633,0.158590318796291,0.157584386417667,0.157156009716255,0.155312689302403,0.154832924628716,0.153924393484567
0.190115639708323,0.186311186056358,0.181986390721061,0.172765542220557,0.166662210190547,0.165974493470974,0.162786757028784,0.161481728188778,0.159960551895729,0.15826165117242
0.0204971697351285,0.01970542314294,0.018646564229997,0.0174334388294274,0.0150736923726465,0.01396034784918,0.0138710702222983,0.0131830239940204,0.0127681456102758,0.0123401381637545
0.105558916088681,0.100452018380943,0.0958623339470463,0.0936195002557302,0.0901912147664785,0.0901985690930495,0.0902363869480947,0.0893932139195806,0.0885818378399788,0.0855361722169461
0.0682837785475237,0.0636577019927424,0.0621215144626829,0.0552456140163649,0.0510338106775908,0.0492612179609078,0.0492102761716261,0.048532816532347,0.048456667968242,0.0482282222759269
0.101908595582299,0.100301598298427,0.0962369327764751,0.0944014898002887,0.0922115621291306,0.0922509493174608,0.0922404460672394,0.0919095936852659,0.0915052185517427,0.0903551126525014
0.166613119804259,0.158773417936625,0.151358430992739,0.144463026708241,0.135235254678538,0.134082522966741,0.131658897978158,0.130986043767931,0.127769423387633,0.125597599463194
0.155034394199857,0.149827633558374,0.147469653883674,0.142700757742874,0.137058891755306,0.136247515675704,0.134033955691548,0.134323113042125,0.133173007142884,0.132058503569344
0.000332252713834015,0.000326330051298445,0.000300071925744991,0.000300071925744991,0.000300071925744991,0.000300071925744991,0.000302697738300336,0.000308284882123467,0.000308284882123467,0.000308284882123467
0.235524944506744,0.232230698542778,0.229159913330105,0.232190736957951,0.233448767856049,0.235492368019729,0.236024136090507,0.236109105743666,0.235450457589646,0.235418947838982
0.205386462907146,0.204496825304899,0.202432936636397,0.199771655097394,0.199189196535801,0.199097293096364,0.199073660783366,0.199034273595035,0.197521374765784,0.196431662555316
0.0811845751308408,0.080635339252321,0.0797189306705054,0.0792909232239841,0.078613463584705,0.0784979278322698,0.0783430048915044,0.0782090884511818,0.0781460689498535,0.0775972741257863
0.10090529927331,0.0982049998008671,0.0969446097743013,0.0950459934405822,0.088620630117652,0.0884289458011117,0.0884263199885564,0.0882661454226803,0.0882661454226803,0.0882425131096822
0.269935397478122,0.260079779306523,0.253010435454394,0.249284592065805,0.249106631722698,0.25119109609427,0.251736608652643,0.251235734907711,0.251235734907711,0.250786720960747
0.170009587830437,0.166605016710826,0.16186863551456,0.160020063475597,0.158633798559659,0.164130926887194,0.16608518788151,0.167226759889947,0.166656958565437,0.164850399527359
0.0634157938825411,0.0623151373673987,0.0644317987140145,0.0640440759503491,0.0634775261202924,0.0643072828877816,0.0644805865164344,0.0644727090787683,0.0643466700761118,0.0636245716233918
0.022865721895342,0.0225611276389219,0.0216260819422116,0.0215026674699753,0.0203350514525366,0.020345554702758,0.0200462120714486,0.0200462120714486,0.0200409604463379,0.0199936958203417
0.00706597247804944,0.00689792047450733,0.00689792047450733,0.00690054628706268,0.00616578675085439,0.00619992231407388,0.00622355462707199,0.00622618043962734,0.00622618043962734,0.00622618043962734
0.109862366439885,0.105166141712971,0.102768774849941,0.100379285424576,0.0977718535571183,0.096453695654335,0.0953009639425383,0.0948755823085724,0.0924808412580973,0.0909316118504436
0.0947520152622667,0.0906265252541694,0.0873613375986776,0.0863615902394708,0.0835370518819631,0.0833029288957051,0.0825545723174317,0.0812154079142055,0.0803077075935599,0.0794858282637367
0.0729324258074926,0.0703780076595358,0.0653812145802171,0.0621908523254724,0.0592117500250097,0.0592900884757575,0.0580270726366364,0.0569925024898303,0.0562940363501084,0.0551859434517527
0.118418668965201,0.112189082533848,0.108311813868873,0.104143685177993,0.101414265854594,0.103010759888244,0.104701783173887,0.104899006313786,0.104035113983077,0.102829589079006
0.0309904423816538,0.0295509586046091,0.027695524578929,0.0246274728781539,0.0237504514846686,0.0233415170789545,0.0231747908030405,0.0231038938640462,0.0230750099259374,0.0227677898569619
0.0358795079109113,0.0354331197765026,0.03399893890997,0.0337127253414373,0.0326335163811904,0.0325993808179709,0.0317591208002604,0.031756494987705,0.030889976844441,0.0306082969053985
0.0622145564380326,0.06120624441678,0.0599002514112256,0.0576998204898462,0.0523458810032196,0.0517218761378943,0.0511967136268252,0.0508396031192982,0.0493691993737063,0.0488526322959238
0.108036483062533,0.106894254600958,0.104121396542513,0.101557629065868,0.0974450527218611,0.0973373944070919,0.0968840109439225,0.0963475143591282,0.0961620971186478,0.0956789476084642
0.000156264985565099,0.000156264985565099,0.000156264985565099,0.000156264985565099,0.000156264985565099,0.000156264985565099,0.000156264985565099,0.000156264985565099,0.00013162613646303,0.00013162613646303
0.498098671344348,0.487537981473319,0.487542412532006,0.494367760958093,0.495075376413438,0.497842777705166,0.499163561420504,0.497120433082519,0.494074490518318,0.493134449623504
0.300135831842697,0.299415784806036,0.299240368218842,0.303578497758521,0.307548664799722,0.310962241635831,0.311608212038607,0.310943922490426,0.309581125774201,0.309300163830779
0.203907945811041,0.201641869575778,0.201026321673156,0.200355508621907,0.210156989923712,0.221877817118511,0.226167430668398,0.228740726972636,0.228740726972636,0.228577926594205
0.194114526574348,0.190963551507933,0.188604053785349,0.188119488798085,0.195520587655253,0.205291174631212,0.208516636614724,0.210157769461815,0.209798033141732,0.209068057251346
0.0337941460448136,0.0327696380937763,0.0323941468983619,0.0326777346543392,0.0321245985210374,0.0327600579807814,0.0329464906722109,0.0329963811107625,0.0329885036730964,0.0329885036730964
0.0781301448326966,0.0779651596961625,0.076056147811565,0.075643972168478,0.0750217315209634,0.0759512281372345,0.0760300025138948,0.0760352541390055,0.0759275958242364,0.0758750795731295
0.0310551927652818,0.0306849531949781,0.0303935623651669,0.0303698556883366,0.0292101414691296,0.0288346887377663,0.0288635726758751,0.028763791798772,0.028763791798772,0.0280075577828325
0.0220052297867509,0.0217846615321019,0.0204407916932907,0.0206140953219435,0.0206997560458865,0.0209889685282702,0.0211438914690356,0.0213539564734632,0.0213539564734632,0.021306691847467
