"rcp45_2014","rcp45_2020","rcp45_2030","rcp45_2040","rcp45_2050","rcp45_2060","rcp45_2070","rcp45_2080","rcp45_2090","rcp45_2100"
0.122597136793018,0.120572635312847,0.117731506127963,0.117577434524862,0.111569575398232,0.111569575398232,0.111572201210787,0.111170451889819,0.110545508501647,0.107441798061229
0.163593189195684,0.16036869137772,0.16036869137772,0.158685545529744,0.157145968034647,0.157148593847202,0.157148593847202,0.157177477785311,0.157177477785311,0.157177477785311
0.573085641620194,0.559495297428471,0.552718075223125,0.541756456597551,0.540423200272574,0.541098034099298,0.54446432579525,0.54451868832081,0.53713876007737,0.540657348901533
0.682265491680215,0.671973414227933,0.667800998077489,0.64744459138378,0.629880531201074,0.643684427804525,0.644248977503924,0.651490968531567,0.652456159787262,0.657418042893799
0.517976195473277,0.508689434974801,0.506360872606385,0.50390549169721,0.491235946117668,0.494469018854759,0.497656755296948,0.499350404395146,0.503638356298025,0.50454951325473
0.399049575377741,0.389896033838128,0.387366842979155,0.384058565329347,0.374868098300674,0.378683691141839,0.381594363331119,0.383327399617647,0.38403636900759,0.384512995014706
0.126092821556884,0.123901693807331,0.119283166463647,0.116232731298277,0.115875538734108,0.11725671613822,0.116432210995841,0.117332864702325,0.117750368898624,0.117973562965829
0.139019799337652,0.138959405648879,0.135708649705362,0.130753741413425,0.126725744953525,0.126301635197516,0.124770786477749,0.12337122838575,0.11949552905406,0.118949842125322
0.782938365514056,0.775572797183027,0.768611768098807,0.741186140637932,0.704258846332255,0.701276005326025,0.694737732063215,0.679255900208578,0.666167496498137,0.656689215796406
0.500319247171426,0.4916726925966,0.478614526758868,0.462953483197328,0.449015752210197,0.44996588607202,0.449619278814714,0.443677680426785,0.445277867009341,0.44277312902979
0.399648752980214,0.389534328158629,0.368291135330994,0.355637221541821,0.340489380735727,0.345635665631795,0.353402819170507,0.356682171853885,0.359478703253649,0.360708691294222
0.276139433522461,0.266001171246272,0.261771356474502,0.251727397794539,0.244632575354959,0.249391552899114,0.251590711942537,0.253242348039849,0.253161953044502,0.25116389431733
0.521596165279069,0.513761971463553,0.503881408072679,0.492177340947081,0.487563788287339,0.489785225709161,0.487597923850559,0.487970584091812,0.488057235906138,0.488256797660344
0.583816804165716,0.573946333741851,0.565084995905663,0.56395852231942,0.556058847303305,0.55655250006371,0.556791449006247,0.556807409023185,0.556662989332641,0.556610473081534
0.402768833720782,0.400521425371654,0.398024277631521,0.393591906038098,0.384568342219974,0.384716085204534,0.382447383156715,0.382541502125496,0.383544562521638,0.383652220836407
0.798162580540021,0.792995227601029,0.785503784380628,0.776815955314699,0.767906655371054,0.76764932574063,0.761042781351381,0.753325518251221,0.753325518251221,0.753325518251221
0.482231173270644,0.480758420653665,0.473683455921535,0.46515120624951,0.459319399649051,0.457674122941521,0.458614163836335,0.458900377404867,0.458900377404867,0.458860990216537
0.372209996456562,0.364308926477528,0.352782758152555,0.346099778000952,0.33792798264463,0.338064524897508,0.339015069042543,0.339293405173409,0.339435199051398,0.339653141493492
0.31392586087359,0.299197678250657,0.29899286487134,0.292211765489643,0.290943580082053,0.291122135335817,0.291287561526803,0.291229793650586,0.292797403746127,0.292910313686007
0.239978055916522,0.235765780752054,0.226570923693016,0.21352484069587,0.210067260985297,0.211873820023375,0.212677318665311,0.213974470067651,0.213974470067651,0.214840988210915
0.101806229920961,0.0997321662288078,0.0965113096743481,0.0868720338403175,0.0837163097457267,0.083117624483108,0.0832445096948888,0.0811004670724274,0.0811004670724274,0.0811004670724274
0.830382777613672,0.804042021021367,0.777766663573018,0.741892812441889,0.688394343325997,0.678931120018138,0.645983449781694,0.61438593953855,0.599895187810271,0.590013803852973
0.820348891386558,0.797022157324578,0.771814028566693,0.7479202010494,0.700724420576118,0.683438573439316,0.67256368868471,0.66593306067093,0.653218753192984,0.644827887115736
0.43054135563721,0.415797048884055,0.407528406175593,0.394577652482703,0.372851761456417,0.373926211131408,0.375551260876597,0.376620294813192,0.373514656041678,0.373949515217836
0.383907663164057,0.371125823069453,0.360114108863721,0.351582064333302,0.31398198761696,0.309513429044259,0.308628591755589,0.30588623825394,0.30745136613605,0.305831075676117
0.39212477430112,0.369466186449511,0.359695332789465,0.341116560167403,0.329150732352694,0.324534553880397,0.324342787507214,0.325430879098996,0.324170345473306,0.323417209095616
0.403450314135536,0.389766097144959,0.372402583396168,0.363548343459544,0.358824506672477,0.364231054723934,0.366040239574566,0.366040239574566,0.366040239574566,0.366040239574566
0.289366615529283,0.274458441661346,0.272321030241295,0.270984491650624,0.265474265031553,0.265479516656664,0.26617535698383,0.266850190810554,0.26552678128266,0.26567382678576
0.514294847299004,0.500708893137646,0.495409141806215,0.489741694660392,0.462514644274016,0.461970936961774,0.461970936961774,0.461716233143906,0.461529800452476,0.461529800452476
0.493127515837225,0.489417242696522,0.470345966107049,0.462682614220915,0.457883162237919,0.459376305930524,0.453560131120434,0.455340432032958,0.459620506498171,0.460098404383244
0.238330850877897,0.233473097650508,0.226617839578282,0.219207222150601,0.214008113291017,0.213724525535039,0.213913584039024,0.214047500479347,0.214047500479347,0.213477699154837
0.324587849669606,0.322692013004647,0.316790294144902,0.308622396479091,0.304103373071342,0.304140134447117,0.30416639257267,0.304187399073113,0.304105998883897,0.301947580963403
0.287370321019922,0.277629048779444,0.270400658640272,0.26483081787053,0.259801791916387,0.25982805004194,0.260647303559208,0.260652555184319,0.260521264556551,0.260521264556551
0.466552077247786,0.445162044058658,0.424202192817073,0.41021210969212,0.400233242443705,0.404400406969038,0.404531697596805,0.404949201793105,0.404581588035357,0.404581588035357
0.510299181156191,0.494544921248937,0.489209475278081,0.484337608308207,0.482310275873874,0.482557102254077,0.482851193260275,0.482557102254077,0.482557102254077,0.48368357584032
0.395596713924104,0.392102044611187,0.390159640801692,0.381991107196903,0.369530682970402,0.363825694910702,0.36464494842797,0.365596395196071,0.369306668336774,0.369306668336774
0.746997392049481,0.745634595333257,0.737825264680375,0.730185298937312,0.729913199111265,0.730685516229106,0.733408483848999,0.736388781099316,0.736388781099316,0.737872365193086
0.716934053820119,0.716957686133118,0.716989195883782,0.713592543230158,0.713616175543156,0.713697575732372,0.713794730796919,0.71699297048933,0.717633668752834,0.720545694876712
0.560859940419148,0.547954071709626,0.542947713902933,0.54110439348908,0.541141154864855,0.541256813702254,0.541566659583785,0.541776724588212,0.541776724588212,0.547532505709529
0.358412787469463,0.35846005209546,0.356973842189134,0.357097255379235,0.354306016632903,0.354647372265098,0.355713452162568,0.356937409039929,0.357978256519875,0.357978256519875
0.000328104205655602,0.000328104205655602,0.000328104205655602,0.000328104205655602,0.000328104205655602,0.000328104205655602,0.000328104205655602,0.000333355830766293,0.000333355830766293,0.000333355830766293
0.507904809360607,0.494862808681418,0.483597252252563,0.464391977166124,0.449777237851247,0.449870290083677,0.442994640935826,0.439347633466378,0.436241297213405,0.433709111286986
0.814015759729635,0.799950923003496,0.781665338764567,0.73732882199413,0.688775906712946,0.681949409493866,0.678610688829744,0.675221093047362,0.668769471598879,0.652332746597161
0.852728442459661,0.835970752901374,0.815223469391809,0.801512953247357,0.77641346748395,0.769981047289777,0.770355717918768,0.771104484780253,0.769190267427406,0.7616275169848
0.341807825836758,0.325455434549221,0.320560919946057,0.308442077007517,0.298411514074419,0.301390272762692,0.297646458969426,0.298484093174582,0.298667305142799,0.29878515899538
0.555438950398638,0.533777186638352,0.514246228738409,0.497378419166081,0.48618129797695,0.486330969292604,0.483187871663856,0.483374304355286,0.480953305179257,0.480359871541749
0.374733033067359,0.36626376186834,0.354507014378351,0.341749073280833,0.331098080074892,0.331126964013,0.33055191106338,0.330554536875935,0.330554536875935,0.331602236085518
0.129661454675803,0.12687749845648,0.118705969784245,0.114336392036383,0.106655582599589,0.106495408033713,0.106498033846269,0.106878776666794,0.106898972857893,0.10710378623721
0.269580461471617,0.255871668516655,0.24203626216254,0.237832336261432,0.234843546148631,0.233971160955439,0.233971160955439,0.233971160955439,0.234462187903289,0.233312082004047
0.160023294455889,0.153109529997665,0.146642153673849,0.143022368495503,0.140515609871133,0.140132241238053,0.140132241238053,0.140142744488274,0.137755880875465,0.137755880875465
0.126507248629096,0.123999597638741,0.121877941094022,0.111786051077844,0.107737048117501,0.107739673930056,0.107306414858424,0.107802693431385,0.107759398295462,0.107759398295462
0.136458144819548,0.131043719330426,0.125911609719324,0.123953204864569,0.116627187835156,0.116627187835156,0.116629813647711,0.116637691085377,0.116862167287618,0.116862167287618
0.142815083159835,0.133245606757207,0.122999245111796,0.120083321297407,0.116467577408696,0.116562106660688,0.117694047270728,0.115076112153049,0.112825790793118,0.114322503949665
0.335791802074214,0.321771111821662,0.319025393997676,0.312841605429838,0.309671141910864,0.30979192928841,0.311640644926497,0.316202604472359,0.320592963064896,0.321173513809555
0.27963523111421,0.278052850823045,0.277563977862057,0.277204241541975,0.27405535891994,0.271764316951241,0.274629529760656,0.273993877980656,0.273870464790555,0.275949862164461
0.339377841458392,0.337742042293054,0.333375582697603,0.32770360192229,0.327160058723333,0.326739231233018,0.328822505783276,0.328398826824639,0.326418964157908,0.326602771036783
0.728211016122262,0.702644546007214,0.697019809343738,0.693874085902434,0.692662929861281,0.694492464759218,0.695825146687698,0.698071036988942,0.6981734436786,0.6981734436786
0.775759804270953,0.766104855618233,0.748599219764884,0.745737330249484,0.739538443259453,0.739867654508579,0.740278594173491,0.740912399679037,0.742351919355863,0.743018875744921
0.704795578829897,0.686694498951302,0.670384305292095,0.657259591517413,0.644020244613361,0.64533302780607,0.64556061190364,0.646714943719963,0.648462873287078,0.646804344431808
0.235721162452774,0.228594707177566,0.225460266524586,0.2168213432175,0.204164926700735,0.205157483846656,0.205709560936417,0.205885182665216,0.206142327668195,0.205940181129754
0.34575259634715,0.337693977614795,0.337880410306225,0.328520804023499,0.321895325064027,0.322360093886323,0.323168023586946,0.323435569269343,0.323435569269343,0.323435569269343
0.769709603916868,0.766578240387976,0.759732829112833,0.760281870106827,0.753206782289734,0.754062797182776,0.755208964363185,0.757620034685488,0.750467321284727,0.750467321284727
0.809909645346213,0.80030967464387,0.786265926474817,0.767350475449175,0.763517445571509,0.764445670309824,0.753559461738574,0.754013727310648,0.755819137555733,0.755895286119838
0.790565120137699,0.790541241654774,0.781988970162014,0.7780099615176,0.771393160048056,0.772537850208902,0.774966644765954,0.777915021982395,0.781156341412042,0.781951962616312
0.722359967239171,0.722493883679494,0.722556903180822,0.722698697058811,0.720653189078197,0.721545965347014,0.722919019143533,0.725381292810666,0.725381292810666,0.725381292810666
0.733554462615748,0.733554462615748,0.733554462615748,0.733554462615748,0.733554462615748,0.733554462615748,0.733554462615748,0.733585972366412,0.733585972366412,0.733585972366412
0.603700154316251,0.600084410427541,0.600087036240096,0.597733692765689,0.591789509593526,0.588299804707472,0.589486671982488,0.591295856833121,0.591295856833121,0.591295856833121
0.487635916075969,0.47935935490152,0.472768565387603,0.452382987557537,0.438889470203792,0.439246580711319,0.440200981518545,0.440788342964518,0.440788342964518,0.440176528639123
0.0237438407964189,0.0237438407964189,0.0226533721262788,0.0226300526542297,0.020111256064,0.0201701804260208,0.0201944589350774,0.0200984603563329,0.0200984603563329,0.0200984603563329
0.585462368071494,0.582985816548591,0.556299560463652,0.551281345472139,0.535595479776287,0.528183426357364,0.516767583188037,0.507288235749955,0.499561289965997,0.498883830326718
0.441085429038163,0.429921048449331,0.4168929153427,0.403633792787841,0.378345822916945,0.369055533982848,0.367415385815465,0.363634502934016,0.357327301176076,0.358608697703085
0.322101574434585,0.312581588444377,0.310328087389555,0.301806935878408,0.289348419468841,0.292540176686506,0.292875131900597,0.293827768490012,0.293531646581915,0.293531646581915
0.265736456518037,0.253839289598818,0.244867216323772,0.230454541490693,0.219051663270857,0.219264805399373,0.221066646180515,0.222054505583661,0.221618620699474,0.221311400630498
0.518006023062773,0.494779398104465,0.483966302001552,0.468822625570058,0.452663826415995,0.455428807036774,0.456836242566439,0.456988539694649,0.457700134897148,0.453123179499896
0.408549149778163,0.397710903314369,0.388856663377744,0.376300232879688,0.370709508694467,0.370680624756358,0.372001408471697,0.372208847663569,0.37203636460134,0.372018106998416
0.572293466794904,0.571348174274979,0.557904711473071,0.55314587752804,0.547816462720397,0.546995239843713,0.540937490278531,0.547404866602347,0.548255629870279,0.546120844262783
0.128601846995998,0.126965965774018,0.124904005436612,0.118983669976133,0.117921426226693,0.117580070594498,0.118567376115308,0.117498670405282,0.117587948032164,0.117587948032164
0.231609796444242,0.226881754254255,0.212287488071645,0.208973712626799,0.195297167932282,0.194950560674977,0.195352309995945,0.1953549358085,0.1953549358085,0.191077487155842
0.1075048996192,0.105137986027563,0.10515111509034,0.098888552145841,0.0988819876144527,0.098884613427008,0.0988924908646741,0.0988951166772294,0.0988951166772294,0.0988951166772294
0.204893979453895,0.197017546981727,0.193703176626224,0.190083247848754,0.189807537530442,0.189902066782435,0.190576695467553,0.190237965647913,0.190222210772581,0.190411269276566
0.146534885128131,0.135983488171848,0.134895673521234,0.127996576687831,0.126108617460537,0.126045597959209,0.125623908874149,0.126197402747565,0.126607029506199,0.129259756640236
0.40107227161178,0.39112077025359,0.373675979400547,0.365927945059504,0.358314606696886,0.360739790761675,0.369082817816431,0.367439182241748,0.36479761481107,0.366469600955687
0.495483649237473,0.47945413032344,0.466850476227709,0.461783560618958,0.452548906088378,0.450738080104897,0.448683299723697,0.451858030188073,0.447795980221596,0.447062681037195
0.504406570583748,0.494368909751086,0.482232198978674,0.469251863866214,0.446312478184469,0.446910096710737,0.450542990437699,0.45328815437935,0.461871935622774,0.461869309810218
0.663541027489653,0.639291853682644,0.61814417478671,0.59313556675471,0.58077418489553,0.587391232535001,0.589308075700403,0.591384560063506,0.590299278911725,0.585677848814317
0.690415316370547,0.688389748154025,0.680123649201477,0.659523780449902,0.642607065118731,0.644517754035957,0.649327955439101,0.655194061716064,0.65158377459407,0.652273337588096
0.48969701481863,0.475011583706364,0.464100717114087,0.459571190456116,0.455825099591025,0.458147753881192,0.463628152910767,0.466744376989144,0.465925123471876,0.476727716324567
0.750535346241239,0.744147728973792,0.735454730339394,0.721049276490842,0.703823946127776,0.709941597041877,0.711071352893814,0.719794302202672,0.719794302202672,0.719794302202672
0.771024807780527,0.763905081149992,0.740545278261143,0.740432122151336,0.734495324076985,0.738053300089478,0.740973531877591,0.746648241036262,0.746648241036262,0.746648241036262
0.517215981710183,0.502468638861261,0.497247210594956,0.490297259157454,0.486951973961944,0.488784791125575,0.484708586388292,0.488031470120439,0.488031470120439,0.488031470120439
0.783585300082379,0.763017966789497,0.746134074115269,0.738079312045104,0.737688065974358,0.740245607403264,0.740920687399915,0.7413989955682,0.743743846180123,0.745784102535627
0.81409436999301,0.805969285380348,0.800461315318942,0.799708035342127,0.793826953727934,0.794525419867656,0.795384306743181,0.797284000070331,0.794067379690033,0.794067379690033
0.886964114782824,0.878591219110251,0.878878499415135,0.879325297832755,0.874430126776452,0.875639887854685,0.877256896048924,0.878335858839244,0.878335858839244,0.878335858839244
0.959913208345795,0.960214684449806,0.956324296979134,0.950108834547347,0.948460316602444,0.949225248622473,0.950700955278577,0.952396491679549,0.952396491679549,0.952396491679549
0.778373390386588,0.762564521783846,0.744354839939095,0.726198987251729,0.716250275819379,0.716397321322478,0.717462170370313,0.71908049147083,0.718119444075573,0.718460799707768
0.357015691076735,0.346227417108135,0.343131625133704,0.338400731475395,0.330326193754423,0.329803657055909,0.337211710213517,0.335993333187837,0.335993333187837,0.334580646033061
0.560280005099308,0.554290321518959,0.549033444783157,0.546294722287932,0.534562058422474,0.534236457665611,0.534819593194503,0.526306708890073,0.523242385637985,0.519011668243149
0.470437623376559,0.464322105935159,0.462168939639776,0.455885370194834,0.448907724640537,0.447053900976463,0.443312118085096,0.443079897787233,0.443079897787233,0.436988874253576
0.340675095431536,0.339328053590644,0.336104376339103,0.332403047372416,0.330798060476283,0.330805937913949,0.329842264706137,0.329632199701709,0.325669253645036,0.319128026343101
0.281442261977981,0.278651023231649,0.277029009582227,0.276692905575142,0.27043822006831,0.27044347169342,0.270456600756197,0.269083300789751,0.268371705587253,0.268371705587253
0.395662318209666,0.395404988579242,0.393839101673191,0.386283449130148,0.382659827803771,0.382389369110571,0.382441885361677,0.382381491672905,0.382381491672905,0.382381491672905
0.333265339598599,0.33307890690717,0.331543709185359,0.324529609967695,0.321743622846474,0.321764629346916,0.314654995683392,0.313978972035354,0.312109393495948,0.306222321746863
0.146220915900322,0.145325513818949,0.142429242570403,0.141329027109714,0.141329027109714,0.141329027109714,0.141331652922269,0.141331652922269,0.141331652922269,0.141221871391879
0.292132416716486,0.292127165091375,0.287098487877962,0.283314691985709,0.281894127393267,0.28191513389371,0.281941392019263,0.279244682524923,0.27716503898109,0.273221068522961
0.275005267125997,0.273534812095004,0.273487547469007,0.271982956874795,0.268619290991397,0.268619290991397,0.268619290991397,0.268619290991397,0.268619290991397,0.268619290991397
0.291305942214691,0.286887130481417,0.285263619298272,0.27704482600004,0.272666324592323,0.266938422215246,0.261076623912007,0.257204965869953,0.250416419847961,0.237604464965614
0.388440554144364,0.377837112762668,0.359059804094429,0.343026982400541,0.307107979601957,0.29130206503834,0.277864571857162,0.272240881415875,0.272701732033499,0.270654213665147
0.439785241540055,0.433999427687636,0.421066767484385,0.411764129025614,0.40132213408775,0.403647414190472,0.404146318575987,0.403117369309183,0.402114924337858,0.400266352298895
0.220088141234598,0.215485091825077,0.20991960005738,0.200407819731408,0.188636302045795,0.18865950356142,0.188575477559649,0.188601735685203,0.188150095925683,0.187611804351838
0.0777766140461923,0.0739664318148825,0.0729079113855891,0.0679599676511722,0.0607755496152216,0.0607755496152216,0.0607781754277769,0.0610302534330901,0.060938349993653,0.0603501679812556
0.145207065055711,0.140457524025427,0.129361158136026,0.126015872940516,0.121720043599971,0.122484155053576,0.122534435261179,0.122553205718118,0.122379902089465,0.122356269776467
0.39696238262281,0.39455976413467,0.393063050978123,0.389239293501043,0.386868184763566,0.386889191264009,0.386925542356572,0.38695405703979,0.38695405703979,0.38695405703979
0.526542498651879,0.523520188400677,0.519122403682006,0.518179736974637,0.510387966443219,0.510763457638633,0.510842232015294,0.512202402918963,0.514636531157768,0.514568260031329
0.35793312536658,0.357746159306975,0.345667093325817,0.344872743999504,0.340769583655207,0.341160829725953,0.341206986587278,0.342502927654144,0.344345160817485,0.344281525891339
0.227996945052174,0.222264796243855,0.217635734878708,0.21043850574947,0.210233692370153,0.210233692370153,0.209288399850229,0.210316302894843,0.210316302894843,0.211282601915211
0.193519903115525,0.193538283803413,0.191194684555285,0.189322480203324,0.187513295352691,0.187544805103355,0.18758156647913,0.187657715043235,0.187111546031723,0.18704590071784
0.400580711295755,0.396827768701028,0.39505813515201,0.380476218494074,0.376261789342745,0.380041113147989,0.38351325791258,0.385983491074021,0.386156794702674,0.387062700034268
0.46120789224452,0.458670864976202,0.448863455081987,0.433754160383639,0.422158572139233,0.417417462428951,0.419894424235066,0.424384112393173,0.421370664259345,0.412751229404818
0.627994172078307,0.606786509776811,0.587137308255235,0.575110430298614,0.568852052242875,0.572737229116757,0.565698984732081,0.566952564057331,0.559894338880241,0.556528703637427
0.623400887409227,0.612378013500135,0.597720235476343,0.58527507378532,0.573077189786032,0.574659529048876,0.578482671101137,0.581701671124064,0.581961462453758,0.579451185650848
0.429295899919553,0.422254988694,0.411028409170263,0.394768926516031,0.369758226039651,0.373369702982959,0.377995687224018,0.383479491604251,0.388618411916668,0.380551915746646
0.714478672910944,0.710791375630101,0.703992244301246,0.697842591296627,0.681195924375445,0.681457931234483,0.682319197752636,0.683333499908781,0.677887564668994,0.677887564668994
0.707049100398879,0.685271390602947,0.657705651425252,0.642297301293843,0.628923094298081,0.630900331152257,0.632718870460118,0.633908363547689,0.634163067365558,0.630741633605943
0.747493834735726,0.738596104778653,0.701204780160462,0.692234922414759,0.685282427221344,0.682273779401093,0.684490703707586,0.683590050001102,0.67882420021315,0.67882420021315
0.62037357170284,0.603153698106491,0.598912805688002,0.591537226446607,0.573257919540818,0.57388286292899,0.576093674015627,0.577714251673808,0.579491926773777,0.581001768993101
0.874858216279616,0.839450446877061,0.82263827170825,0.80478479774796,0.792284863248165,0.792916945564223,0.791943179389401,0.789524149572789,0.776623532488377,0.774559643819876
0.887809462312361,0.863761204194157,0.856893473512293,0.840840650511832,0.826069224038378,0.826239901854476,0.826594386549447,0.827329614064944,0.827171408858485,0.826100077335904
0.765584370335778,0.750812041239259,0.736031260308577,0.732692539644456,0.728495752671232,0.728756118397423,0.729848456420447,0.727448463744861,0.726351448493223,0.725889305483483
0.843885608396324,0.834538043925864,0.822835946159682,0.814535752672235,0.803242543154907,0.804761329548247,0.806802406470174,0.808671246499798,0.808094552417331,0.808530437301518
0.878607056042226,0.879740094159857,0.879785635596364,0.880643127508969,0.875148860906836,0.876164065686046,0.8779628293431,0.879895509440477,0.879895509440477,0.879895509440477
0.675516045648306,0.659658353343363,0.644847949964791,0.638558677583206,0.614301421196925,0.614684789830006,0.614855467646103,0.615577566098823,0.616131612548001,0.616131612548001
0.239289887885415,0.233097750054217,0.233007877516679,0.220275845803984,0.219062351148524,0.219779197976133,0.21917825615585,0.218351125200916,0.217035593110688,0.215956384150441
0.234131663747885,0.230329035856211,0.227623956584352,0.221385251608617,0.213463646954834,0.212689032251007,0.217638688917833,0.216877203276783,0.216845693526119,0.215685084376656
0.592215137397419,0.583346660633345,0.575075843423861,0.560105306507735,0.544100732812978,0.542630277781984,0.542656535907538,0.542586746733215,0.542528978856997,0.539921546989539
0.56959486999779,0.566005384234633,0.560811280830232,0.554369260008904,0.548183461053328,0.542929210130082,0.542493325245894,0.542425054119455,0.542299015116799,0.537219298671841
0.351567909562496,0.349795486087637,0.349667888008776,0.348449510983096,0.346768990947675,0.346204441248275,0.344376875709755,0.345033328848591,0.345033328848591,0.34149250267435
0.320431475592743,0.32044985628063,0.309859954244922,0.302210962271201,0.301119178130513,0.301119178130513,0.300381324802461,0.300407582928014,0.300407582928014,0.300622899557553
0.57215011384071,0.570879220563923,0.567849032875054,0.560254485483535,0.556762154784926,0.556801541973256,0.556963316643658,0.556988097749649,0.556988097749649,0.556988097749649
0.452226464512245,0.446549457767589,0.4387691751661,0.435080729092263,0.42862110712115,0.428639487809037,0.428755023561473,0.426081946380131,0.42592439762681,0.424828941451377
0.349891000019338,0.349824657223994,0.344108529975095,0.342934791762856,0.331806598153302,0.331803972340747,0.330782531256717,0.330793034506939,0.331095002950803,0.33102935763692
0.476533160025545,0.474454213963171,0.472946710358155,0.467084953083237,0.461092848831938,0.46106396489383,0.461095474644494,0.461975121850535,0.459063095726656,0.459063095726656
0.457801844105346,0.452072854477758,0.450634196395677,0.4470140624766,0.442992425406483,0.44252080485455,0.441134375825327,0.440567200313373,0.440259980244397,0.44006907546596
0.414694617894022,0.405954026407058,0.400258556917871,0.395550475006137,0.392481474525435,0.391332927702398,0.38803753294544,0.387651538499804,0.387530751122258,0.387444099307932
0.156855384949909,0.154864701063468,0.152863524183886,0.151177752523354,0.149468348549824,0.150143182376548,0.149996136873449,0.149915844448905,0.151722403486982,0.158594760112059
0.290158913439538,0.287331672341373,0.279357202695752,0.274468083316823,0.268677899948199,0.268294531315118,0.268263021564454,0.268139608374353,0.268062639243824,0.268062639243824
0.344192084151173,0.343753983737642,0.340038458971828,0.334393905629222,0.330528709547754,0.329646436529158,0.330745954508388,0.331017233768012,0.333310388695252,0.333113452753601
0.344163713067079,0.34291645210329,0.340737704649652,0.33924324805077,0.332384112802193,0.332373609551972,0.332344725613863,0.332265951237203,0.332234441486539,0.330637947452888
0.14781071206054,0.146988832730717,0.146268693380333,0.142878769371382,0.140378995818693,0.140378995818693,0.140378995818693,0.138845521286372,0.138845521286372,0.138714230658604
0.239616452807826,0.239627940737755,0.237903746054441,0.236210096956243,0.234354509074359,0.234354509074359,0.234435909263575,0.234527812703012,0.234527812703012,0.233233287113226
0.216243336228755,0.213199055311562,0.212047964732612,0.210479944353859,0.207716748465052,0.207716748465052,0.207409528396076,0.20744103814674,0.20744103814674,0.20744103814674
0.275882001321234,0.275281408241681,0.269874860190224,0.259287583967072,0.251588701554799,0.251588701554799,0.251588701554799,0.251588701554799,0.251880166748442,0.251806643996893
0.424171913916044,0.419223775297102,0.410813707965542,0.406404968685117,0.399543720478,0.399543720478,0.39954897210311,0.397067579238309,0.400567787374584,0.400470632310037
0.500775810329487,0.491577588948112,0.479732097199416,0.473440814430093,0.464601139547486,0.462760444946189,0.462542502504095,0.46250048950321,0.462106617619908,0.462014714180471
0.18667303533498,0.186591635145765,0.18549404549763,0.183535722699518,0.180204489704011,0.180012805387471,0.180012805387471,0.180012805387471,0.180012805387471,0.180012805387471
0.147058026994382,0.145879037157032,0.142969636845709,0.141446542478646,0.139794906381333,0.139794906381333,0.139621602752681,0.140286815438088,0.140315699376197,0.140200163623762
0.167428434602693,0.166971543218063,0.166819246089853,0.16565338531528,0.165364545934192,0.16501006123922,0.165696095797625,0.170570886035383,0.170513118159166,0.170360821030956
0.302495821905135,0.294206439380318,0.292951772804556,0.287167415457539,0.283648826633377,0.28086616280617,0.281420045142064,0.279080097414521,0.277180793856422,0.277175542231311
0.658053325418908,0.640366918782452,0.629758266803966,0.605726502070875,0.576990594144884,0.569040946633575,0.559499564373874,0.544389982477277,0.533599410922691,0.521486537604883
0.239185573378822,0.234080993771231,0.228034814192621,0.217807992285171,0.201348640164324,0.201261988349998,0.201350609523741,0.20125614181423,0.193533627088959,0.192162952935069
0.190873309715504,0.184905842971072,0.178507066000265,0.169272011443553,0.162546187467562,0.16427924426825,0.164473328741579,0.164533742944513,0.164533742944513,0.164982756891477
0.0842685663343933,0.0769893728765231,0.0743475438902981,0.0707814032418908,0.067970173446065,0.0667065062823452,0.0676553939089127,0.0676921552846876,0.0676921552846876,0.0690313196879137
0.146333877125603,0.131321419522314,0.131033503278452,0.124814255984037,0.122272213003455,0.123333041275814,0.123427570527807,0.124729973555258,0.125017530801309,0.125949068576559
0.335230780810436,0.332045649666641,0.312696036946301,0.302098872897745,0.293299775024782,0.293310278275003,0.293326033150336,0.293347039650778,0.300092752105461,0.304204774567132
0.371396281762653,0.365900456084316,0.364773531186539,0.353816015393083,0.349950819311615,0.34766865997445,0.347813079664994,0.357009331686952,0.357009331686952,0.35687541524663
0.516307204396106,0.502117887743516,0.478988335793114,0.469214979405476,0.465363486783281,0.466495581249525,0.467174148653476,0.471031467297279,0.477883320018846,0.480564849034351
0.0873160218179374,0.0882580423292478,0.0843583978436109,0.081463418987182,0.0797487633885414,0.0804157197775992,0.0804281975157772,0.0804360749534433,0.0810899022797243,0.082562983123273
0.240154580268387,0.237990541467892,0.236183120835069,0.234069567383783,0.223166516686689,0.223240716405538,0.223372007033306,0.223733733226965,0.223733733226965,0.223528919847648
0.455578642465713,0.48257289815773,0.476059241887626,0.45647662933132,0.454898844212127,0.459603972084736,0.468592210518326,0.475555824386781,0.477561945179065,0.477955817062367
0.126258165691228,0.126674910863586,0.123303706026173,0.122821120655405,0.121092197458075,0.117336505965829,0.118066563912857,0.114418099938008,0.114091524758517,0.106576951822053
0.351974623310326,0.34549259987585,0.339984568271962,0.335838861558604,0.325703225094971,0.322930367036526,0.323724839447803,0.316299554395301,0.311439175355356,0.310904514787935
0.651895712919981,0.651625787594955,0.646277007419717,0.636432836149727,0.625313627742511,0.625501168198612,0.620993755805756,0.621960752307583,0.62045616171337,0.62045616171337
0.69703942088126,0.690185229545385,0.685472757603285,0.6805677397499,0.672713934396862,0.671489813406216,0.672616861388956,0.678675472548883,0.681718789300528,0.68315851411896
0.744712360729834,0.737373706977498,0.733708154706878,0.732330998078241,0.728787135808233,0.734365264298853,0.735850079242258,0.737207870503299,0.736664327304343,0.737058199187644
0.822340980493,0.810033468819526,0.792256963989765,0.775166124463518,0.766652665762592,0.76790058317952,0.768883293528358,0.76798214748202,0.764613229973512,0.760585233513612
0.702948073527284,0.684083333506617,0.669637097506814,0.649337638122899,0.637561525265314,0.637678866263881,0.630646940240666,0.627889508830984,0.626513583051983,0.616183636459254
0.642245400467554,0.628137484004179,0.623343693929505,0.601801650810415,0.596835705900082,0.59967769667971,0.598478397823377,0.600470692071425,0.602970465624113,0.603093878814215
0.714421069148012,0.694915712920482,0.680441413548995,0.66578355346856,0.638229999702255,0.637939231990072,0.638569016720143,0.639238188638544,0.637941037236204,0.638114340864856
0.718940338725688,0.704414343669517,0.700353524552676,0.685829293714315,0.675421229198065,0.676027135445211,0.671048143528743,0.657623020386401,0.65077490124206,0.650299629169543
0.495180778170542,0.48378048473494,0.473288312160277,0.470063157889174,0.458317816272471,0.460048883199583,0.46438590497459,0.466965806838538,0.469252889574244,0.469252889574244
0.590087285576202,0.576131953439286,0.562244851400487,0.554071640567084,0.543318815067981,0.538048850297724,0.540561588799905,0.542807930412682,0.542948780639283,0.542441998816102
0.879018159820422,0.848163057048982,0.839994154189302,0.820426927253437,0.810160984841745,0.811393885893122,0.815016358426506,0.817795616903054,0.8176459455874,0.8176459455874
0.859877299198232,0.836756855535131,0.818478984620583,0.778578285822547,0.756771569003542,0.756267987389412,0.756921486489124,0.758070935935227,0.754444688796295,0.751582553110968
0.673411662026802,0.664193623966299,0.657466251171183,0.650747740493441,0.632053801373834,0.632529073446352,0.629077730040599,0.630246216627727,0.630246216627727,0.628872916661282
0.44698722995455,0.436661304137297,0.434689318908232,0.426653717064058,0.418280862419806,0.418288739857472,0.415088859032214,0.414094209441913,0.413408872364968,0.411231007020236
0.565612989370893,0.561864108579962,0.550670269656525,0.543853660262848,0.536237655059353,0.534205276141516,0.534328689331617,0.5304597186446,0.526439476537403,0.523445393771171
0.55351771720287,0.547334749201455,0.543231178573946,0.536865347345044,0.526773200901859,0.524150014159069,0.523593341897336,0.523947826592307,0.523684547855313,0.51951914754779
0.494579097840477,0.493066629808598,0.485538096985854,0.480646208195245,0.479068094849483,0.479062843224372,0.478167441142999,0.478167441142999,0.477340310188065,0.477340310188065
0.149437310624854,0.148468385791931,0.14625745162033,0.145774302110147,0.144466083318169,0.14443719938006,0.144182495562191,0.144179869749636,0.144424070317283,0.148168479021206
0.462909336723741,0.456182004956946,0.445739353565943,0.441805024763291,0.4378059122415,0.437892564055826,0.434171787664902,0.432349473751492,0.432349473751492,0.428888652803547
0.358358548028867,0.354474971259511,0.352717317980277,0.351212522244458,0.347905106189395,0.347690076758105,0.343638427471046,0.343664685596599,0.343688317909598,0.343688317909598
0.116619771966103,0.116614520340992,0.115175575060663,0.113019782952724,0.110129665952355,0.109995482827945,0.110013863515832,0.110013863515832,0.109956095639615,0.109956095639615
0.412105115402918,0.411222842384322,0.410093742985523,0.407333726791607,0.39857139029442,0.396972270448214,0.389089581157067,0.388690457648655,0.388690457648655,0.388690457648655
0.297252484515322,0.294471749019211,0.290782482378951,0.286923420031498,0.282915322307369,0.282805038180045,0.280709598732558,0.278821639505265,0.27848553549818,0.27848553549818
0.370481227115437,0.369096193049134,0.366047706729021,0.358106757221802,0.352813078081905,0.349809435716838,0.349608314886427,0.349253830191455,0.349146171876686,0.349146171876686
0.284937239003306,0.281723572662133,0.280560747983327,0.274875761230201,0.271942113181063,0.266863504500776,0.263266141299953,0.264126300053435,0.263958248049892,0.265186512900976
0.49628825564408,0.487580240644131,0.477578397535857,0.471196072921842,0.465298744092463,0.462280864899948,0.46140445893128,0.461614523935708,0.464573814685582,0.464122174926062
0.626654843561796,0.618682179162307,0.609688524990322,0.606722095312563,0.593302675106865,0.594527124324079,0.594767016918002,0.59500321696302,0.595278927281331,0.593853111063779
0.619616886375368,0.610735075406912,0.60652544656916,0.601827867907648,0.593820698690049,0.589251128390609,0.587832943440795,0.590404926838756,0.586967738203809,0.58693360264059
0.371561831038604,0.369827769044046,0.361834713568933,0.360842156423012,0.355063358413514,0.355058106788404,0.355115874664621,0.355077061872788,0.352976411828511,0.352955405328069
0.205041435240206,0.204243188223381,0.199360346177592,0.19900060985751,0.19827851140479,0.19827851140479,0.198567350785878,0.198787919040527,0.198787919040527,0.198601486349097
0.266126287111702,0.266354732804018,0.26385118464578,0.263016586536392,0.25915926789259,0.25915926789259,0.259519004212672,0.259705436904102,0.259582023714001,0.259574146276335
0.192618100616049,0.191515259342804,0.189791167230293,0.186821373230197,0.184632861036119,0.184530823601352,0.184486184787911,0.184336513472256,0.184236732595153,0.184189467969157
0.366320011696674,0.362654746624303,0.352830802316653,0.346912220816905,0.34087947801348,0.340842367896975,0.340842367896975,0.340146527569809,0.340133398507032,0.340683465209056
0.490772818428219,0.474029570838987,0.465436188968407,0.453550776663205,0.441452837654305,0.441405573028309,0.440746494076918,0.440746494076918,0.440665093887702,0.440392009381946
0.201230129858604,0.200739349080681,0.199552481805665,0.198401309170073,0.196656005415513,0.193591682163425,0.193591682163425,0.191690593873355,0.190879217793753,0.190910727544417
0.199941655946192,0.198014309530568,0.192836166143106,0.190717258495906,0.187205131632329,0.187205131632329,0.187257647883435,0.187247144633214,0.187226138132771,0.187226138132771
0.311801660572958,0.309551585382954,0.304596718119338,0.301355788458742,0.296225012268079,0.296490219336169,0.32552267996763,0.353385053907437,0.352883523709366,0.352279586821637
0.492323032515581,0.491655829956597,0.484081796725666,0.480498793437255,0.470554677176877,0.47045752211233,0.506445062721441,0.552032204778004,0.551745991209472,0.550312297554253
0.387312357368631,0.385209902078223,0.380899425627018,0.37750055744405,0.373017597930616,0.372768145737858,0.372276421308548,0.382321672380628,0.381996728076904,0.379730651841641
0.19984784468982,0.197837826207024,0.19261639794072,0.18640085345229,0.181840719666721,0.181719932289175,0.181641157912515,0.181369078600628,0.181224022971106,0.180181575386634
0.176089390118252,0.171050917393157,0.166987554520403,0.16575342261939,0.162254404304429,0.16196031329823,0.162314797993202,0.161917284846396,0.161917284846396,0.161694090779191
0.26073171933003,0.259085457942792,0.249743493838172,0.243503086187109,0.235950490253994,0.235950490253994,0.236111772584542,0.236261854183409,0.236261854183409,0.236240847682966
0.0678681924252388,0.067778914798357,0.067771037360691,0.0671422988528099,0.0667851883452829,0.0667851883452829,0.0664044455247578,0.0664648392135308,0.0664648392135308,0.0664648392135308
0.104347206165192,0.103971714969778,0.10296077713597,0.1021651559317,0.101787038923731,0.101787038923731,0.101787038923731,0.101810671236729,0.101810671236729,0.101792290548841
0.0952440474039851,0.0944720585127136,0.092788697266051,0.0921873861908769,0.0902679172129194,0.0902679172129194,0.0902679172129194,0.0902705430254748,0.0902705430254748,0.0886084036779411
0.147815020034264,0.147379135150076,0.146422303414821,0.145273561707259,0.143747964612603,0.142944465970667,0.142949717595778,0.142954969220889,0.142954969220889,0.142511206899035
0.256277807867989,0.254891378838767,0.254246516200663,0.250365565243862,0.250194251488787,0.250175870800899,0.261433426707125,0.264481338630742,0.264478712818187,0.264497093506074
0.0250604601371581,0.024607017695777,0.0242105199999198,0.0236433444879652,0.0235514410485281,0.0235514410485281,0.0236590993632973,0.0237982674287306,0.0237851383659539,0.0224577131911246
0.0694010515327428,0.0675656085565564,0.065814191582141,0.0631411144007994,0.0553537492853677,0.0553537492853677,0.0553616267230338,0.0553668783481444,0.0549519999643999,0.053888545879485
0.0904129420712008,0.0877057088124791,0.0871464107381905,0.0864715769114667,0.0846545146231677,0.0846518888106124,0.0846518888106124,0.0846518888106124,0.084649262998057,0.0840164421722188
0.116238475263242,0.114380117969678,0.111682023769499,0.109605990717929,0.111698906923663,0.11167790042322,0.112284729807593,0.111993264613949,0.114766871439256,0.114593567810603
0.208860064177138,0.205222595792364,0.205787124977603,0.208359436602133,0.205017741384726,0.206104827782639,0.213414905309275,0.217995717368718,0.218464999306343,0.217916778878773
7.52056138855378e-05,7.52056138855378e-05,7.52056138855378e-05,7.52056138855378e-05,7.52056138855378e-05,7.52056138855378e-05,7.52056138855378e-05,7.52056138855378e-05,7.52056138855378e-05,7.52056138855378e-05
0.0422255481033854,0.0409914162023731,0.0396785099247004,0.038869759657654,0.0388881403455414,0.0388881403455414,0.0388303724693238,0.0388303724693238,0.0388239207658187,0.0388239207658187
0.529025860876097,0.513281365709283,0.506659804954483,0.497573960144812,0.488268244561953,0.48100500086394,0.480088592282125,0.480489972348202,0.467667924498845,0.46639190268191
0.882860626211958,0.856132480211097,0.836558114347348,0.823362749803598,0.790152047000086,0.787408729332889,0.787959493516373,0.788797784174667,0.785515518480485,0.785515518480485
0.523731320141455,0.511153636973029,0.497788251066321,0.479924930308949,0.473445901941919,0.473593809039763,0.47378294960039,0.474101944797543,0.473797350541123,0.473411356095487
0.368208873547034,0.345868583411118,0.33091542198901,0.323056262440059,0.316002283694211,0.32172224709114,0.325303855416631,0.327241684568316,0.327241684568316,0.330001413563984
0.179190700401881,0.173714506775227,0.166904420884617,0.16060010136624,0.158528745543285,0.157438623049604,0.159698709149976,0.161431745436504,0.159052759261361,0.155841390506173
0.196746595948673,0.187538876510945,0.17798832442146,0.173845961516279,0.171263403068534,0.173442817232391,0.178032737579135,0.179072559351051,0.180008641012871,0.182369964495748
0.257970082517427,0.251720669149866,0.247173746483716,0.238438365593542,0.229429202716152,0.229544738468587,0.229618261220136,0.229691783971686,0.231897466518176,0.235268907268437
0.43353917198067,0.419014736000704,0.407807603901205,0.403479157045324,0.390552281835358,0.397502028131255,0.404200475959941,0.406615074717866,0.403563100990452,0.404979275552528
0.584458733278855,0.569201654567627,0.559290360964191,0.53674460099582,0.519505567173481,0.519957206933,0.518063052429209,0.518677451538839,0.518861258417713,0.524263047183912
0.475617079670299,0.455207869527234,0.447078969280702,0.433754488610208,0.424761737061289,0.428939404836843,0.429265867188451,0.436755997502574,0.439796688441664,0.440279837951847
0.536269821263156,0.535556995211022,0.515613702683247,0.492817218644162,0.482482020426322,0.479112077209785,0.489891448032689,0.502642968197943,0.503838410392085,0.50729574393273
0.358851380222848,0.359579756008709,0.346488808542355,0.336466061504441,0.333354473626357,0.32162047634046,0.319073479190096,0.312544334728748,0.310435807246806,0.309905393110626
0.460585615697224,0.454745808574136,0.450581926314497,0.44841366159692,0.446725264123833,0.446318263177755,0.446739665064566,0.44487738956633,0.441792059813799,0.438642807936874
0.232404186798876,0.225640093656306,0.225640093656306,0.225204208772119,0.225204208772119,0.225204208772119,0.22520946039723,0.219997222474869,0.219997222474869,0.219997222474869
0.283049608002582,0.282789652559603,0.279609608927635,0.279005672039905,0.275542245793565,0.27745393990466,0.277066858208513,0.279567390785143,0.280557999085808,0.284159813859479
0.707386681425526,0.693351138920708,0.679035167840644,0.665543209563104,0.649477298528186,0.651524652783254,0.651502128234927,0.655125749561304,0.659843103873624,0.667187501590925
0.873285764842176,0.870868047931842,0.867490596532529,0.860166384749247,0.859822567417781,0.861698956658502,0.864760325871466,0.864109042301098,0.863977751673331,0.864453023745848
0.793999682960091,0.791413011423148,0.789165069705846,0.785977333263656,0.778576152349846,0.778831676734138,0.780523848812773,0.782062574970206,0.782220123723526,0.783665879705171
0.7888296221519,0.773342169417261,0.755211672232383,0.742309085788554,0.739378678976788,0.739546730980331,0.723726210334374,0.72392052046347,0.72331133195063,0.719506529557934
0.65196784070861,0.632248644871105,0.627799369609357,0.621748266632206,0.61691151990526,0.616961410343811,0.614860760299535,0.616157255248737,0.616382418675358,0.6172070469027
0.852004046420956,0.849586001284052,0.841280556171494,0.83955392030307,0.839879521059933,0.841817042499208,0.845508852895382,0.848585894927035,0.850426097188478,0.852626856336426
0.848098970811303,0.84658010236132,0.84709623864173,0.848558488008488,0.850475741457102,0.855879991922572,0.864074496454667,0.86920352894168,0.869789085141522,0.870847287601326
0.867070466523673,0.852942692352849,0.841758700226494,0.83460762795858,0.832276726975857,0.834914437744344,0.838994458115497,0.83784451632954,0.83784451632954,0.8389053446019
0.628052924634233,0.612508114306588,0.584405273376361,0.578949573396135,0.565093242598219,0.562273940480202,0.560310448113621,0.56023302767156,0.561010268187942,0.552271564003752
0.755403520662207,0.734322841014756,0.712827529153486,0.698328202506081,0.682895481551892,0.685044134731946,0.688650031823574,0.691033613170689,0.68674045067102,0.68674045067102
0.471959527922308,0.463664052691797,0.460972594822568,0.455079532938592,0.442167551009214,0.443413293925119,0.444368063987235,0.445629766920079,0.446367620248131,0.446929544134975
0.631375685281416,0.626961899517487,0.622853446519758,0.617664061372293,0.604907863978425,0.605041780418748,0.605520662983529,0.605601365691285,0.597676663399252,0.597676663399252
0.541952818142705,0.533946346406566,0.532351534534085,0.522039968629243,0.520330564655713,0.518988774439932,0.518998005812197,0.517754724595562,0.517332748312254,0.51677082442541
0.429380623402784,0.424376809352004,0.413848490826383,0.407429076610023,0.396600225631779,0.397014529619027,0.392710822840816,0.392859960788295,0.392844205912963,0.390361048830351
0.669189970862625,0.655419225142685,0.64256730867551,0.629214190236834,0.620717060807736,0.621514528286459,0.620558732516313,0.625248967108336,0.626215266128703,0.625734742431075
0.331583260486973,0.329004712557624,0.328448040295891,0.320896203386718,0.319465771483033,0.319471023108143,0.319478900545809,0.320187869935753,0.319704720425569,0.319654829987017
0.367415837126998,0.363332698603436,0.358152790998163,0.354023290471671,0.35088220323066,0.351630559808933,0.347725894482492,0.347728520295048,0.348592412625756,0.348946897320728
0.300765575544447,0.298373460306527,0.294731458292263,0.291666211902948,0.287163661366152,0.287176790428928,0.284592990874468,0.284543100435917,0.283663453229876,0.283663453229876
0.570686428482711,0.570615531543717,0.569738510150231,0.565707887877776,0.552323341745078,0.551811308296786,0.551863824547893,0.55116322493547,0.55116322493547,0.55116322493547
0.383005450381368,0.382585320372513,0.382421535314374,0.373224093471101,0.368803045694323,0.369149447810023,0.369068047620807,0.365984810312656,0.365961177999658,0.365961177999658
0.256846686055272,0.252957857660806,0.252257729874076,0.247965387940831,0.243611790724069,0.243682687663063,0.242011645169834,0.241253236652872,0.238871624665174,0.237716267140822
0.324694359191382,0.323005756576689,0.321509822958245,0.316207466328418,0.310599264078376,0.310147624318857,0.310026836941311,0.305596660363071,0.305523137611521,0.305523137611521
0.17936769657944,0.178125092330105,0.174215257435195,0.172965165517245,0.172053588020248,0.171961684580811,0.172095611278214,0.171662341949502,0.171489038320849,0.171489038320849
0.272820324395862,0.27071704853903,0.268993920592067,0.26662039118364,0.262910630896952,0.262662553152954,0.262457103834658,0.262092115889465,0.262092115889465,0.259615974649775
0.365424937841871,0.363250559904439,0.359731971080276,0.354779360374325,0.349574589606419,0.348907633217361,0.350175900681593,0.350322741043087,0.349810707594794,0.347371327730878
0.550787241400201,0.5497612051442,0.545744409415981,0.53520702363138,0.52813833623239,0.528307044689071,0.52765321736279,0.52575315478075,0.525091450016803,0.525091450016803
0.695736443457312,0.690392914907185,0.686947889862893,0.684692316877851,0.680813376308788,0.680800247246011,0.680700466368908,0.680804473163093,0.681122196482289,0.681106441606957
0.20425151697258,0.204518426715998,0.203376198254423,0.200794101375292,0.19720443098469,0.197088895232255,0.198165478379946,0.199524685118067,0.198434972907599,0.198151385151622
0.142304280561178,0.141472872403761,0.140657219121677,0.136210015790148,0.133914173507871,0.133914173507871,0.134118986887188,0.13430377844577,0.13430377844577,0.134282771945327
0.266037953136208,0.266051082198985,0.260739083913681,0.260266437653719,0.259445809687692,0.258550407606319,0.258568788294207,0.258571414106762,0.258571414106762,0.258571414106762
0.148066698013445,0.14456648987717,0.144044650660116,0.14362729006294,0.140490500538573,0.140490500538573,0.140477371475796,0.140435358474911,0.142795963962166,0.142450700382379
0.54500064800968,0.536953927490466,0.524445294986582,0.510317028475904,0.496537010355378,0.496537010355378,0.495617975961007,0.49533438820503,0.493638113294277,0.4934779387284
0.276149382890347,0.27537476818652,0.270796335769705,0.269609468494689,0.266266275743559,0.266266275743559,0.265806758546374,0.265806758546374,0.26539713178774,0.26539713178774
0.420653243035239,0.414918468414365,0.413051515687514,0.409777127430998,0.402583754963951,0.402583754963951,0.40254293178438,0.40254293178438,0.40220420196474,0.401492606762241
0.349933423303435,0.345577200274117,0.33906026173832,0.3287341102653,0.320380333790395,0.320385585415506,0.320285804538403,0.319273882024886,0.318735590451041,0.318404738069067
0.375480815249136,0.3707308844498,0.366575905335857,0.359505987087232,0.355104509819655,0.355109761444766,0.355091380756879,0.35487048427566,0.354450354266805,0.352834371780596
0.550580827916358,0.548064602006877,0.542399534503683,0.539321384707358,0.532699741895916,0.532702367708471,0.532776587941481,0.531571339978578,0.531571339978578,0.530469606470004
0.137610825245943,0.137248463113305,0.134190776192168,0.133526445615665,0.132754456724394,0.132754456724394,0.132785966475058,0.132793843912724,0.132793843912724,0.132793843912724
0.165597535513077,0.165552896699636,0.16241544046505,0.161607654363551,0.15815951116685,0.15816476279196,0.158235659730955,0.157889052473649,0.15782078134721,0.15782078134721
0.331028578098817,0.327914364408178,0.326777387571713,0.325210557014274,0.315051144638519,0.314691408318436,0.314822698946204,0.31475705363232,0.312819203966475,0.312819203966475
0.0609829221360719,0.0607912378195317,0.060094935923752,0.0581885960085712,0.0579680277539222,0.0576004139961738,0.0576004139961738,0.0576791883728342,0.0574848782437386,0.0574848782437386
0.311858833538518,0.307366068256322,0.303071674907018,0.298555277311824,0.294029156004511,0.293953007440406,0.29390574281441,0.293939878377629,0.294567447578357,0.294294363072601
0.0613824559276962,0.0599364127478033,0.0596029345532744,0.0565307338635203,0.0561001006044436,0.0560239520403386,0.0554226409651645,0.0554095119023878,0.0553543698387255,0.0552493373365117
0.0554820397171489,0.0542961468647607,0.0535950549124835,0.0533114671565062,0.0527705497701051,0.0527705497701051,0.0527285367692195,0.0527600465198837,0.0527390400194409,0.0526370077132132
0.207898832154436,0.207561087014505,0.206463497366371,0.204454935388977,0.201850785787213,0.201850785787213,0.204469418386352,0.208873972778017,0.208795198401357,0.208080608131412
0.0491972548081925,0.0461801961821006,0.0451535034729605,0.0433285637469955,0.043073859929127,0.043073859929127,0.0432641544112873,0.0433346308099896,0.0433346308099896,0.0432913818309286
0.0135463284959101,0.0135016896824692,0.0133887797425894,0.0133310118663718,0.0133310118663718,0.0133310118663718,0.013370399054702,0.0133730248672573,0.0133730248672573,0.0133730248672573
0.104147254641935,0.102687928543061,0.100713512385967,0.0999369796081248,0.0991229777159677,0.0991151002783016,0.0989522998998702,0.0989522998998702,0.0989522998998702,0.0989444224622042
0.0530441471298757,0.0513702788110255,0.0495292098262976,0.0481055014387455,0.0464906267172081,0.0464564911539886,0.0464354846535459,0.0455370669905666,0.0454889869266869,0.0451975217330436
0.239516425760796,0.238427534116751,0.235103645190735,0.234434062989122,0.23278523733181,0.23156686030613,0.232815434176197,0.233639631606166,0.233456645293716,0.232980798824701
0.132969270756998,0.133210845512089,0.133326381264525,0.133591588332615,0.132648921625245,0.131002537153044,0.131002537153044,0.131748565374091,0.131748565374091,0.131730184686203
0.185378407174392,0.184871625351211,0.184407000128039,0.180544860656498,0.179626051917893,0.179538620565465,0.179522865690133,0.181066843472676,0.181066843472676,0.180801636404586
0.0021052702178814,0.0021052702178814,0.0021052702178814,0.00215646683150169,0.00219611525484562,0.00219611525484562,0.00219611525484562,0.00219611525484562,0.00219611525484562,0.00219611525484562
0.718410745155932,0.713844539178829,0.695788057085354,0.684489021546417,0.68264656272731,0.68308601707544,0.682637905751541,0.683479396618887,0.678080890118382,0.676095693769898
0.694051410306562,0.673536880463035,0.656060702944292,0.626960012214713,0.613689935098099,0.612062833936851,0.612546845041779,0.61291942322639,0.612470409279426,0.612470409279426
0.65740901666314,0.646933747756802,0.635112831972491,0.617682606173465,0.612274622130768,0.610089946084721,0.610711073839023,0.611359649540194,0.612998156574729,0.612998156574729
0.310525310529454,0.295956235736047,0.282160934565883,0.274763343630175,0.268588868491244,0.267598937157879,0.267462394905001,0.266401566632641,0.266401566632641,0.266493470072078
0.455099595787647,0.439272182383733,0.426052898328738,0.411316756211497,0.400579644559405,0.395695756291426,0.395816543668972,0.397494437891837,0.396861617065999,0.39554083335066
0.334807306993405,0.323433846079853,0.321007595278714,0.314750324987647,0.310894647476692,0.311073202730455,0.311159854544782,0.311207119170778,0.310876266788804,0.310876266788804
0.243542534917921,0.236726233236653,0.224979619741995,0.218049279842015,0.212900410161712,0.213156324315055,0.212925252810185,0.213062492544523,0.213524635554264,0.213280434986617
0.407709217987022,0.404339808138659,0.384960983253641,0.377676117630368,0.370316580462552,0.378154097572083,0.382205726344981,0.387651456443162,0.385541739139905,0.397795503712636
0.395761483661952,0.392723418535417,0.388324813250323,0.386517187475895,0.377258572405747,0.378695097015127,0.380727270791358,0.389777708159853,0.390105442389417,0.389714770715167
0.334693166203889,0.330828154749866,0.330403162884952,0.323681328913194,0.317358372279923,0.318000116765617,0.318699218844317,0.319695365968341,0.320070857163755,0.318656610932774
0.12712739170369,0.126153215245657,0.120578615190659,0.120087588242809,0.117868776633542,0.117879279883763,0.11800531888642,0.115839844094684,0.115839844094684,0.115796077133068
0.0300706643489616,0.0300864192242936,0.0300864192242936,0.0300864192242936,0.0275997747343815,0.0274527292312822,0.027618155422269,0.0278883730740826,0.0278883730740826,0.0278883730740826
0.385893967277212,0.385228036596184,0.383476209338556,0.383476209338556,0.383168989269581,0.383852233902146,0.384282867161223,0.385596717090283,0.387112426359535,0.387564845657156
0.418176240200804,0.41040100408282,0.406830760602295,0.400284609901819,0.39117583026061,0.392512902219457,0.394536254906635,0.397421940848317,0.39999261134,0.400175638680772
0.5146055958036,0.514897060997244,0.512418458058282,0.505921049003365,0.487191579357619,0.489054593365636,0.491960670382944,0.493024411666107,0.49137540138135,0.488426613881697
0.75692690222752,0.752667588092822,0.752346664564574,0.750415215316832,0.744650654134783,0.746575046511282,0.749123479652887,0.753760664625627,0.754361975700801,0.757346047556666
0.907728055790788,0.907587164535865,0.90744340129846,0.907535304737897,0.907582569363893,0.90786615711987,0.909195720895941,0.909565960466245,0.911393526004765,0.912296805523804
0.859621036304158,0.850968737764368,0.847133000017505,0.84718264428613,0.847211528224238,0.847311144988057,0.847447933410862,0.847529333600078,0.847529333600078,0.847724792522166
0.885906322606232,0.886140430206869,0.886416386695108,0.886624236170192,0.886768902030663,0.891260272349939,0.893075447335464,0.893979137137714,0.894718139258759,0.895055227945552
0.144845349119131,0.144845349119131,0.144845349119131,0.144847974931687,0.144850600744242,0.144858673066434,0.145058429705166,0.145300199344783,0.145300199344783,0.145300199344783
0.306666473837768,0.306174031412838,0.305450599539679,0.300073017482974,0.300117656296415,0.300146540234524,0.300262260614405,0.300482828869054,0.300482828869054,0.300482828869054
0.697754134236168,0.684859343173363,0.681575805601225,0.675837830771299,0.674808758419531,0.675055584799733,0.676943544027027,0.677626255291416,0.678290585867919,0.678290585867919
0.337486189682193,0.330682729865453,0.319951957088983,0.315075843687867,0.303643096850215,0.302848829580544,0.303223089926323,0.301901034333028,0.302552235846753,0.30173035651693
0.434348701785818,0.420426110249202,0.416336817477463,0.410330886681928,0.403957219043681,0.404834732777021,0.405177319258851,0.409190791693054,0.409844619019335,0.409427114823035
0.585739391296083,0.571877070363275,0.568405253825255,0.557606927917966,0.556769293712811,0.556906820645397,0.557156272838155,0.55727180859059,0.553729587453429,0.544902139010533
0.711889539674732,0.707528803530084,0.699984023492153,0.694096951743069,0.678184814855924,0.678216324606588,0.678618073927556,0.671552012341121,0.670485932443651,0.668500284783635
0.487556403189527,0.485098642637724,0.483753200901358,0.477252345467461,0.465724289839714,0.464800578216729,0.464503861397975,0.464847842842725,0.463822996408038,0.463275965801781
0.515589208775504,0.51458327639688,0.505949604714904,0.499114819774946,0.493151599461756,0.491067483830915,0.493060475560422,0.49149286546488,0.489402718670826,0.489962016745114
0.299785675635609,0.298890273554237,0.296516539004204,0.295613259485166,0.289202933041947,0.288459828088784,0.288446699026007,0.289447154123754,0.288218273847853,0.287462039831913
0.361052672738973,0.358949396882141,0.356533649331223,0.347115885403229,0.342856817438458,0.342090080172297,0.339095156325481,0.336244467541763,0.336244467541763,0.336244467541763
0.434215770025204,0.428014421335902,0.427158406442859,0.416453296881285,0.413654180697287,0.405726852592699,0.402787542635238,0.399128842094255,0.395696905084419,0.392138929071926
0.35580342727091,0.350424039968073,0.349725573828351,0.334399977820757,0.330943936672229,0.330978072235448,0.330999078735891,0.328079441858434,0.32773808622624,0.327177803472243
0.457519076915792,0.456515688293081,0.451881129132896,0.449704822864369,0.446326879125202,0.44835683737209,0.447170503465249,0.445484977974644,0.445327429221323,0.444961620709707
0.241954882487485,0.238231480284005,0.236333017806491,0.226138115932917,0.223019778895999,0.222295054630723,0.221966828061305,0.221966828061305,0.221966828061305,0.221966828061305
0.360748406709122,0.354809023850537,0.347348310842698,0.342328167520089,0.336661664025654,0.333521192209461,0.331801284985709,0.331738265484381,0.3291760263127,0.329047361497488
0.164426238485948,0.16398510197665,0.16014877957621,0.158809215146852,0.15868226326405,0.158695392326826,0.158732153702601,0.15868751488916,0.153881734287623,0.153881734287623
0.241969180857415,0.241608788084194,0.236333120377293,0.230309506375331,0.226697208865599,0.225004811131197,0.221533486933031,0.221368060742044,0.221226266864055,0.220498137248122
0.374896284757323,0.375427560488247,0.374797775758176,0.367133931532189,0.356898514191453,0.356817114002237,0.358180197916709,0.35688378502415,0.354215959467919,0.352952943628798
0.425361735230185,0.424159113079837,0.423187562434359,0.419219139096809,0.418783254212621,0.418901415777612,0.418722860523848,0.419702288606992,0.419702288606992,0.419349486073189
0.688410262314614,0.682965229697894,0.675644136067021,0.667592328035982,0.662568984504321,0.66236679693756,0.662402491576984,0.662423498077427,0.661564857371828,0.661124664513918
0.601426077558359,0.599048855601026,0.590927504565591,0.58867718320566,0.582023374190415,0.581857947999428,0.581663637870332,0.579836072331812,0.579261019382191,0.577401944093007
0.231222468578168,0.232610148971186,0.230991663757385,0.228210928261274,0.227433687744892,0.227233346452583,0.229172878279597,0.230952522738982,0.230915761363207,0.230419482790247
0.336642278143898,0.337213453917167,0.334185892040854,0.331315878917861,0.329254616061915,0.329262493499581,0.330341599889025,0.330751883100798,0.330436785594156,0.330397398405826
0.147631315726192,0.146544229328279,0.142683495076739,0.1402572442756,0.13600342793594,0.135646317428413,0.135199929294004,0.134848070411588,0.134787676722815,0.134241507711303
0.295286448392828,0.292433974877139,0.287628737900857,0.281752169401994,0.274015746075844,0.274015746075844,0.274015746075844,0.273999991200512,0.273999991200512,0.273451196376444
0.67422500746582,0.665163328337324,0.655325475428795,0.646513248493056,0.63646118671966,0.63646118671966,0.635893518867852,0.635893518867852,0.630711518818199,0.62885506934157
0.690429840396244,0.684122679666626,0.668867036946638,0.665786015167831,0.654480497154149,0.654480497154149,0.654481974173711,0.654484599986267,0.653818915475165,0.653761147598948
0.683228672548173,0.679047886620209,0.668047373146159,0.654145747081664,0.648137149445252,0.648137149445252,0.648187039883804,0.648173910821027,0.648063626693702,0.646540655411602
0.379263585433359,0.37642750273198,0.372825093047652,0.370478067934706,0.364934157063948,0.364267200674891,0.364296084613,0.364154290735011,0.362494777200033,0.362121911817173
0.530028346875743,0.52611559897003,0.523425987375254,0.519216809849035,0.510450575661336,0.510450575661336,0.510482085412,0.510038323090146,0.509899155024713,0.509040514319115
0.256798662405334,0.253893713666859,0.2528328853945,0.250749159532709,0.249390322049479,0.249390322049479,0.249408702737366,0.249429709237809,0.249314173485373,0.249314173485373
0.294298630018003,0.291759469276984,0.289353322353222,0.286287296425805,0.281519272136831,0.281524523761941,0.280055443179707,0.279974042990492,0.279929404177051,0.279934655802162
0.331461898712931,0.328492104712835,0.318049617435117,0.313559416422995,0.309295937913698,0.309303815351364,0.309273556964496,0.30933920227838,0.304804423995298,0.304804423995298
0.279959559993116,0.278171381642926,0.276355775860029,0.274597014816123,0.27079719736445,0.27079719736445,0.270889100803887,0.270965249367992,0.269717988404203,0.269717988404203
0.225959745306598,0.222498924358653,0.221834675838793,0.219552311360023,0.217248181356868,0.217248181356868,0.217161529542541,0.217179910230429,0.217179910230429,0.217179910230429
0.142495308424579,0.141331293924459,0.140976809229487,0.140143124000245,0.139037708199846,0.139013573289914,0.139039831415467,0.1384910365914,0.138372875026409,0.137797822076789
0.291716266454785,0.287827007262946,0.283612578111616,0.278727787220572,0.273860289766903,0.273608704101444,0.273556187850337,0.273681467829052,0.27366571295372,0.273080156753878
0.282695943874034,0.27963802104005,0.271225717664986,0.264703794188165,0.254756436690414,0.254772191565747,0.257172697095347,0.259923728086925,0.26003401221425,0.257557870974559
0.0246229571985544,0.0232339023567766,0.0230816052285666,0.0222282161480793,0.0207761430871084,0.0207761430871084,0.0208076528377725,0.0212592925972919,0.0212592925972919,0.0205122553359713
0.0109633725863044,0.010929237023085,0.0109161079603082,0.0108583400840906,0.0108557142715353,0.0108557142715353,0.010876720771978,0.0109318628356403,0.0109187337728636,0.0108819723970887
0.0970975428414896,0.0962649653769195,0.0940275781952396,0.0928037546599231,0.0918558363274434,0.0918558363274434,0.0918873460781075,0.0919582430171018,0.0919582430171018,0.0919424881417698
0.00941531056260165,0.00931027806038784,0.00916585836984384,0.00902931611696588,0.00890065130175395,0.00889802548919861,0.00889802548919861,0.00894042825913532,0.00894042825913532,0.00893517663402463
0.257979662630422,0.255227544388333,0.256613973417555,0.254854679005473,0.251698267686503,0.252814238022525,0.253105703216168,0.25319498084305,0.252669818331981,0.252515777500121
0.456500056502712,0.455053972294498,0.452066043776442,0.450350567611378,0.449233120255794,0.449238371880905,0.449440559447666,0.449984102646623,0.449984102646623,0.448253610116008
0.466401216110817,0.465063939010365,0.463183898249059,0.456225494977394,0.455226414328406,0.455219316428843,0.455219316428843,0.453614944957527,0.453614944957527,0.451472281912365
0.665578945230849,0.659048549405705,0.64750383627956,0.637468965372738,0.634319426297565,0.634319426297565,0.634692291680424,0.634542620364769,0.634303671422232,0.6335999536574
0.0211561781690931,0.0211561781690931,0.0211588039816485,0.0212415234878171,0.021327915028731,0.0213331666538417,0.0213646764045058,0.0214014377802807,0.0214014377802807,0.0214014377802807
0.591319284004513,0.585791948575511,0.583970824483415,0.571464899848729,0.567625715722886,0.555306510977878,0.54913634381267,0.550168452260205,0.550139568322097,0.549874361254007
0.7194328426931,0.709155412351478,0.69900812384463,0.68864084147963,0.677323753479376,0.678458678899782,0.680510094958646,0.676484970481228,0.670211904286508,0.668384338747988
0.891214484743505,0.8690975938164,0.859346146552271,0.853322450493666,0.845112601369451,0.844638067806715,0.844997804126797,0.844320344487518,0.843858201477778,0.842192123411411
0.525548833741287,0.513354683319226,0.489229415042173,0.468297381002346,0.450790678412647,0.452346103096798,0.452382864472573,0.455385645242895,0.456484055457453,0.45194537948386
0.465136887365419,0.45070960645,0.43729707900226,0.424094862728873,0.401717770188862,0.401723021813973,0.403419378781368,0.403576927534689,0.402305418833084,0.402163624955096
0.39267471791818,0.375817124397826,0.371237871414588,0.359431438627653,0.354441204951182,0.354546934934856,0.354486459189441,0.355338453307008,0.355810114887262,0.359207916333879
0.0674293432448464,0.0674477239327338,0.0674661046206212,0.0674661046206212,0.0674661046206212,0.0674687304331766,0.0675947694358331,0.0679448589718987,0.0679448589718987,0.0679448589718987
0.695072687277307,0.690728772744342,0.686892214431055,0.671995487464726,0.663705263859326,0.661568262722486,0.657741879432851,0.660560360984445,0.660560360984445,0.660555109359335
0.9026765668308,0.902230178696391,0.891665057766674,0.885209497599357,0.85881220398047,0.859599537463862,0.860981043094543,0.862140585507655,0.862140585507655,0.861972533504113
0.95867932261471,0.959126613372184,0.958667096174999,0.953652286534143,0.953794080412132,0.954705565595406,0.956478645523403,0.957043195222803,0.957043195222803,0.957043195222803
0.902844947060911,0.897915394271462,0.898020426773676,0.893415572118023,0.893452333493798,0.893558186562435,0.893790899200153,0.893909060765143,0.893909060765143,0.893909060765143
0.872264323758147,0.872266949570702,0.872272201195813,0.872280078633479,0.872287956071145,0.872802615331992,0.872988801853495,0.873344025058248,0.874037239572859,0.874037239572859
0.585275566125174,0.585299198438172,0.585346463064168,0.585356966314389,0.585377726644905,0.58548801077223,0.585839869654646,0.586081444409738,0.586081444409738,0.586081444409738
0.0926997478657387,0.0897981737066805,0.0897532579520717,0.0897558837646271,0.0897608789627304,0.0897635047752857,0.0897661305878411,0.0897661305878411,0.0897661305878411,0.0897661305878411
0.232686543705218,0.22855997670369,0.227207949921775,0.226740555286923,0.224545375990654,0.224960254374399,0.22485259605963,0.225406642508808,0.225406642508808,0.225406642508808
0.487408619176647,0.46931898619966,0.46529098973976,0.46083535508823,0.453993226078781,0.456427354317586,0.46076216056325,0.462278033945786,0.46344914634547,0.46344914634547
0.56659007883973,0.558304245264695,0.537023634608146,0.529086541763118,0.522225457669286,0.524535680378135,0.524779880945783,0.525488850335726,0.526042445473371,0.526290995043063
0.556002105135117,0.551903211736223,0.546717929420876,0.540487901935071,0.524237732709746,0.523096488927879,0.522254792918927,0.519081580502435,0.517755545161985,0.517755545161985
0.33347692265091,0.330432785332842,0.324065189886129,0.323608298501499,0.323400715710502,0.323447980336499,0.323506609807461,0.323380570804804,0.323380570804804,0.323380570804804
0.520011077118706,0.515750655219337,0.513891579930152,0.509787434906147,0.50483564476662,0.504919670768391,0.505198006899258,0.505063844289008,0.505063844289008,0.501190770769874
0.552702197262829,0.547338441750361,0.529761949986339,0.525156233735942,0.515198003733079,0.515415946175173,0.515880181629293,0.513640117349657,0.512674761980677,0.51313349963976
0.304107065620248,0.302468558585712,0.299495461805762,0.294658940734582,0.291669289027037,0.291666663214481,0.291779573154361,0.291839966843134,0.29154325002438,0.29055069287846
0.214559041587785,0.213153042049361,0.212297970807706,0.211346893294495,0.207243466266111,0.207301234142329,0.207503196053324,0.206280141799029,0.203877523310888,0.203772490808674
0.130685552343628,0.12910481318531,0.127361273648561,0.123333800299756,0.121256782568478,0.121332931132583,0.121535334098031,0.121328766757983,0.121328766757983,0.120378222612948
0.12083552428079,0.120862192689556,0.120862192689556,0.119462634597556,0.118953226961819,0.11857510995385,0.118279039331154,0.117191952933241,0.117191952933241,0.117071945093798
0.247472412147726,0.245223137009985,0.243497629420393,0.242045247364878,0.236987932383283,0.2370457002595,0.237881980530057,0.238636491356507,0.238636491356507,0.238247871098316
0.442194875871118,0.442133046191103,0.43697890437153,0.428135947223229,0.422041436282272,0.421970539343278,0.421714358505847,0.418279221286959,0.418006136781203,0.417890601028768
0.455359920485517,0.45128986999641,0.444713112168336,0.433543110699503,0.424814909765535,0.422963711914016,0.421980098942112,0.422035815402271,0.421823124585288,0.421823124585288
0.494692828346781,0.493461814598178,0.489070594410896,0.483432974854569,0.473777862088564,0.474150727471423,0.474022062656211,0.474841316173479,0.474841316173479,0.475587046939197
0.357980431020897,0.355737987098632,0.35347716248848,0.344213049623294,0.340613060609916,0.340542943209024,0.339700180463721,0.339387483113869,0.339250940860991,0.339148534171332
0.264254062245581,0.261388213497188,0.254390423037192,0.248077969654142,0.240882873997605,0.240780467307946,0.243548381453689,0.244096109541406,0.243977476150722,0.242406747902771
0.243297226585602,0.234005070862892,0.217814597844881,0.210672387694341,0.199208910644127,0.197898630179009,0.196839607152781,0.195291444481478,0.193033717509575,0.190042445183343
0.195023550058351,0.193653142588549,0.188921982246152,0.186672132711915,0.183434957142707,0.183398195766932,0.18326953095172,0.183203885637836,0.18319600820017,0.183122485448621
0.703683136929496,0.693484480964534,0.680047664750657,0.672563114288214,0.667799069746394,0.667799069746394,0.667172033913842,0.667174659726397,0.667174659726397,0.663574670713018
0.77533868958239,0.753072373509557,0.73933863533532,0.726076230514766,0.71136880822235,0.71136880822235,0.708756124729781,0.708769253792558,0.708769253792558,0.698029680441195
0.599705636966432,0.590921022090845,0.583731547314309,0.577080815423152,0.571059088723964,0.570930423908752,0.570788630030764,0.570410513022794,0.56976599912542,0.569406262805338
0.283096688001133,0.279667069091443,0.273210196017849,0.269665349068133,0.266770000956813,0.266250090070855,0.266055779941759,0.265696043621677,0.265437278000012,0.26466003748363
0.500025648505081,0.493120253824377,0.48725607587851,0.480733065151177,0.472506763670171,0.471855562156445,0.470781604821309,0.470642436755876,0.47227044054019,0.471406548209481
0.244956986290508,0.243089561737964,0.241224127058997,0.239546232836131,0.23658601894903,0.236562386636032,0.236599148011807,0.236601773824362,0.232812726306999,0.232733951930338
0.259254556168524,0.255943796305285,0.254158756621665,0.253544316483714,0.250592185175885,0.250586933550774,0.25058955936333,0.250579056113108,0.250326978107795,0.24948934390264
0.432736986245012,0.432815760621672,0.431016340511479,0.426613509309304,0.422241531404654,0.421830468654779,0.415428737644847,0.413929398675744,0.414667252003796,0.417922028722789
0.0931247192164929,0.093003931838947,0.092637097619301,0.0923142355028767,0.0917709487309276,0.0918234649820345,0.0927188670634073,0.0929289320678349,0.0929289320678349,0.0936601182936957
0.236625447165682,0.234726984688167,0.232462467529108,0.228850723901713,0.22821843644405,0.227934848688072,0.227055201482032,0.227175988859578,0.227175988859578,0.228691082704012
0.393381882061991,0.388143919382252,0.381986758194858,0.377519102245222,0.371647375088258,0.371652626713369,0.371715646214697,0.371689388089144,0.371689388089144,0.370239939558593
0.383500826331263,0.377195142621207,0.367202161630307,0.364069690336743,0.357884588862627,0.357847827486852,0.357821569361299,0.358031183054194,0.357952408677533,0.357941905427312
0.211960533380183,0.208416445454409,0.19388702453342,0.186667599082425,0.183409765753504,0.18341764319117,0.184425421844247,0.186102721156456,0.186097469531345,0.18522569976297
0.031786222570668,0.030976508138074,0.0288889871565744,0.0282482888930701,0.0247047522853614,0.0247047522853614,0.0247520169113576,0.0258049677460511,0.0257944644958297,0.0245406338721122
0.0295153716645279,0.0294129649748695,0.0268685526087398,0.0261018153425789,0.0245827853435817,0.0245276432799194,0.0251158252923168,0.0257985365567066,0.0257959107441512,0.025748646118155
0.141192618198879,0.140680584750587,0.139780402869797,0.138833202532938,0.137715796205675,0.13771842201823,0.137857590083664,0.13798362908632,0.137799822207446,0.137794570582335
0.0274178141299603,0.0272497621264182,0.0271198638973009,0.0267863857027721,0.0255154924259849,0.0255154924259849,0.0255364989264276,0.0255393991158809,0.0253162050486765,0.0253083276110105
0.154167486287542,0.150257333423144,0.148887808062246,0.146027108368161,0.141463210234124,0.141463210234124,0.142944168515339,0.146341703277868,0.146372320662547,0.147548684687341
0.369095044256141,0.362410299886729,0.355516721362523,0.349669036801769,0.342148340388369,0.342523831583784,0.342369257383748,0.339756471320377,0.34012496718703,0.336287854991408
0.496529789370851,0.490130684173474,0.484355209457992,0.47763669878025,0.475146689968001,0.475146689968001,0.475162567928297,0.475017081501402,0.475634147451908,0.474801764871864
0.572097925816173,0.561573792179312,0.550443259955451,0.545174074723296,0.540439898799293,0.540334866297079,0.539507735342145,0.5392399024615,0.53893530820508,0.53756463405119
0.118694061314023,0.116077213446855,0.115805595703581,0.115816098953802,0.11322210386153,0.111678762017965,0.110354347296202,0.111743607279586,0.111743607279586,0.10702502211763
0.763319689063435,0.746502918722652,0.732212508286681,0.720354338786742,0.705330259911479,0.706297379498269,0.698350111629589,0.698428311609753,0.693357211112242,0.679117757851174
0.70599352375163,0.693076167112178,0.67735489397515,0.664055522637216,0.653604009128839,0.653143753421872,0.654249302564315,0.654895744792784,0.654748699289685,0.654286269081696
0.722489780847376,0.698888157033508,0.68794311384969,0.669696465487558,0.652745040196672,0.653263966402922,0.65704620321897,0.654762279663994,0.648989841044279,0.629862478739756
0.0787195423091088,0.0787379229969963,0.0787484262472176,0.0782946581435372,0.0782268896140326,0.0750370504703829,0.075197225036259,0.0755753420442287,0.0755753420442287,0.0755753420442287
0.42747522713899,0.420222732861126,0.419113491169777,0.419113491169777,0.419113491169777,0.419147626732997,0.419215897859436,0.419425962863863,0.419425962863863,0.419425962863863
0.378182612255301,0.378185238067857,0.378193115505523,0.378195741318078,0.378198367130633,0.378248257569185,0.378319154508179,0.378384799822063,0.378384799822063,0.378384799822063
0.973462729357947,0.973478484233279,0.973536252109496,0.973549381172273,0.973594019985714,0.973725310613481,0.974035156495012,0.974326621688655,0.974326621688655,0.974326621688655
0.644718218413229,0.644718218413229,0.644718218413229,0.644718218413229,0.644718218413229,0.644718218413229,0.645064825670534,0.645174371288078,0.645174371288078,0.645408068605503
0.0462155984947364,0.0462155984947364,0.0462155984947364,0.0462155984947364,0.0462155984947364,0.0462155984947364,0.0462155984947364,0.0462155984947364,0.0462155984947364,0.0463075019341735
0.135585472428107,0.135490943176115,0.135490943176115,0.128915929051691,0.124546074362661,0.124664235927652,0.124858546056747,0.124942572058518,0.12493112515691,0.12493112515691
0.015602251259428,0.0157058490525357,0.0155657334893102,0.0155762367395316,0.0155991523390441,0.015635913714819,0.0157356945919221,0.015757892195814,0.015757892195814,0.015757892195814
0.353989031823488,0.355524844970116,0.343403889073036,0.332401816522781,0.332128732017025,0.328281916623444,0.330017722321652,0.331359984363127,0.331359984363127,0.331302216486909
0.440490805579341,0.437570902017797,0.430882957439332,0.423921107788688,0.419761656587736,0.420890755986534,0.421016794989191,0.417482451289696,0.416881140214522,0.415035193988114
0.2304812919561,0.229609050362032,0.228692641780217,0.227162100772859,0.226379608631366,0.226279827754263,0.224407623402302,0.225610409665935,0.223725076251197,0.223249804178679
0.525983118520948,0.519169134939827,0.516430412444602,0.51107629858761,0.505536449520649,0.506323577862435,0.506259368539792,0.506130949894508,0.50014409726832,0.500228123270091
0.4182736824636,0.411044123017274,0.405356202739184,0.402578093055628,0.399993801161314,0.399385228073292,0.399366847385405,0.397085016274809,0.397053506524145,0.396958977272153
0.225807366121746,0.222881308312025,0.212731188851017,0.207189206311354,0.201735393633902,0.201197102060056,0.199017677639119,0.196859259718625,0.196310464894558,0.195397646290846
0.279777599388695,0.276820236969916,0.274437845444115,0.26751148529129,0.265229202869161,0.265231828681717,0.265674155012329,0.266012884831968,0.265899974892089,0.265582251572892
0.365988133606671,0.365087644013473,0.350927416440597,0.343902239576216,0.34256935250613,0.34256935250613,0.342763662635225,0.342742656134783,0.342658630133012,0.342564100881019
0.543869538223144,0.531351756403637,0.523099689136931,0.514127287635316,0.507501583020077,0.507501583020077,0.507514712082853,0.507525215333075,0.507525215333075,0.504048639509798
0.761796471611408,0.756999030016149,0.751922513780243,0.744839548525483,0.740300995636854,0.740185459884418,0.739379335429927,0.739379335429927,0.739379335429927,0.739379335429927
0.458010924430065,0.455097298201661,0.45115952302003,0.449360800391298,0.440790558493862,0.440790558493862,0.440798435931528,0.440803687556639,0.437224705043703,0.43697262703839
0.441190051257165,0.430435830795142,0.421227065135224,0.412906849827043,0.40778651534412,0.407776012093898,0.407799644406896,0.407818025094784,0.407818025094784,0.407818025094784
0.344313897236748,0.340421971204033,0.335442138206981,0.333394004413811,0.329864235372128,0.329864235372128,0.330670359826619,0.329249795234177,0.328695748784999,0.32752726219787
0.263343787397781,0.259785503672879,0.253308649806872,0.251037916857155,0.247106254895379,0.246730763699965,0.246326388566442,0.245368151611186,0.245370777423741,0.249469670822635
0.433408004437866,0.431019581748852,0.426128062213134,0.421378705810296,0.418450473499553,0.41825521971907,0.418806722412335,0.422726896444181,0.422141340244339,0.424234112850949
0.359971371334346,0.357899605228178,0.353675944704584,0.351845999523435,0.34809244150389,0.348077507194981,0.348284864330211,0.348038037950009,0.347809592257694,0.34736057831073
0.442561381864194,0.440390655447347,0.435817556712286,0.432070891450699,0.423402304667401,0.423121342723979,0.422987426283656,0.422898148656775,0.422955916532992,0.424471010377427
0.649276300782739,0.631289402721981,0.625055805772233,0.6125691644485,0.604866999770533,0.60488012883331,0.605124329400957,0.604066126941152,0.60405037206582,0.60405037206582
0.393772758877847,0.387383213279305,0.382256601463241,0.371173333865376,0.367801257176137,0.367790753925916,0.367859025052355,0.367911541303462,0.367914167116017,0.368898846824272
0.174448995780942,0.171873791659769,0.169792486468928,0.165940173280309,0.162256158265159,0.16229554545349,0.163341306074897,0.165104887946541,0.165104887946541,0.164277756991607
0.0724588820530046,0.0685963117840915,0.0651266441043924,0.0618235565372132,0.0594104347988508,0.0594366929244042,0.0596840013873805,0.0603399673149029,0.0603399673149029,0.0593815457322018
0.0364066602955575,0.0364224151708895,0.0373729593159246,0.0372784300639321,0.0381055610188659,0.0391506344158934,0.0392871766687714,0.0396836743646285,0.0391191246652293,0.0388486659720287
0.078807440358691,0.0748765989633389,0.0731798522268922,0.0723782614018913,0.0706676624785071,0.0707017980417266,0.0708068305439404,0.0709670051098165,0.0708226623473747,0.0705994682801704
0.0151114794564508,0.014862027263693,0.0147343240497586,0.0146214141098788,0.0134581791478608,0.0134397984599733,0.0134479477102672,0.0134610767730439,0.0134557507841011,0.0134373700962137
0.075734024204922,0.0725460159501049,0.069749525578662,0.0696188401186321,0.0688377839683804,0.0688535388437124,0.0696725205483524,0.072552154812661,0.0729407750708521,0.0723105800575692
0.365012069845864,0.355580971713487,0.340955975318315,0.330952142336464,0.31571336225648,0.310740073276656,0.308439861478174,0.308338336897421,0.308167659081323,0.306831120490652
0.4002574491532,0.389744680361305,0.381696277680923,0.378406093520754,0.370838501736248,0.367474835852851,0.367718544080644,0.366950411851563,0.366391113777275,0.365973609580975
0.438688431430023,0.416799822081949,0.398903760724277,0.390151106910887,0.37322126251694,0.372085024190256,0.370052645272419,0.369231791650625,0.367070747917576,0.365891758080226
0.394604977344607,0.394604977344607,0.394604977344607,0.394604977344607,0.394604977344607,0.394604977344607,0.394604977344607,0.394604977344607,0.394604977344607,0.394604977344607
0.149937179175917,0.150359934997328,0.146728661889051,0.145573304364699,0.145473523487596,0.145478775112707,0.146055458938094,0.144361809839897,0.144361809839897,0.144361809839897
0.117929221607717,0.11769027266518,0.117136226216002,0.117086335777451,0.11575258711262,0.115529393045416,0.115878626115276,0.116020419993265,0.115760464550286,0.115760464550286
0.141700015446879,0.140400238231983,0.140373980106429,0.139601991215158,0.137188869476795,0.137291276166454,0.13710746928758,0.137782128743938,0.136595261468922,0.135933556704975
0.28705624922131,0.285102644680133,0.283624312211473,0.277734614649833,0.272808036413669,0.272595345596686,0.27182598251797,0.271198413317243,0.271009354813258,0.270032552542669
0.523534055973235,0.520409339032374,0.51078983884915,0.500780077274889,0.48910665830521,0.488131292025863,0.487112804980958,0.48644059696679,0.485878673079946,0.485868169829725
0.383239434897042,0.376289196261291,0.374769425188243,0.371310163316502,0.36716080508256,0.366565320028993,0.365992195410468,0.365929134880818,0.365916005818042,0.365897625130154
0.345457848887813,0.345418995067658,0.339847020825215,0.335023403161045,0.32962526591543,0.329648898228429,0.332846009642007,0.333728344203085,0.335141031357861,0.334579107471017
0.358542560049347,0.35756547058051,0.354138785195785,0.348491565012303,0.343149492967576,0.343149492967576,0.343167873655464,0.340762629354767,0.340741622854325,0.339951253275166
0.376377858463355,0.374328042509018,0.368693048765247,0.362124537629729,0.359519731574826,0.359519731574826,0.357847088977071,0.358088663732163,0.358088663732163,0.358288225486369
0.4038142763727,0.393592316321309,0.386231507275537,0.378823925943623,0.372718173242664,0.372631521428338,0.371969816664391,0.371442028340766,0.37048098094551,0.370399580756294
0.596039510299316,0.59052214475236,0.586378899738273,0.581305337541491,0.575284923748581,0.573680552277265,0.573801339654811,0.573396964521287,0.573396964521287,0.573123880015531
0.384282374821369,0.380939633381772,0.37545763424767,0.370578505264948,0.365584209784681,0.35961048622127,0.3597969189127,0.359928209540467,0.359928209540467,0.359928209540467
0.259242493842098,0.254622602306734,0.251983537603649,0.247180926439922,0.245755110222369,0.245755110222369,0.24568683909593,0.245707845596373,0.245707845596373,0.245707845596373
0.377675050894017,0.374660823222087,0.371433248280034,0.366790073172402,0.364736687754122,0.364736687754122,0.363224219722243,0.363190084159024,0.363187458346468,0.363218968097133
0.719255764458899,0.718345920408472,0.713118502007276,0.708451612530003,0.703738361049801,0.703816889256534,0.708546716178492,0.70979151544301,0.710135496887761,0.709114055803731
0.653562898751019,0.653437680314786,0.650593350920851,0.646691188322001,0.642831243865644,0.642670207705023,0.643417538575267,0.642700486606052,0.642240969408866,0.64177620058657
0.436336688060142,0.433050811873697,0.430460078532958,0.427192213779509,0.424644929430897,0.424492632302687,0.424558277616571,0.424581909929569,0.424595038992346,0.424413857926027
0.446733633901353,0.441232351456299,0.434347635049468,0.425113267717136,0.421021267076199,0.420811202071772,0.419398514916996,0.419083417410354,0.41897313328303,0.418852345905484
0.498210391462914,0.49435405749882,0.485515695522491,0.477017294215437,0.470786241021602,0.470851886335486,0.469336792491051,0.469116224236402,0.469013817546744,0.469007211987034
0.231529175793128,0.229468282192073,0.226740062947069,0.223219443221008,0.217188956975248,0.217217840913357,0.218583263442137,0.219830524405926,0.219743872591599,0.219852884840967
0.110945616689768,0.111075050786002,0.109001653804068,0.106698549508942,0.105675477549146,0.105882916741018,0.10751500284329,0.108670493709685,0.108670493709685,0.108585831768936
0.0482592602008975,0.0495524728844051,0.0494763243203001,0.0478667012238734,0.0474675777154609,0.0475437262795659,0.0482569523578313,0.0483481737014288,0.0483481737014288,0.047528920184161
0.0734489672425743,0.0722669874663184,0.0706573643698916,0.0696726846616371,0.0686827533282719,0.0687195147040467,0.0692184190895624,0.069420606656324,0.069420606656324,0.0693785936554384
0.0124564380686717,0.0123960443798987,0.0123382765036811,0.0122096116884692,0.0121465921871409,0.0120993275611447,0.0120993275611447,0.0120993275611447,0.0120809468732573,0.0120809468732573
0.0948761361909083,0.0930494630183735,0.0928499012641672,0.0928288947637244,0.0924954165691956,0.092513797257083,0.0935851287796639,0.0952688490241368,0.0952688490241368,0.0952688490241368
0.249648800472895,0.236151221315354,0.231077946316821,0.225125270282174,0.214876846963624,0.214882098588735,0.213485166309291,0.213366430347804,0.213366430347804,0.213277152720923
0.213108300665117,0.200430405822216,0.189218596494103,0.174972927442376,0.162981200499924,0.162828903371714,0.162545315615737,0.162495425177185,0.162466541239076,0.15892169428936
0.26329529192215,0.238661498118264,0.22659022751813,0.210476723630647,0.192675930034748,0.191933071251513,0.191541825180766,0.190838886954036,0.190760112577376,0.190484402259064
0.165413933775809,0.15451523208076,0.138433484113868,0.131181502690019,0.12252960417636,0.121592189094102,0.121471401716556,0.119326974453584,0.11860928654539,0.118320447164302
0.0834178184520818,0.0838326968358264,0.0831368565086598,0.0825723068092606,0.0817093273586981,0.0817145789838088,0.0785583522922836,0.0788708239863697,0.0788708239863697,0.0788708239863697
0.120918698944897,0.11984542883414,0.117844559666967,0.115578483431704,0.114050260524493,0.113979363585499,0.113939976397169,0.11395047964739,0.111576016844657,0.111576016844657
0.195069809490479,0.192803733255216,0.189634377500914,0.187760162761215,0.180120258560634,0.179952206557092,0.179954832369647,0.179773651303329,0.177739385082717,0.177739385082717
0.292160603173135,0.289211815673482,0.286230410658493,0.28376604454698,0.279373060141887,0.279223388826232,0.278973567378584,0.278678286551071,0.278657280050628,0.278657280050628
0.311221868852241,0.305102617833614,0.302034314834372,0.293986732720414,0.290231451511379,0.287023344507725,0.286336099613845,0.286024817741074,0.285651952358214,0.285594184481997
0.531274335961575,0.521957132448786,0.51590935276565,0.50936582787773,0.503728208321403,0.500923840512294,0.50097110513829,0.500913337262073,0.500913337262073,0.50055360094199
0.572319806977099,0.570100749197905,0.559342672073692,0.552305822651936,0.548440257315576,0.548051637057385,0.550030925327619,0.550353900271927,0.550353900271927,0.550353900271927
0.474336462681392,0.465511599022731,0.460337804637313,0.44516663923063,0.438860504209041,0.438850000958819,0.438905184050803,0.438571705856274,0.437731445838563,0.437351851811031
0.375981524880783,0.373999036401497,0.372082193236095,0.366773702872253,0.365419029763621,0.3654085265134,0.365195835696417,0.3630505468387,0.36195033137801,0.361942453940344
0.371340688387458,0.36617173534394,0.362616097945754,0.358665562956237,0.356302290628105,0.35619200650078,0.355496166173613,0.354149124332721,0.354149124332721,0.353419148442335
0.234119519364816,0.22497213207338,0.222083102323522,0.209586450089421,0.205179208342719,0.205129317904167,0.20511093721628,0.205121440466501,0.205061046777728,0.204945511025293
0.289235406958159,0.283218131831818,0.271039859370053,0.266908061257575,0.25972908973126,0.25972908973126,0.259781605982367,0.259582044228161,0.25957154097794,0.259545282852386
0.326320865441974,0.320433793692889,0.297766323209746,0.287193817182217,0.281448539311121,0.280046355406567,0.280140884658559,0.280172394409223,0.280041103781456,0.280041103781456
0.435469021123885,0.419467975864749,0.414215817385883,0.405705928148899,0.399254306700415,0.399314700389188,0.400675855972565,0.400917676897584,0.400917676897584,0.40092030271014
0.524572031470698,0.517107461800669,0.513849566929267,0.503398832958992,0.496359726979571,0.496821336621136,0.500071436111515,0.499579670653884,0.499545535090665,0.499545535090665
0.566590366037978,0.564012146335198,0.561336771567871,0.550749085061506,0.541650234274023,0.542434900916538,0.545442933311971,0.544414558441663,0.543666201863389,0.543327184845501
0.405680449561448,0.402665442351415,0.395127226844872,0.393183099845887,0.387626470195565,0.388215103519495,0.389229815958851,0.389066071929033,0.389066071929033,0.389013842876174
0.469207635335985,0.463876251168926,0.45788459822916,0.452455689742663,0.449260075862807,0.449078894796488,0.449105152922042,0.44916292079826,0.44916292079826,0.449157669173149
0.30449816809187,0.297076411474989,0.293739003717145,0.284509272585106,0.277352517894709,0.277436010528305,0.278168058348911,0.278512039793661,0.278076154909474,0.27808928397225
0.12665447875964,0.126719847132356,0.125492597732221,0.123098400307002,0.121497157245175,0.121691467374271,0.122733914958743,0.123597807289452,0.123545291038345,0.123062777467139
0.0432162692319333,0.0437860705564432,0.0435444958013515,0.0431637529808264,0.0431847594812691,0.0433265533592578,0.0441882763174842,0.0445106153228134,0.0444659765093725,0.0439618204987462
0.0483312905472644,0.047901016285998,0.0474326933853799,0.0470388215020781,0.0461447271984428,0.0461657336988856,0.0465385990817446,0.0467171543355081,0.0466751413346226,0.0463547922028705
0.0517362514359268,0.051494676680835,0.0511218112979759,0.050780455665781,0.0505099969725805,0.0505126227851358,0.0505257518479125,0.0505703906613534,0.0505703906613534,0.0505578052238323
0.0476065406392883,0.0473255786958663,0.0472756882573148,0.0471890364429884,0.0471884517894116,0.0471884517894116,0.0479761955560152,0.0495227991511137,0.0495227991511137,0.0495149217134476
0.169986099116563,0.162574568808736,0.15801665055251,0.149858753539987,0.143430159236764,0.143430159236764,0.143430159236764,0.143440662486985,0.143031035728351,0.142954887164246
0.225057942807122,0.212282318503177,0.200601760605613,0.18775302383333,0.178680759397969,0.17818973245012,0.177672447376716,0.177672447376716,0.175907901339524,0.175104402697589
0.217096191941067,0.210274412978921,0.204812722863803,0.195294911374618,0.18190094924221,0.17946318999698,0.176787487003083,0.176645693125095,0.176577421998656,0.175792304044607
0.27045426214189,0.265556567843835,0.262807444669191,0.258146278642723,0.254580753419133,0.254281410787824,0.253265221328905,0.251721243546362,0.25102277740664,0.246272682494021
0.156838173569175,0.15674356226054,0.153044428309037,0.150993668703312,0.150087763371718,0.150135027997714,0.150410738316025,0.150431744816468,0.150415989941136,0.150415989941136
0.0799636799919483,0.0790256546134125,0.0775762060828618,0.0771659638994103,0.0764584048580075,0.0764636564831182,0.0765109211091144,0.0763428691055723,0.0763428691055723,0.0760146425361541
0.331737075663067,0.331889372791277,0.331564366945071,0.331278153376539,0.330768745740802,0.330795003866355,0.331073339997222,0.331146862748771,0.330834391054685,0.330212073479068
0.6191043195589,0.617546228033872,0.614340028847153,0.613604267963481,0.611738299916339,0.611194756717382,0.609522032062985,0.607788995776457,0.607182433076172,0.607182433076172
0.471801076545922,0.468975620179728,0.467037237145708,0.466021047686789,0.461764646562895,0.46160972362213,0.461207974301162,0.460367714283451,0.459931829399264,0.459931829399264
0.502313551807211,0.49850612360196,0.496830567993401,0.488181305549378,0.480968977997947,0.480622370740641,0.480519964050983,0.480412305736214,0.480412305736214,0.480412305736214
0.632298207083087,0.626418520431815,0.622301246345033,0.612152521846944,0.605740369643433,0.603458538532838,0.603361916836466,0.603766291969989,0.603766291969989,0.603581336298122
0.371052710601115,0.370398883274834,0.368573943548869,0.363853881367351,0.36144953968972,0.361242428724417,0.359480508499781,0.359252062807466,0.359252062807466,0.359252062807466
0.425340605644779,0.423646710376654,0.419586342571345,0.415978312007016,0.411822922609861,0.411754733540064,0.412450573867231,0.412634380746105,0.412634380746105,0.412555606369444
0.184424149966291,0.183725868454014,0.184583955277276,0.181812225497664,0.180368418361275,0.180329031172945,0.180326405360389,0.180326405360389,0.180326405360389,0.180318527922723
0.0585425268212069,0.0584829485703174,0.0566396281564649,0.0557879366227663,0.0543463655298817,0.0543463655298817,0.054333236467105,0.0543174815917729,0.0543174815917729,0.0539393645838032
0.142070911470321,0.140750127754983,0.140059621109569,0.138959969788296,0.136823143021821,0.136823143021821,0.136823143021821,0.136823143021821,0.136794259083712,0.136794259083712
0.194465995687713,0.190221020951267,0.188243784097092,0.187847286401235,0.183705785090798,0.183645391402025,0.183611255838805,0.183574494463031,0.183745172279128,0.183863333844119
0.491820640722766,0.487910600686251,0.476211169760946,0.473566976517713,0.470116658819989,0.470747797484659,0.472195810023968,0.472569208775003,0.472527195774117,0.472146452953592
0.518819122331864,0.509890374963981,0.493271812442806,0.484512224843137,0.476446713352824,0.476643239011263,0.47726309488761,0.476643403124548,0.477467908266927,0.471764643396716
0.4607889930853,0.452063335907244,0.440669771116316,0.434357604931514,0.425458110756631,0.42579405065043,0.426961060217996,0.426869156778559,0.426758872651235,0.426758872651235
0.363530947451365,0.360702947329258,0.352486164418764,0.347258663960926,0.341274437147293,0.340869979957128,0.341185077463769,0.340604690832396,0.339990250694445,0.340029637882775
0.181875942480452,0.180547322355768,0.176355417752765,0.174696232444357,0.170208718787271,0.168983007949181,0.169687269339269,0.169219874704417,0.168090775305619,0.168090775305619
0.103556826328953,0.100837448687163,0.0993696194687249,0.0977121983781266,0.0931054359055395,0.0933128750974118,0.0938485408587023,0.0939693282362482,0.0939693282362482,0.0939693282362482
0.0599185756851714,0.0589293982472079,0.0588034464297338,0.0585172328612011,0.0585723749248634,0.0587167946154074,0.0591190824330907,0.0594893220033944,0.059478818753173,0.0593842895011806
0.0290295117208766,0.0280475680887906,0.0277701627879607,0.0268931413944753,0.0257469819068773,0.0257469819068773,0.0258100014082056,0.0259360404108621,0.0258442856990893,0.0258311566363126
0.0636074935847017,0.0628721532413218,0.0622235775401515,0.0612257687691202,0.0612283945816756,0.0612283945816756,0.0612388978318969,0.0612782850202271,0.0612676381708816,0.0608574677869921
0.0674376771225855,0.0672932574320415,0.0670726891773925,0.0667365851703083,0.0666683140438693,0.0666630624187586,0.0666420559183159,0.066665688231314,0.0664319909138882,0.0664162360385562
0.451953667204738,0.443375999181169,0.440561210178481,0.435637811637208,0.431706272760396,0.431036690558783,0.427851579929149,0.42784776429528,0.42784776429528,0.427832009419948
0.401781979511505,0.393951970584749,0.385569925596554,0.37789992712239,0.362432332095201,0.362169750839666,0.362403448157092,0.360629588690993,0.360254097495578,0.358689113212592
0.338333096287934,0.332129511555128,0.327127995090333,0.324627134287133,0.317902264219609,0.317923270720052,0.317925896532607,0.31775521871651,0.317539902086971,0.316744280882702
0.231109107326755,0.227385828208239,0.221584874905305,0.214063891293657,0.207069362585195,0.206733771432126,0.206505325739811,0.206910685553042,0.206905433927932,0.20572710054372
0.265376740712115,0.261078182988212,0.255597619845352,0.252706928448486,0.247819286089119,0.247407936140996,0.247548232485261,0.247627006861922,0.246046985699224,0.245983966197896
0.303607874036484,0.298712374753612,0.298239461809562,0.295920930865674,0.292817158882774,0.292730322441002,0.292199333908326,0.291815965275245,0.292551192790742,0.288567835144283
0.667083371711777,0.660119962984928,0.654600504993592,0.649700000255537,0.650478020310021,0.648290718451419,0.64772932793275,0.647684689119309,0.645093012127183,0.645647058576361
0.530154632048326,0.526136359300545,0.523035274672683,0.513559332585259,0.502412758287817,0.500874032130385,0.499114737718304,0.496625467415836,0.496389144285855,0.494262236116025
0.563274949460285,0.558662996905069,0.552921534667843,0.547501816525289,0.539647067520864,0.537288882704557,0.535294003672276,0.533197866743329,0.533058698677896,0.532186928909521
0.361582020138802,0.356627440073434,0.352940429990839,0.349041098346151,0.339921835968882,0.337843484817165,0.336030956158356,0.339400571148324,0.340456147795573,0.33925615145778
0.261938382770014,0.253848705598528,0.252169026643691,0.24315740206703,0.239310586673449,0.238617515757962,0.237293367720287,0.236074990694607,0.238687674187175,0.238010214547896
0.176470481679507,0.170632869571602,0.166508641184381,0.163564356542977,0.158220827992849,0.158087927003476,0.158087927003476,0.158024907502147,0.157935629875266,0.157678300244842
0.105733994192225,0.101264861223027,0.0954634360944003,0.0929925464798203,0.0919684795832356,0.0919684795832356,0.0919684795832356,0.0918844535814645,0.0916455046389281,0.0912673876309583
0.137059814892532,0.136784104574221,0.135182779455752,0.134788907572451,0.13303452630183,0.133000503566494,0.133013632629271,0.132937114810275,0.132827220452002,0.13270832037723
0.362413910378992,0.36193117115202,0.356493523633112,0.35279826685796,0.339131261248117,0.339254982150627,0.339828229854116,0.339056240962844,0.339056240962844,0.337864122062717
0.361670313085975,0.356554778916629,0.351978931284049,0.349518544919691,0.345495800084902,0.345768474307446,0.345894513310102,0.345133027669052,0.345133027669052,0.345054253292392
0.52901096759551,0.526040353028991,0.522127892321526,0.507266326626446,0.497567395613424,0.497798631231579,0.4975386757886,0.497381127035279,0.497383752847834,0.497289223595842
0.343829229678681,0.339492269446156,0.326733446239732,0.319392823127979,0.308873735974623,0.309309702915453,0.311643147654089,0.311918940029043,0.311816533339384,0.310976273321674
0.205866268609154,0.201973809208263,0.196286217156742,0.192016379257663,0.189398505682465,0.189545551185565,0.189465443388466,0.189540607272863,0.190548919294116,0.190436009354236
0.161111662988839,0.157872918086346,0.153243241296382,0.150163163168961,0.14579010827088,0.146233870592734,0.147095137110887,0.147484065081487,0.146431114246794,0.146452120747236
0.0491988395270979,0.0480697708995403,0.0451366562185771,0.0441598539479886,0.0431804258648448,0.0431856774899555,0.0429598576101958,0.0430569767749625,0.0429939547093642,0.0424976761364039
0.0383073870235472,0.0376212652799595,0.0373526887609929,0.0368198693394841,0.0362422649411403,0.0362632714415831,0.0364575815706786,0.0366788421782475,0.0366499582401387,0.0365475515504802
0.0585976124709276,0.0577100878272208,0.0569906151870562,0.0560345988896841,0.0551890103187607,0.0551942619438714,0.0552756621330871,0.0553124235088619,0.0553124235088619,0.0552310233196462
0.0142420047097919,0.0141238431448014,0.0140713268936945,0.0138425093822188,0.0137952447562226,0.0137952447562226,0.013821502881776,0.0137847415060012,0.0137689866306691,0.0137663608181138
0.284905626681839,0.280219064124562,0.279193089411043,0.277944556569297,0.274886387565386,0.274847000377056,0.274713083936733,0.275093436988207,0.274788842731787,0.274025510816284
0.26133114310243,0.253161604303772,0.244907793333416,0.239641315970459,0.231565875626422,0.231025860863086,0.230910325110651,0.230592601791454,0.23052170485246,0.229922240051739
0.202121367565377,0.197128364477227,0.192590283414291,0.186720792300831,0.179960576334612,0.17925860227343,0.178733439762361,0.178386832505055,0.178323813003727,0.177480927173461
0.0151356759088651,0.0152177940937014,0.0146837463868273,0.0140615121499879,0.013131711667713,0.0130918206003134,0.0130760657249813,0.0130760657249813,0.0130498075994279,0.0128990439047219
0.242004034416255,0.239125384831655,0.23186763892868,0.229107909933012,0.224763892829245,0.223456238176683,0.220391914924594,0.220688631743348,0.220688631743348,0.22069913499357
0.303663528954161,0.297981475725999,0.288949501102035,0.286081724022546,0.284997407036313,0.281778160843459,0.28151820540048,0.281568095839032,0.28151820540048,0.28151820540048
0.440216079940738,0.440264124104836,0.436138152013965,0.431418623200622,0.430554730869914,0.427160621972203,0.427058215282544,0.426527801146365,0.426449026769704,0.426449026769704
0.551185421257227,0.547951158698822,0.543270893988846,0.535611357736582,0.523385574478894,0.522266855245353,0.521834416740145,0.521790598493128,0.521790598493128,0.521790598493128
0.730207946570602,0.722502253457014,0.709223027024778,0.702634863323417,0.698963977371044,0.698265839457891,0.697433456877847,0.69742032781507,0.696750745613457,0.696611577548024
0.727179317957938,0.723189067553522,0.714583295129946,0.711289787675762,0.707458891270798,0.707054516137275,0.707159548639488,0.707109658200937,0.706148610805681,0.70579937773582
0.647232310850009,0.63850513562407,0.627545158131343,0.621317428231523,0.61353977144259,0.607719616885346,0.605363319371814,0.605333655895603,0.604086394931814,0.604086394931814
0.373019321120105,0.366061492244936,0.363641190550368,0.361335727126775,0.355533173719315,0.353731743221385,0.352458757500218,0.352139187906568,0.352131310468902,0.351981639153247
0.37338123194121,0.370703764729502,0.368799230060453,0.367434915296345,0.366121516678819,0.365849539937735,0.365930406758775,0.365764980567788,0.365764980567788,0.365011372364404
0.190716171245395,0.18987853704024,0.188374459300041,0.185085813701917,0.184250805309317,0.184245553684206,0.184156276057324,0.184065952208253,0.183976264298159,0.183935010321215
0.35704793933718,0.35419893271463,0.351161811239483,0.347494289609447,0.343534564275986,0.34360546121498,0.343747337149611,0.34324476072935,0.343016315037035,0.340408883169577
0.175824860017462,0.172416555320623,0.170636890347077,0.169607571825382,0.169424872711179,0.169424872711179,0.16943012433629,0.16943012433629,0.169427498523735,0.169427498523735
0.260986956516074,0.257467875352057,0.253063218389589,0.250253598955369,0.246056750439665,0.246458499760632,0.246055150335139,0.245894975769263,0.244779005433241,0.244545308115815
0.315406593499038,0.313849978993572,0.3083843091313,0.304675123241108,0.301721084116344,0.302380163067736,0.304722634037031,0.304467930219163,0.30445217534383,0.304391781655058
0.10876580249978,0.107374265444571,0.105479782714211,0.101064089133346,0.100357745555958,0.100405010181954,0.100544178247388,0.100562558935275,0.101022076132461,0.101011572882239
0.10656292013621,0.102492367050169,0.101288801248434,0.0986693583399515,0.0966748177913199,0.0967273340424268,0.0968297407320852,0.0969137667338563,0.0969137667338563,0.0966564371034324
0.0291650410870755,0.0290967699606365,0.0286123075441753,0.0281422870967685,0.0278823316537893,0.0278902090914553,0.0278980865291213,0.0279400995300069,0.0279322220923408,0.0279112155918981
0.0409992397903675,0.0400936678138829,0.039726833594237,0.0356515725083409,0.0340261945365821,0.0340472010370248,0.0338502650953739,0.0339763040980305,0.0339763040980305,0.0339552975975877
0.065759998298406,0.0647082526706471,0.0625025290958357,0.0616438883902378,0.0589358602077933,0.0589096020822398,0.0589384860203486,0.0589621183333467,0.0589621183333467,0.0589306085826826
0.0218107145160495,0.020703711432475,0.0196192508471173,0.0176561097855367,0.0170312971751383,0.0168553677339301,0.0166931494448054,0.0166931494448054,0.0166642655066966,0.0166634372474628
0.253661924166368,0.239819871224223,0.232265408502494,0.225734787021583,0.221331299366269,0.221278783115162,0.221149523389293,0.219944685709602,0.219661097953624,0.219535058950968
0.109345932704146,0.104938003733065,0.102163699426299,0.100724754145969,0.0944886647257101,0.0944755356629334,0.0944440259122692,0.0944834131005994,0.0944834131005994,0.0941472885793546
0.15481493370988,0.146460870036727,0.140921605623343,0.137574074127248,0.134108145153317,0.133976854525549,0.133701144207238,0.133656505393797,0.133651253768687,0.132755851687314
0.309134901753077,0.304659983790593,0.301650802602168,0.298663592079732,0.294186581672868,0.294046428927727,0.294967842964726,0.295308931912833,0.295293177037501,0.295293177037501
0.514783904887437,0.513273447243295,0.508012426647055,0.499427332497353,0.495770437202502,0.495752056514614,0.495809003824408,0.495818686508206,0.495818686508206,0.495112342930818
0.814012313350656,0.81009213931881,0.795213546870441,0.78368048578751,0.773128247750643,0.772800021181225,0.772739627492452,0.772454808886839,0.770186106839021,0.764430325717704
0.674672503364901,0.672474698256077,0.671001617412528,0.667380621898707,0.657695230231673,0.656776195837302,0.652023475112127,0.651767335303017,0.650751145844098,0.6504570548379
0.755688257211178,0.7546957821219,0.750110949286982,0.745661920195161,0.740407669271914,0.738701793734006,0.737976084789022,0.737760768159484,0.733378287004612,0.731301269273334
0.683274747352855,0.678613765953832,0.677664862941644,0.674254055517214,0.671128066698397,0.670559947535055,0.668059886784118,0.668046757721341,0.667377175519728,0.664622698149171
0.633623585970398,0.628881245410481,0.622859805909541,0.620900949743253,0.618419556878452,0.617877326585773,0.615524598536183,0.61535129490753,0.61535129490753,0.61535129490753
0.408607451022556,0.398630512105236,0.39756180639521,0.395476911226266,0.387654615623892,0.386620045477086,0.386580658288756,0.386312702323147,0.386312702323147,0.385548590869542
0.334454237775514,0.329635317854119,0.32443532688563,0.320223523546856,0.31861915207554,0.31881083639208,0.317124244165125,0.317260786418002,0.317260786418002,0.317260786418002
0.290517624051591,0.290562262865032,0.285676138553548,0.282015037855776,0.280367545618903,0.279682208541958,0.279671705291736,0.27965857622896,0.279634943915962,0.279091400717005
0.230810380120263,0.22675612553481,0.223324352638258,0.21877193217707,0.21518896991698,0.215477809298068,0.215640076308325,0.214797190478059,0.214518854347192,0.21446896390864
0.402219341415254,0.398606223339099,0.38554296998954,0.379464542150485,0.377122235294475,0.377340177736568,0.37808742655017,0.378292239929487,0.378050665174395,0.377940381047071
0.127080106563533,0.126451429598134,0.122462820326564,0.119882241495317,0.118378020155994,0.118484334793245,0.118626128671234,0.118636631921455,0.11863925773401,0.118650991833867
0.0508312025705372,0.0487443380421764,0.048513266537306,0.045320278470006,0.0451653555292406,0.0451994910924601,0.0452126201552368,0.0452152459677922,0.0452152459677922,0.0450373471671675
0.0433071879916621,0.0414316988097366,0.041077214114765,0.0401896894710582,0.039131487011254,0.0390395835718169,0.0390658416973704,0.0391052288857006,0.0391052288857006,0.038734332862258
0.00831737217373726,0.00831737217373726,0.00780796453800026,0.00754800909502106,0.00749024121880346,0.00750074446902484,0.0075270025945783,0.00753225421968899,0.00753225421968899,0.00753225421968899
0.0582005044787929,0.0558267699287606,0.0531737812391754,0.0522171649026062,0.0517812800184188,0.0514215436983365,0.0514688083243327,0.0514717059495159,0.0514717059495159,0.0516633902660561
0.0489609573209121,0.0473355793491533,0.0455162246034085,0.0439284285738481,0.0403658881606241,0.040342255847626,0.040342255847626,0.0403446072832834,0.0403446072832834,0.0403323064797405
0.317803468022214,0.302588443340192,0.294911429023107,0.285220580589357,0.277114697231005,0.277114697231005,0.277096316543118,0.277046426104566,0.27486700168363,0.271458143104455
0.194269449515113,0.187435403084936,0.180521864282478,0.174452708844009,0.170050564866213,0.169987545364885,0.169265508454647,0.168525029314039,0.16792109242631,0.166035759011572
0.166842611718764,0.155285436240061,0.15102111665018,0.145484478049351,0.139778587366585,0.139481870547831,0.139481870547831,0.138859552972214,0.138859552972214,0.13841053902525
0.483837760271304,0.480198055843026,0.469197050029121,0.462916147425056,0.457462334747604,0.457598877000482,0.458057573631244,0.458503961765653,0.457985815097505,0.457985815097505
0.697576317492186,0.688793877117622,0.679637709765453,0.67100169946917,0.669181354915177,0.661322297937028,0.661322297937028,0.661322297937028,0.659941489787807,0.659941489787807
0.775606030123181,0.76539170133953,0.757716451240255,0.750266692794171,0.744642940810402,0.74417029455044,0.742558045641458,0.742248199759927,0.740149519075067,0.739907944319975
0.6623333588558,0.649940139019387,0.647288068338489,0.644002356265328,0.638907049058322,0.638431776985805,0.638100924603831,0.636546443571067,0.634979530956986,0.633656121429092
0.725461708320173,0.721646320620614,0.718860333499392,0.714549898076508,0.709377047342478,0.709350789216924,0.708064141064805,0.708064141064805,0.707260642422869,0.705758677641212
0.719354970939506,0.714491966087006,0.713809254822616,0.712372607128273,0.70905300566182,0.708085065508605,0.705683759926742,0.704609802591606,0.704502144276837,0.702585301111434
0.601942911320229,0.598747297440373,0.595476806874369,0.593029549572787,0.588084323964648,0.586934956575188,0.584011606634665,0.583089946427739,0.583074191552407,0.582929771861863
0.361318084948668,0.358527953967008,0.351781626087508,0.347209142777265,0.339922389851217,0.338188963795638,0.337063187690855,0.334458586777558,0.33416974739647,0.334146115083472
0.317349674275833,0.313610701824466,0.307363586042891,0.299230111138548,0.290607045277597,0.290586920886059,0.290474010946179,0.28927206576313,0.287995920861233,0.287420231972634
0.283252821277374,0.278783749850657,0.271335817164865,0.269508251626345,0.268125740801795,0.268249153991896,0.268532741747874,0.268574754748759,0.267471913475514,0.263878776191772
0.263740736405171,0.260276058795035,0.257889031068942,0.254327690734112,0.251053528133363,0.251079786258916,0.251119173447246,0.251124425072357,0.251124425072357,0.251124425072357
0.299720830373989,0.29642299443192,0.290566550324595,0.285406828653341,0.28126171685064,0.281511169043398,0.282310298169129,0.282165878478585,0.281987323224821,0.281971568349489
0.114689389454712,0.112750339710473,0.110558935019753,0.10856331747769,0.107427622776262,0.107686296084205,0.107744063960422,0.107751941398088,0.107751941398088,0.107981782053323
0.0597139110335188,0.0580097586850996,0.0574938942173173,0.0573993649653249,0.0565958663233892,0.0566116211987213,0.0566011179484999,0.0563831755064062,0.0561980505927142,0.0561980505927142
0.0663315228124054,0.0639735431377052,0.0601188503064582,0.0532444730365639,0.0522913030789735,0.0523123095794163,0.052538129459176,0.052630032898613,0.0503390114440742,0.0502681145050798
0.00761936952583118,0.00717035557886712,0.00658217356646975,0.0062670760598283,0.00613578543206103,0.00615416611994845,0.00616204355761448,0.00616729518272517,0.00616729518272517,0.00616466937016983
0.0680299106816992,0.0655427225665314,0.0649046501155825,0.0640302545346525,0.0634701358939404,0.0634727617064957,0.0634780133316064,0.063527903770158,0.063527903770158,0.0634386261432762
0.021729114313768,0.0210726239930156,0.0203741578532937,0.0191820389531669,0.0188021141347953,0.018807365759906,0.0188257464477934,0.0188546303859022,0.0188546303859022,0.0187469720711331
0.382826402787751,0.364096153603903,0.351116474944582,0.332229579630479,0.320556981227224,0.31976398583551,0.318411692369507,0.317993306064301,0.316974490792827,0.314592365951114
0.119033345015998,0.115252256992943,0.110998440653284,0.109908728442815,0.107403446838009,0.10734042733668,0.107332488356532,0.107203823541321,0.10700688759967,0.10644338412246
0.0944957113398723,0.0903801809567407,0.0900204446366584,0.090363533715423,0.0898121130788005,0.0898016098285791,0.0897595968276936,0.0897044547640314,0.0896598159505905,0.0896598159505905
0.535742032939532,0.522967454857777,0.514610970513674,0.490505724057355,0.477099720112682,0.476335608659076,0.474737309379294,0.473227467159971,0.45680387122103,0.452006511682414
0.56713235016073,0.563198882952822,0.551311829514774,0.540232623720706,0.524556645850257,0.516164548923373,0.515747044727073,0.510826271998356,0.506560680530518,0.506429389902751
0.585245779563999,0.581112750601885,0.575467992117674,0.567214406803084,0.562083569069939,0.562023175381166,0.561272192990338,0.55954440832892,0.559449879076928,0.559315962636605
0.5449588401504,0.537697565811804,0.531720108671166,0.529387279357348,0.522530872492129,0.522368072113698,0.52196632279273,0.519314252111831,0.518930883478751,0.517090558132344
0.625515856337594,0.618273865309951,0.617360451795582,0.615847942735381,0.609756426861871,0.608748114840618,0.608692972776956,0.608354242957316,0.608131048890112,0.607802412037482
0.753801857060089,0.749884144727514,0.746536233719448,0.740306329318607,0.73725250931674,0.736976798998429,0.736971547373318,0.736441133237138,0.735183369023128,0.735175491585462
0.525223643267636,0.521501102658901,0.516900679061936,0.510575096616109,0.505580554965915,0.503135267023749,0.502376817478466,0.501176821140673,0.50080658157037,0.49849324070911
0.280409456048986,0.275806406639465,0.266691206065992,0.262515897418905,0.256090780265902,0.253489256476694,0.2520940679009,0.251084873770742,0.251071744707965,0.250811789264986
0.234658200707713,0.232993866344996,0.226529915885999,0.222932491142694,0.220620073418661,0.220109373390807,0.219332132874425,0.218502376106936,0.219000952265882,0.218188099166718
0.298926316934391,0.29513458206199,0.286456784420588,0.28369705542492,0.277468545986999,0.276891298022195,0.274449292345724,0.273942510522542,0.273304766298163,0.273047949521754
0.30382031868354,0.300553520666442,0.296992918841394,0.295492533650101,0.287874866799599,0.287817098923381,0.286811412714684,0.286816664339795,0.286712021606632,0.286675260230857
0.341796850760844,0.336421730403409,0.331969090819325,0.328917219662714,0.325367121087887,0.325238456272675,0.325633641062254,0.325245020804063,0.325019200924303,0.324987691173639
0.141678188380012,0.139703577338393,0.138659550163555,0.134684746922062,0.129078165290706,0.128138124395892,0.128174885771667,0.128174885771667,0.127807272013919,0.127791517138586
0.0937501754586798,0.0923515199897466,0.0908147324204898,0.0834401429873424,0.0823990031806078,0.0824036034811198,0.0823458356049022,0.0822007594612193,0.0821955078361086,0.0820983527715609
0.0374943903252589,0.037124804643824,0.0340768952844769,0.0315259183869588,0.0296366462533878,0.0296766898948568,0.0296976963952996,0.0297876304753202,0.0297876304753202,0.029687849598217
0.0160316113584132,0.0158793142302031,0.015354151719134,0.0151975722599011,0.0149140216858399,0.0148930151853971,0.0148930151853971,0.0148956409979525,0.0148956409979525,0.0148588796221776
0.0623629302330301,0.062134484540715,0.0617642449704113,0.0608371074826079,0.0605482322017389,0.0607425423308345,0.060844672079325,0.0609336778935789,0.0608706583922506,0.0602728347243766
0.108020758958442,0.105080823319083,0.103021570850874,0.0944777614493572,0.0927079637870544,0.0926980451904098,0.0926773053740547,0.0927904922551025,0.0927274727537742,0.0923204718076957
0.332604024603703,0.319264773737585,0.311074577179215,0.30361956710802,0.299396850235812,0.298661048323819,0.298579217337231,0.298997603642436,0.298892571140222,0.298138962936838
0.088027617020436,0.0853308767548553,0.0840957653026749,0.0820730947113361,0.0786602102281464,0.0785919391017074,0.0784895324120489,0.0784974098497149,0.0780588991529723,0.0780221377771974
0.0534315724382125,0.0523847604660752,0.0524461337060162,0.052260583123492,0.0512437269543542,0.0512437269543542,0.0510809265759228,0.0510809265759228,0.0510783007633674,0.0510677975131461
0.651058365913074,0.649081129058899,0.642285403080701,0.640690837378147,0.636295227160498,0.636368749912048,0.635197637512364,0.635255405388582,0.635243178948871,0.629453262264334
0.699952841968058,0.699289988411118,0.697798526879682,0.693320777963037,0.690482274590709,0.687625390530493,0.687389067400512,0.68733917696196,0.68710810545709,0.686506794381916
0.6015989709038,0.599822444596824,0.597130986727595,0.596064906830124,0.591821593740686,0.589085497058016,0.588906941804253,0.588906941804253,0.588308256541634,0.587522769332695
0.69074370705325,0.689538459090347,0.684588843451842,0.682461935282012,0.673870276600922,0.67382908416646,0.673768690477687,0.673687290288471,0.673687290288471,0.671757687315183
0.702242796686247,0.698535149358099,0.697088326640104,0.695394677541906,0.68705825604686,0.686871002789006,0.685883697268197,0.685799671266425,0.685387418695236,0.685327025006463
0.516270607133616,0.513859249613065,0.512212742055899,0.507570674712939,0.497156414920191,0.496831798843037,0.496306185020435,0.496298307582769,0.495276866498739,0.494630916610124
0.221431900809796,0.220069104093572,0.218454229372034,0.214811837588719,0.213283306969099,0.21141011793743,0.211131781806563,0.210905284959504,0.210592813265418,0.211073336963046
0.218658694010621,0.208388361568563,0.207028190664894,0.203942860912363,0.197204389956369,0.197217519019145,0.197243777144699,0.196598504223383,0.196603755848494,0.196490845908614
0.261714080938138,0.257385285341527,0.249045561066626,0.242677965619913,0.238697131215207,0.238768028154201,0.238182471954359,0.23818772357947,0.238182471954359,0.237875251885384
0.214668402577883,0.210822818033938,0.20865348658001,0.205286292260992,0.202177330195463,0.202198336695906,0.202200962508461,0.202048665380251,0.20102158290206,0.20102158290206
0.356176538823696,0.349430908425656,0.339155919269144,0.336263627767752,0.32857346387373,0.328325386129732,0.327768016386538,0.328159282971445,0.328159282971445,0.327736527150035
0.202752547258368,0.200302541059267,0.19734800959465,0.194988675985351,0.187251739805186,0.187297650496583,0.187354125980684,0.187123074989974,0.187007539237539,0.186976029486875
0.22669409071319,0.217953827452796,0.210874595775263,0.208729306917546,0.204909939470833,0.205035342534511,0.205156129912057,0.205276917289603,0.204817235979133,0.204391854345167
0.10561603776884,0.102238442770403,0.0996546432159434,0.0962882694633482,0.0925346704154819,0.092719133747495,0.0927874048739339,0.0929213213142565,0.0928005339367107,0.092293752113529
0.0467442535416457,0.044486588112224,0.0432336447259519,0.0410430426517644,0.0379751601928142,0.0379829991664291,0.0380118831045379,0.0381405479197499,0.0381405479197499,0.0379094764148795
0.0709625381513483,0.0696785414544852,0.0690142108779828,0.0684779296918747,0.0677819508941242,0.0677583544809071,0.0678056191069033,0.0678134965445693,0.0677137156674662,0.0671955741278586
0.0630044080346367,0.0604553492111337,0.0583314309802097,0.0537345717186468,0.0508689793972611,0.0509162440232574,0.0507797017703794,0.0507875792080454,0.0504882365767361,0.0503543201364134
0.293528466887024,0.283570770252337,0.277728398859175,0.26498344322531,0.253992858604984,0.254347363814116,0.254641947160169,0.254705007689819,0.254697130252153,0.253806979795891
0.135484624814654,0.130254006204405,0.127370864018636,0.126042202865631,0.12542251110257,0.125532795229894,0.125853144361647,0.125934544550862,0.125934544550862,0.125934544550862
0.15928136906696,0.158895374621325,0.157729513846751,0.147977246016198,0.146632829987862,0.146590816986976,0.146551429798646,0.14654355236098,0.14654355236098,0.146435894046211
0.434266932341712,0.429628926802549,0.427972039080126,0.423888531301673,0.421698603630515,0.421665616860288,0.420176781141407,0.420171529516297,0.419945709636537,0.419945709636537
0.458173109383679,0.45780024400082,0.453565505830508,0.450036783011014,0.445835482922462,0.445529739873049,0.445529739873049,0.445513984997717,0.445290790930512,0.445290790930512
0.635096502700662,0.632391915768656,0.629361030598328,0.626513870250231,0.624531381770945,0.620837889213604,0.62077224389972,0.620176184449656,0.619496098997822,0.617256280888112
0.679951330252532,0.679263367363032,0.6733711670738,0.668834542516266,0.656332597628733,0.654908381515707,0.651917581015168,0.651914955202613,0.649194613395275,0.648168330969347
0.457337731736189,0.457020008416992,0.454638478485936,0.449867377072873,0.449198041041187,0.448901324222433,0.448638742966899,0.448465193168319,0.44831814766522,0.448202201629573
0.175283327206243,0.172210716233277,0.167105726342474,0.164472036349462,0.161447705453442,0.161219259761127,0.159420578160715,0.158543033656135,0.158376427900914,0.157672710136081
0.242767325303437,0.238240424458022,0.235442190382929,0.23420469415958,0.229083990421766,0.229262545675529,0.229359700740077,0.229441100929293,0.227961311955232,0.227541181946376
0.235350163858528,0.230145228977337,0.223147438517342,0.220987174322395,0.215060961554907,0.21492967092714,0.214945425802472,0.214677592921827,0.214575186232168,0.214556805544281
0.376483547418708,0.368285391366029,0.363761116333169,0.353055678545026,0.346131862148113,0.34666637911641,0.347668003521311,0.348144629528428,0.346821220000533,0.34679496187498
0.276527397327513,0.2684298222042,0.263582633769515,0.256093816361669,0.249585268117552,0.251718556191325,0.256096996056561,0.257836535331995,0.257823406269219,0.25775201699037
0.224128835959902,0.219812000118914,0.217473960208306,0.21499063901241,0.207082512162133,0.206512690323462,0.206685337498976,0.20671684724964,0.206352002903571,0.206231215526025
0.568409725912263,0.563083552341993,0.547918212956917,0.516648231801732,0.510635818531451,0.511531220612824,0.516448300792635,0.5184983629169,0.517701592919637,0.516312989389392
0.358070898469093,0.352040514794137,0.336609024689583,0.30996338664261,0.298123987599609,0.298336678416592,0.301035111100421,0.303740395513887,0.301273280504855,0.29836868050711
0.129847169371612,0.127413646300544,0.118646058178246,0.113158202251296,0.109390150977295,0.109421660727959,0.109647480607719,0.109891681175366,0.109069801845543,0.108802666446358
0.08503794992727,0.0826128633047443,0.0805956956369834,0.075711684284041,0.0740679256243947,0.0740731772495054,0.0740154093732878,0.0744066554440343,0.074404029631479,0.0727124216922597
0.272276986338511,0.269334927483532,0.259570556298232,0.255067349308296,0.252197315671143,0.252037120591106,0.252299640304159,0.251771790438053,0.251225621426541,0.24767086613726
0.252092385739732,0.250763724586727,0.24724776157512,0.244427515805715,0.242878286398061,0.242891415460838,0.242880912210617,0.242886163835727,0.237595151536706,0.237595151536706
0.392914569483782,0.388033758339891,0.3816696913288,0.372610761097822,0.368918868645006,0.368937249332894,0.368664164827138,0.368672042264804,0.367584955866891,0.367584955866891
0.424274525747309,0.417928182970966,0.4160439573209,0.416025576633012,0.415555556185605,0.41463951685868,0.41463951685868,0.414642142671236,0.414358554915259,0.414358554915259
0.455758592682397,0.44887125046301,0.444869512128664,0.437005203525404,0.431370209781633,0.430568967697362,0.430595225822916,0.430595225822916,0.430390412443599,0.430390412443599
0.680058660340732,0.676500684328239,0.675250797551895,0.672143517647534,0.668722083887919,0.668719458075364,0.668677445074478,0.6686879483247,0.668666941824257,0.668666941824257
0.590261409771278,0.588974761619159,0.587564700276938,0.579718772361566,0.578505646960997,0.578214181767353,0.578138033203248,0.577662761130731,0.576528410106822,0.575535852960901
0.335089110017411,0.33218221243368,0.331315284007204,0.328579187324534,0.325527049483836,0.324410853492047,0.321949523476302,0.321805103785758,0.321382347964347,0.321143399021811
0.201657665479431,0.19763274614362,0.190188547035055,0.187195120721961,0.180951451319365,0.180865025160805,0.1803713724004,0.180028149979591,0.180036027417257,0.179510864906188
0.1790045549087,0.177768022850899,0.173192503444888,0.170562547029104,0.166324721477623,0.16614616622386,0.16595448190732,0.164722975818863,0.164184684245017,0.164184684245017
0.301953181329244,0.299773715879986,0.290829316207574,0.284135709720787,0.280181379611561,0.280273283050998,0.280247024925445,0.280247024925445,0.280202386112004,0.276245286591098
0.337428073065245,0.334884132524809,0.329074870986837,0.316006201898883,0.312416613564923,0.312406110314702,0.312387729626814,0.311185107476466,0.310788609780609,0.310788609780609
0.255555709415269,0.253279129929784,0.250460874033957,0.243365231027954,0.23761271165817,0.23703556626417,0.236531410253543,0.236360732437446,0.236360732437446,0.236101269334321
0.331845472487617,0.322650266687849,0.317742397366142,0.303867685880339,0.289545293868011,0.290143445762454,0.290274736390221,0.290279988015332,0.288812158796894,0.288221350971941
0.716963840381294,0.702110685492056,0.690928498611833,0.66440627375496,0.651477798440469,0.651551321192019,0.651553947004574,0.653603024449131,0.653130378189168,0.650452049382716
0.120882163224889,0.118405293732497,0.111641364703212,0.108194524155708,0.100945824997553,0.100945824997553,0.100945824997553,0.101000967061215,0.100840792495339,0.09788412755802
0.0548085495679437,0.0538600004250259,0.0523931610148362,0.050670535664807,0.0493733842624663,0.0494337779512393,0.049454784451682,0.0494836683897908,0.0493838875126877,0.0491915108432276
0.0621693586137157,0.0617270938255853,0.0602582747988988,0.0588692199571211,0.0577532496210993,0.0579002951241986,0.0578819144363112,0.0580263341268552,0.0579606888129716,0.0577348689332119
0.106168648226777,0.105239110582185,0.103547143645155,0.101764278462558,0.101430800268029,0.101946351894862,0.101363421507575,0.100838258996506,0.100696465118518,0.0995988754703832
0.0108868291246081,0.0108868291246081,0.0106829542681381,0.0106566961425846,0.0105700443282582,0.0105849074786722,0.0106006623540043,0.01068206254322,0.01068206254322,0.01068206254322
0.39294062246773,0.392774334681998,0.390097482895108,0.385733382428124,0.383866429701273,0.383876932951495,0.383876932951495,0.383882184576606,0.383307131626985,0.383307131626985
0.447986597801786,0.444122304343383,0.437170834857997,0.430777473625585,0.421771757127174,0.421766505502063,0.421616834186409,0.421561692122746,0.419576577830905,0.419510932517022
0.404371317889323,0.399923191420568,0.39029060320289,0.387835468463642,0.384716003147891,0.384687119209782,0.384618848083344,0.384621473895899,0.383972898194729,0.383972898194729
0.273760919173012,0.271967325084426,0.269161398199112,0.268443197436904,0.268004686740162,0.268057202991268,0.26806770624149,0.2680729578666,0.2680729578666,0.26776311198507
0.583083094698103,0.580302359201992,0.577768162887835,0.577469558766307,0.576098884612417,0.576109387862638,0.576140897613302,0.576143523425858,0.575382037784807,0.574764971834301
0.568352778602469,0.565742720922456,0.56175702466169,0.557421808132814,0.552049764899468,0.551973616335363,0.551411692448519,0.551393311760632,0.550860271811897,0.550860271811897
0.432577837387165,0.428358648950579,0.425359971012375,0.424309645990236,0.422971014955186,0.420970145788012,0.420881811812518,0.420640237057426,0.420527327117546,0.418794290831018
0.41261505640683,0.399891722698225,0.396767046785686,0.393545174780277,0.388243659231034,0.388267291544032,0.38820689785526,0.388225278543147,0.388225278543147,0.388164884854374
0.206741279614901,0.203131259176995,0.19625163028199,0.193110050701125,0.183958355435965,0.183984613561519,0.183298353347347,0.183001636528593,0.182237525074987,0.181759627189915
0.298139455276692,0.289339434266504,0.286718504081378,0.274916974178824,0.269101107081142,0.269101107081142,0.269087978018366,0.268410518379087,0.26684028247099,0.266827153408213
0.34367970196215,0.337895426671776,0.327990348858998,0.324615687385525,0.32108134368603,0.321083969498585,0.320684845990173,0.319303668586061,0.318337369565694,0.318193934554858
0.30440091045652,0.299299777227907,0.287116068513586,0.283739642822302,0.277075330556836,0.277075330556836,0.276896775303072,0.276820626738967,0.27640878445099,0.27633526169944
0.274811695506683,0.271739474302768,0.268755156276976,0.26512981176111,0.261226295227661,0.261213166164885,0.261105507850116,0.26098472047257,0.260874436345245,0.26064599065293
0.276327774030825,0.268831858723417,0.263980300772525,0.250160341581334,0.235030081410864,0.233906233637176,0.233071225244576,0.233233102485781,0.232791965976483,0.230630922243434
0.102372133554959,0.0996127840712623,0.0961891040110627,0.0929144593275396,0.0869168777953643,0.0859978382724532,0.0862269455464472,0.0864658944889837,0.0864632686764283,0.0845858075708162
0.0288496768963464,0.0282089786328421,0.0270165853558174,0.0251123224993963,0.0227155274685923,0.0228838538490323,0.0239422204221212,0.0241778588919926,0.0241778588919926,0.0239698735105947
0.0518619570834738,0.0508903756667551,0.0502263169028805,0.0497560246428459,0.0494237721694122,0.0494707649827806,0.0494103712940077,0.0495489957341854,0.0495437441090747,0.048827440906721
0.0474042658873442,0.0465879099952596,0.0464759437067668,0.04615822038757,0.0454098638092966,0.0454256186846286,0.045428244497184,0.0454623800604035,0.0454623800604035,0.0454571284352928
0.131803153555417,0.130806073037087,0.130548866491626,0.13011093019138,0.130108304378825,0.13044966001102,0.130658494165812,0.131068120924446,0.131047114424003,0.130890468293748
0.244672475397304,0.235236125639816,0.234508775561985,0.234508775561985,0.234215443579729,0.234231198455061,0.234262708205725,0.234270585643391,0.234141920828179,0.234141920828179
0.463940993859744,0.46184740068671,0.450351593319407,0.440721015489466,0.431512454971155,0.431512454971155,0.431433680594494,0.431433680594494,0.429873947936619,0.427999117772103
0.42013226541293,0.418737589691151,0.413822068587545,0.409728426813761,0.409196289488092,0.409167405549983,0.409167405549983,0.409164779737428,0.408910075919559,0.408910075919559
0.398597976646542,0.393685450610382,0.391344784887218,0.387356175615649,0.385037583129279,0.385032331504168,0.385019202441391,0.385772810644775,0.385772810644775,0.385964494961316
0.52437936247445,0.521404316849244,0.515422715848167,0.51334992403397,0.504409893877763,0.50438363575221,0.504331119501103,0.504205080498446,0.503960879930799,0.503551253172166
0.603300497439663,0.602433979296399,0.59928037841743,0.595614744090167,0.590873593351564,0.590863090101343,0.590863090101343,0.590847335226011,0.590747554348908,0.590747554348908
0.773010660582149,0.770897127645023,0.766619678992365,0.764936533144389,0.762386376813294,0.76274274881104,0.763556750703197,0.764215829654589,0.764215829654589,0.764215829654589
0.312206179305605,0.305034469792139,0.300407193158963,0.293203091785928,0.286001595711287,0.286027853836841,0.285668117516758,0.285127200130357,0.285127200130357,0.284132119742684
0.205837076958636,0.201794187218149,0.196815646613214,0.190461652054972,0.185640660203357,0.185590769764806,0.184307650048308,0.180171995273639,0.18006958858398,0.179785918771361
0.310418165068699,0.300856945615709,0.298457814534868,0.293280758397916,0.285855145118845,0.285855145118845,0.283310732752715,0.283310732752715,0.281383386337092,0.279492801297243
0.538378348745099,0.526394140242502,0.519479185962964,0.502080059631391,0.488177571972151,0.485943005487552,0.484792899588311,0.484792899588311,0.482534700790714,0.480774421698924
0.354914917947495,0.346454714007457,0.338954552268806,0.335315176067097,0.331212446520173,0.331212446520173,0.331212446520173,0.33112136364716,0.329311768513315,0.329311768513315
0.368903688166171,0.363550969272099,0.359407847342976,0.355679849967524,0.353509164578998,0.353274728751791,0.353188076937465,0.352252467101338,0.352052905347132,0.351477852397511
0.280371586908539,0.27845868246197,0.277424112315164,0.27271988706562,0.268758192372743,0.268805456998739,0.268839592561958,0.268188391048233,0.268177887798011,0.268125371546904
0.334228479438236,0.332147420417321,0.328450276339395,0.322519488914096,0.317625979504801,0.317893812385447,0.318410441005711,0.31865714430095,0.318644015238173,0.317777497094909
0.16740253547495,0.161140054587094,0.154817097953822,0.144847523620154,0.138836464284472,0.138804954533808,0.138920326172958,0.139554490676315,0.139246962894931,0.139105169016942
0.0323320428414499,0.0322033780262379,0.0314576472605198,0.0313578663834167,0.030836724647823,0.0308314730227123,0.0307710793339394,0.030828847210157,0.0308025890846035,0.0306030273303973
0.0298239764393431,0.029237232982457,0.0291925941690161,0.0289752594589299,0.0284185871971967,0.0284212642951535,0.0284212642951535,0.0284343933579302,0.0280825344755139,0.0280011342862982
0.157100795853031,0.153787174264389,0.151882393425413,0.146725666821605,0.144236396519138,0.144727372181586,0.144933416410538,0.145455953109052,0.14544019823372,0.144181531396644
2.50568351407419e-05,2.10065004427633e-05,2.10065004427633e-05,2.10065004427633e-05,2.10065004427633e-05,2.10065004427633e-05,2.10065004427633e-05,2.10065004427633e-05,2.10065004427633e-05,2.10065004427633e-05
0.528804964394879,0.525787905768787,0.515933231248576,0.51178235496675,0.506587718194174,0.506582466569063,0.506527324505401,0.506346143439082,0.505243302165837,0.503715079258626
0.603086165489833,0.597248245669519,0.583755712995483,0.576826891143386,0.566796287181967,0.566796287181967,0.566793661369411,0.566793661369411,0.566717512805306,0.565893007662928
0.486405353638899,0.479615740880557,0.477278767706299,0.469100141134501,0.463835386961033,0.464150484467675,0.46407433590357,0.46419249746856,0.463664709144936,0.462769307063563
0.563374853422352,0.553551688652805,0.550459589227279,0.547150203812799,0.542508546753051,0.54211992649486,0.54211992649486,0.542109423244639,0.542109423244639,0.542109423244639
0.721282071185202,0.715006215064642,0.703207290460482,0.697220437834294,0.695981054308171,0.695981054308171,0.695981054308171,0.695981054308171,0.695802499054408,0.694301354839174
0.620440447866359,0.618402612181805,0.615466953744929,0.615212249927061,0.605586021099164,0.605589426449822,0.605599929700044,0.60560780713771,0.60560780713771,0.605024876750423
0.382793333960882,0.37819615160129,0.369598543813629,0.366037613762011,0.362971813490361,0.363008574866136,0.363068968554908,0.363087349242796,0.361162628639728,0.361154751202062
0.191671843930577,0.185101342921482,0.181382576918295,0.173971897948132,0.171372712773231,0.171388467648563,0.170842298637051,0.170795034011055,0.169723702488474,0.169723702488474
0.319308550956281,0.315873270138269,0.313141645542607,0.312207553754364,0.307792311485033,0.307792311485033,0.306978309592876,0.306967806342654,0.306967806342654,0.304980066238258
0.610541339674313,0.598629915413485,0.569554949441284,0.557278660320227,0.55408788778227,0.554085590196284,0.554064583695842,0.553933293068074,0.55397530606896,0.553728479688757
0.237971688954311,0.234064479871957,0.229069302282785,0.220442359245482,0.216038871590168,0.214867759190484,0.214867759190484,0.213827937418567,0.213176735904841,0.21172728737429
0.553696313484954,0.539662658282911,0.526233309223487,0.513207432674521,0.501267862985366,0.501499714028338,0.502208683418282,0.498866024035327,0.498868649847882,0.497931234765624
0.33569304690514,0.327693652554405,0.323675502891587,0.314187129222847,0.309114059365919,0.310694798524237,0.312704263124697,0.316303308486688,0.315111189586562,0.314312942569737
0.267869231737795,0.264066357676195,0.260636020770884,0.26037343951535,0.256395477093125,0.256369218967572,0.255602481701411,0.255602481701411,0.255481694323865,0.254767473308811
0.225551964822418,0.221113603094103,0.220334044477574,0.216717582593243,0.21490562833093,0.214624666387508,0.214243779967859,0.21424903159297,0.214202054165222,0.214060260287233
0.267759480978646,0.263521419514318,0.260103493676164,0.257895185317118,0.252493417065079,0.252503058720556,0.252463671532226,0.253224521234298,0.251575510949541,0.249579893407478
0.0553177520620748,0.0545720212963567,0.0499707207190264,0.0484173115511527,0.047697838910988,0.047538536196937,0.047538536196937,0.0475175296964942,0.0475175296964942,0.0467489102560993
0.171239811783858,0.169060387362921,0.164845958211591,0.160122439394014,0.156818921029463,0.157262365381827,0.157601095201466,0.158247045090081,0.158155141650644,0.157114571111866
0.118589562179984,0.117235278840404,0.115618096275801,0.113491034249767,0.112226592676485,0.112255476614593,0.112439283493468,0.113198143321962,0.1131430012583,0.11302483969331
0.133872375905671,0.13348375564748,0.133093360914398,0.129246545520817,0.129019905074634,0.1290277825123,0.1290277825123,0.1290277825123,0.1290277825123,0.1290277825123
0.381413387406406,0.376983641625538,0.37427199782229,0.372467408143628,0.369501019494191,0.369490516243969,0.36949576786908,0.368230126217403,0.368324655469396,0.366883084376511
0.579051939057472,0.571108856077552,0.562526223627121,0.559097568882979,0.555213171547199,0.555081880919432,0.554887570790336,0.554887570790336,0.554887570790336,0.554698512286352
0.533347209832415,0.529623807628935,0.523035069531077,0.517956748049039,0.515302051555584,0.515302051555584,0.515302051555584,0.515291548305363,0.504974730775411,0.501366864324366
0.577024114283285,0.572595065983878,0.568000796635089,0.563713993525203,0.56129073779151,0.56129073779151,0.56129073779151,0.56129073779151,0.5609913951602,0.560484613337019
0.78844174040349,0.78197977981807,0.777866854733333,0.770438431014261,0.764068209754993,0.764070835567548,0.764070835567548,0.764070835567548,0.764070835567548,0.763586865490941
0.294497596861553,0.292586005321261,0.290012565417898,0.288671390626935,0.284382864327559,0.284382864327559,0.284382864327559,0.280769746251404,0.278461657015255,0.278445902139923
0.320833512111959,0.308625206919092,0.294470579712057,0.288622607953055,0.279640257083554,0.27960874733289,0.279658637771442,0.271332699012456,0.271332699012456,0.270340141866535
0.150980078071922,0.146958215346038,0.142699660235283,0.141097914576522,0.140037086304162,0.140058092804605,0.140086976742714,0.140083838076144,0.140015566949705,0.139837011695941
0.300782643326056,0.298697235303097,0.295349878177368,0.291015687356522,0.288094963228555,0.288076582540667,0.288076582540667,0.288076582540667,0.287982053288675,0.287992556538896
0.314829817359928,0.309968022842903,0.306271596760597,0.299342077427041,0.298360433814553,0.298150040583556,0.298150040583556,0.298034504831121,0.298034504831121,0.298034504831121
0.19725565484368,0.189995570326398,0.179089647646822,0.173969867046234,0.169223197998433,0.168929106992234,0.167749850470796,0.167066175040859,0.167026787852528,0.165547347619197
0.719157460601358,0.707767424246051,0.702606307611877,0.693999386395309,0.680210383072446,0.68038303024796,0.681085722304763,0.681649246296133,0.679846872146815,0.679045999317435
0.764187520112977,0.758236854466067,0.741151758904785,0.734697347530462,0.723524515107467,0.726159846233326,0.729372035554937,0.731077500809633,0.729536230896288,0.726156810137558
0.19499318910068,0.190499357082133,0.187827305608821,0.185129631948934,0.181149802738096,0.182178218636726,0.183037495281302,0.185187276740188,0.184845839051351,0.183953062782533
0.243487126170171,0.240445881348746,0.238476214219828,0.23569106817919,0.232189567650798,0.232486694752764,0.233119823291011,0.234363863531587,0.234337605406034,0.23430609565537
0.18295414624683,0.180297377823157,0.175724668857147,0.173998340701131,0.170612263097291,0.170898209981736,0.171244817239041,0.171545513804949,0.171503500804064,0.171322319737745
0.0483324342117172,0.0472697750505251,0.046081446141567,0.0439230897635549,0.0430907071835104,0.0430907071835104,0.0430907071835104,0.0431668557476154,0.043148475059728,0.0427493515513155
0.215498036260409,0.21431036893313,0.209029326516155,0.205505157840312,0.204016075951504,0.20456517848798,0.204431262047657,0.204554675237759,0.203065839518878,0.203050084643546
0.186626611789568,0.184588345307642,0.182330208052527,0.180313748123306,0.177336076685545,0.177443735000314,0.177769335757177,0.178998216033078,0.179350074915494,0.179084867847405
0.000861266518153294,0.000861266518153294,0.000861266518153294,0.000861266518153294,0.000861266518153294,0.000861266518153294,0.000861266518153294,0.000879647206040712,0.000879647206040712,0.000879647206040712
0.343929400324835,0.343406863626321,0.341953107122047,0.337729118371883,0.333477927844779,0.333470050407113,0.333381695917458,0.333381695917458,0.333263103555095,0.333011025549782
0.460442385827994,0.456001029032233,0.448588360188493,0.44316868307426,0.437438462597036,0.437435836784481,0.437367565658042,0.437367565658042,0.434983327857788,0.434311899381722
0.496261546206994,0.493468789412778,0.488553842705668,0.480791940792067,0.479383356469409,0.479380730656853,0.479333466030857,0.479333466030857,0.478931716709889,0.478550235379583
0.313682850127257,0.30911059247278,0.308438384458611,0.305138476586323,0.303846576809093,0.303828196121206,0.30382031868354,0.30382031868354,0.30382031868354,0.302846142225507
0.492806305110729,0.488662772898393,0.478637420562085,0.47430745565832,0.474210300593772,0.474205048968662,0.47419454571844,0.47419454571844,0.473251879011071,0.473251879011071
0.107195022966428,0.106598030122058,0.10425580532269,0.1039905982546,0.100109647297799,0.100083389172246,0.100078137547135,0.0988124958954587,0.098799366832682,0.098799366832682
0.0978849276102829,0.0977326304820729,0.0977326304820729,0.097680114230966,0.095668311016199,0.095668311016199,0.0956131689525368,0.0955606527014299,0.0955606527014299,0.0955212655130997
0.0755997231240883,0.0748776246713684,0.0736544063037892,0.0718921424669625,0.0707267073612214,0.0705857545638169,0.0701262373666314,0.0699319272375359,0.0697848817344365,0.0694198937892435
0.156589059860067,0.155919477658454,0.153616640047416,0.153007451534576,0.152103813017727,0.152103813017727,0.152053922579175,0.151946264264406,0.151809722011528,0.151809722011528
0.0954560612536687,0.0931428742486138,0.0917249354687273,0.0915227479019657,0.0870746214332106,0.0870746214332106,0.0870746214332106,0.0870746214332106,0.0870614923704338,0.0870614923704338
0.25451373365649,0.249622501319021,0.243388822312631,0.235125390200959,0.231312710370597,0.231346845933817,0.230732405795866,0.230756038108864,0.230679889544759,0.230176841298804
0.614037609091755,0.607576017761226,0.604296500964563,0.597310526661066,0.589308362898651,0.589513176277968,0.589484292339859,0.589203330396437,0.587967680447541,0.587665712003677
0.696709307009068,0.68442046322173,0.67637944563916,0.664790339869501,0.65343501347391,0.653673593161555,0.65370510291222,0.653266469130513,0.652854216559324,0.652481351176465
0.480812742150904,0.47024983675053,0.461401751062082,0.454739285071068,0.444393255376438,0.445325623975192,0.4478455834619,0.451795256856672,0.450379943889341,0.449429399744306
0.236981244766931,0.234612761842009,0.230632296692193,0.228616862471002,0.226064839351294,0.226069947377281,0.226447920786126,0.226907314898348,0.226891560023016,0.226802282396134
0.172627563976438,0.171624513837376,0.170164562056604,0.167433716999045,0.166703720594498,0.16671422384472,0.16671947546983,0.166464771651962,0.166464771651962,0.166443765151519
0.0951071564103772,0.0943272900814396,0.0938310115084793,0.093572656170026,0.0929824124844895,0.0930375545481518,0.0929955415472662,0.093016548047709,0.0929614059840467,0.0929614059840467
0.135088845114417,0.133724848319798,0.132354174165908,0.131356365394877,0.129037065169966,0.12902393610719,0.129084329795963,0.128023501523603,0.127821313956841,0.127726784704849
0.160280213803101,0.159294108360686,0.152309580305511,0.150841751087073,0.149163856864207,0.149119218050766,0.148943288609558,0.149095585737768,0.148956417672335,0.148759481730684
0.0853001516708337,0.0844362593401251,0.0832073790642234,0.0818025693471136,0.0796283965512876,0.0796073900508449,0.0796231449261769,0.0794629703603009,0.0792922925442034,0.0792581569809839
0.359783584708317,0.359783584708317,0.3563857832617,0.35083723619065,0.35083723619065,0.352567646664622,0.352567646664622,0.350083627987265,0.349603514572849,0.349603514572849
0.383355586074295,0.383268934259969,0.382457558180367,0.37988709283029,0.379678135590534,0.379678135590534,0.379328902520673,0.379328902520673,0.379328902520673,0.378814243259825
0.463224803485273,0.459603807971452,0.458132286204108,0.455456583210211,0.454644099365937,0.453911497662996,0.45390887185044,0.45390887185044,0.453113250646171,0.45284279195297
0.343587511324465,0.343154252252833,0.337432606694735,0.330774325592482,0.32649568711851,0.326490435493399,0.326490435493399,0.326490435493399,0.326490435493399,0.326490435493399
0.457823794257176,0.456623797919383,0.45489338744541,0.443917490964067,0.441500348450229,0.441487219387452,0.441479341949786,0.441474090324675,0.441474090324675,0.440707353058514
0.0843373195436061,0.0841386911837066,0.0833982120430992,0.0832590439776659,0.081975021638102,0.081975021638102,0.0819513893251039,0.0818726149484435,0.0818726149484435,0.08024986278924
0.0518288318426633,0.051765812341335,0.0515583731494627,0.0515373666490199,0.0512590305181533,0.051256404705598,0.0512485272679319,0.0512485272679319,0.0512485272679319,0.0512091400796018
0.078957332201572,0.0788995643253544,0.0785713377559362,0.0777760601638564,0.07594061718767,0.0758688740395514,0.0755065119069137,0.0754119826549213,0.0753962277795892,0.0752754404020433
0.1174365637841,0.117137221152791,0.114981429044852,0.113272025071322,0.112291160996937,0.112291160996937,0.112291160996937,0.112288535184382,0.112288535184382,0.112254399621162
0.15671112937265,0.152918799589592,0.149727914223752,0.147138863044182,0.144339746860184,0.144339746860184,0.144287230609077,0.143772417492025,0.143719901240918,0.143680514052587
0.321317256532799,0.316341218655456,0.314424375490054,0.312407751447549,0.310777121850679,0.309430080009787,0.309238395693247,0.309254294167703,0.309019181373197,0.308943032809092
0.495979927810433,0.489648970654532,0.486317470974937,0.479717737287003,0.475903744550364,0.475901118737809,0.475806589485817,0.475530879167505,0.474776081142807,0.47464479051504
0.63864454985943,0.630800304105226,0.619807668068842,0.611782282276641,0.609396239230255,0.608734534466308,0.60875028934164,0.608225126830571,0.607497776752741,0.605389249270798
0.662427888107792,0.648302903862808,0.634637231673404,0.616688038639807,0.598194194642582,0.598341199117361,0.597072931653129,0.59791774581449,0.596977704919676,0.591844241373976
0.168759670282852,0.163860642564359,0.158747929092094,0.155522938934276,0.15288874634433,0.153062080744223,0.152710262890128,0.153293265076977,0.153293265076977,0.153356284578305
0.275523208652539,0.274010638049857,0.270092925717282,0.26831758923162,0.267968356161759,0.268041878913309,0.267915839910652,0.268267698793068,0.268267698793068,0.268230937417294
0.329881241611255,0.327871038501014,0.324397088490292,0.321318036070902,0.320326237948923,0.320536302953351,0.320620328955122,0.320772626083332,0.320772626083332,0.320733238895001
0.215375033353519,0.214186586488138,0.211889000502211,0.211517222369863,0.209507737255242,0.209919989826432,0.210145809706191,0.210387384461283,0.210382132836172,0.210064409516976
0.088406964878041,0.0871050849616847,0.0853615505534755,0.0835778289046731,0.0811074675297283,0.0811573579682798,0.0812019967817207,0.0815643589143584,0.0815092168506961,0.0813647971601521
0.216841672750643,0.209371502714773,0.20801920924877,0.204243557478271,0.202896515637379,0.202455379128081,0.202303081999871,0.202190172059991,0.202034202897036,0.20183464114283
0.011017272261116,0.0101725311814519,0.0101725311814519,0.0101725311814519,0.0101725311814519,0.010188286056784,0.010188286056784,0.010188286056784,0.010188286056784,0.010188286056784
0.465668532351234,0.463850731553154,0.458895823261217,0.457527774919882,0.45211860105587,0.45211860105587,0.45211860105587,0.45211860105587,0.448862593487242,0.448193011285629
0.240840060944456,0.240493453687151,0.237458014373171,0.233838085595701,0.233578130152721,0.233578130152721,0.233562375277389,0.233559749464834,0.233559749464834,0.233559749464834
0.414692648534605,0.41469002272205,0.408352377949797,0.405634661955014,0.40457645949521,0.40457645949521,0.404568582057544,0.404560704619878,0.404560704619878,0.404135322985912
0.428173693278712,0.426170198298983,0.418396521257205,0.416387774652365,0.415342701255338,0.415340075442782,0.415148391126242,0.415074868374693,0.413775337329724,0.412895690123683
0.337551281113741,0.336409052652165,0.330028328142676,0.327942961148038,0.325690403744603,0.325682526306937,0.322875532685273,0.322841397122053,0.322720609744507,0.322720609744507
0.100259369898855,0.0992873884560053,0.0951386046185596,0.0927123538174204,0.0874708421878998,0.0874708421878998,0.0874288291870143,0.0872790450434763,0.0872790450434763,0.0872659159806996
0.0776851362755875,0.0775564714603755,0.0775039552092686,0.0774479669364821,0.0771092371168425,0.0771039854917318,0.0770120820522947,0.0769990658174013,0.0769990658174013,0.0769990658174013
0.0974956098706318,0.096676356353364,0.0963691362843886,0.0958815864867588,0.0947993619449053,0.0947153359431342,0.0947179617556896,0.0946050518158097,0.0943923609988268,0.0943923609988268
0.0371545168411666,0.0369313227739622,0.0368499225847465,0.0367527675201987,0.035211415550211,0.035211415550211,0.035211415550211,0.035211415550211,0.0352035381125449,0.0352035381125449
0.315683309011218,0.311078126128996,0.297040921977171,0.290564150167806,0.286389108204807,0.284648194480613,0.282232446929695,0.282088027239151,0.281484090351421,0.28132128997299
0.325624881515683,0.320668619289147,0.315687760584066,0.309768050805485,0.307998109544058,0.307942967480396,0.307945593292951,0.307811676852629,0.307725025038302,0.307722399225747
0.392239284345525,0.388385165910775,0.3842423311799,0.380612514577025,0.377403935747678,0.377403935747678,0.377325161371018,0.377326679418901,0.377326679418901,0.377184885540912
0.472121343621032,0.469590921912423,0.465816808703968,0.45952429508501,0.453574696174452,0.453238592167367,0.453264850292921,0.452364196586437,0.452340564273439,0.452188267145229
0.457231591469303,0.451528859967268,0.443219517164199,0.434833328315564,0.429313870324228,0.427903808982008,0.425606222996081,0.425356770803323,0.424815853416922,0.42468718860171
0.35030403212863,0.345391136837578,0.338608642492961,0.334583271845616,0.319487721634862,0.31961901226263,0.319239766975828,0.319635526161904,0.319086731337836,0.318325245696786
0.146992997105316,0.144689103015008,0.14203251921878,0.14074796351104,0.13853702933944,0.138568539090104,0.138266570646239,0.138122735609272,0.137797134852409,0.137353372530556
0.393894243736853,0.392473268861199,0.390874149014994,0.388400633587859,0.38313062778928,0.383193647290609,0.383133253601836,0.383445109871104,0.383353206431667,0.383292812742894
0.40923666135613,0.406764253693667,0.403637157110177,0.402051166326749,0.398624480942023,0.398852147096236,0.398972934473782,0.399122605789436,0.399106850914104,0.398991315161669
0.17960953801862,0.170073981780525,0.166714531557129,0.164311913068988,0.163930647137367,0.163251320709475,0.163309088585692,0.163464011526458,0.163464011526458,0.163395740400019
0.0820049723125614,0.0768172847118852,0.0748899382962617,0.0745386025249404,0.0744073118971731,0.0744178151473945,0.0744782088361675,0.0747381642791467,0.0746814477536592,0.0746499380029951
0.0401440787992594,0.0371874548902617,0.0371664483898189,0.0371690742023743,0.0354517927911784,0.0354859283543979,0.0355200639176174,0.0356224706072758,0.0356224706072758,0.0356014641068331
0.112754924625365,0.107506161240076,0.103730242785489,0.101430030987007,0.100579267719075,0.0998886790170188,0.0997626400143622,0.0997416335139195,0.0996103428861522,0.0995368201346025
0.0224004889401626,0.0218733109128156,0.0217866590984892,0.0216947556590522,0.0216579942832773,0.021655368470722,0.021579219906617,0.0214899409976002,0.0213560245572776,0.021229985554621
0.0350130307959685,0.0342051395593967,0.0337036093613258,0.033401640917461,0.0328524127317514,0.0328550385443068,0.0328602901694175,0.0329259354833011,0.0329259354833011,0.0329259354833011
0.137070974595892,0.137073600408448,0.13614666806225,0.134819678813333,0.134790794875225,0.13479342068778,0.134798672312891,0.134803923938001,0.134483574806249,0.134483574806249
0.167438989138316,0.168694127539771,0.166976856385656,0.165533623645763,0.161697311502404,0.161689434064738,0.161689434064738,0.161689434064738,0.161686808252182,0.161686808252182
0.115623460728795,0.114814710461748,0.114569391872349,0.113871346272919,0.112184661732241,0.117580706533476,0.117580706533476,0.117575454908365,0.117575454908365,0.116779833704096
0.549387149940027,0.545630350683109,0.538035023753487,0.532479912151048,0.526912820278825,0.526912820278825,0.526907568653715,0.526891813778383,0.526834045902165,0.526834045902165
0.524669473733494,0.523057922305972,0.520562046443795,0.51257695046299,0.503859252779243,0.503851375341577,0.503846123716467,0.503846123716467,0.499838887587082,0.49974435833509
0.334922637604234,0.334358087904835,0.33047976276059,0.327016767311622,0.324089191454018,0.323999913827136,0.322652871986244,0.322623988048135,0.320977603575933,0.320914584074605
0.229260904542682,0.222919998018896,0.216329864958117,0.211432724542398,0.204432308269847,0.203662945191131,0.203662945191131,0.203662945191131,0.203405615560707,0.202373671226457
0.0774473976685257,0.0773292361035352,0.0771480550372164,0.0737518126668042,0.0732135210929583,0.0731898887799602,0.0731898887799602,0.0731898887799602,0.0731898887799602,0.0731898887799602
0.0778569372419771,0.0770875741632609,0.075506835004943,0.0735742369642088,0.0704558229991886,0.0704558229991886,0.0704558229991886,0.0704453197489672,0.0704453197489672,0.0700173123024459
0.0627583201642154,0.062017841023608,0.0603740823639618,0.0589718984594074,0.0588222271437527,0.0588222271437527,0.0570498036688945,0.0561360208996343,0.0561360208996343,0.0561360208996343
0.198544580067624,0.195897473813588,0.187787344023995,0.184200914870765,0.178636592410222,0.178628714972556,0.178673353785997,0.178757379787768,0.178757379787768,0.177008588625908
0.483091742307338,0.472367144293205,0.465177300261778,0.456677093708592,0.447982535997989,0.447930019746883,0.44791426487155,0.447830238869779,0.447827613057224,0.447649057803461
0.42160050491458,0.417896139852126,0.414674267846718,0.40980469846283,0.405021821921589,0.404651582351285,0.403551366890596,0.403520964904603,0.403468448653496,0.403379171026615
0.375972826876693,0.372685309557401,0.367750300001235,0.359020581019384,0.352484359172632,0.351198531586937,0.350922821268625,0.350983214957398,0.350983214957398,0.350983214957398
0.289599717936052,0.284569891929646,0.272792117425053,0.269496722668094,0.264843885390825,0.263297138196602,0.260379860447614,0.26042712507361,0.260369357197392,0.259573735993123
0.559478024505256,0.549363394542065,0.528807918434004,0.513832909430869,0.498471577755529,0.498030441246231,0.496648032992484,0.497618968213144,0.497503432460709,0.493822043258114
0.151486572696856,0.149170606023041,0.147853381514564,0.145225691913525,0.142520499813782,0.142016343803156,0.142130966675445,0.142430309306754,0.142430309306754,0.14133271965862
0.231932935501834,0.225014124560105,0.221405950396651,0.215719855878854,0.212041092488815,0.211799517733723,0.211571072041408,0.211318994036095,0.21093825121557,0.21093825121557
0.146244158444269,0.138725913473059,0.138442325717082,0.138292654401428,0.13773860795225,0.137667711013255,0.137676788529316,0.13767416271676,0.137096483954584,0.137075477454142
0.323504107079869,0.310638856408312,0.307383669406107,0.307916709354842,0.306687829078941,0.306929403834032,0.307180271503871,0.308472171281101,0.308432784092771,0.308432784092771
0.0879057218782183,0.0823850945797287,0.0808384909846302,0.0764625897467675,0.0739549387564127,0.0737842609403152,0.0732984856175763,0.0733588793063493,0.0729807622983795,0.0728947771942723
0.0474851942508664,0.0431760101917781,0.0430657260644536,0.0422989913625628,0.0416057768479516,0.0416189059107283,0.0416189059107283,0.0416005252228409,0.0416005252228409,0.0415585122219554
0.065141788683447,0.0608930136987521,0.0586145879388146,0.0575327531660123,0.056884177464842,0.0567450093994087,0.0566793640855251,0.0565296927698704,0.0564798023313188,0.0561935887627862
0.237367526410815,0.227458838105774,0.225496863787076,0.220463181118479,0.218961216336822,0.218787912708169,0.21868236735194,0.219632911496975,0.219407091617216,0.21924691705134
0.159296190547986,0.155117681691847,0.153337873119177,0.151851663212851,0.150026723486886,0.150730441251719,0.151053293111063,0.153302055394789,0.15319439708002,0.152419782376193
0.159136846805613,0.158945162489073,0.158945162489073,0.157755669401502,0.155589374043342,0.155589374043342,0.155591999855897,0.155591999855897,0.155589374043342,0.155450205977909
0.185062017275634,0.184867707146538,0.182270778529302,0.180327677238346,0.180138618734361,0.180138618734361,0.180138618734361,0.180138618734361,0.17507867794021,0.17507867794021
0.314710076204572,0.314001106814629,0.310999803063869,0.310936783562541,0.307141150999628,0.307138525187073,0.307125396124296,0.307125396124296,0.307125396124296,0.307125396124296
0.709149422216586,0.703219598956835,0.696224434309395,0.689730799860026,0.687714791242338,0.687712165429783,0.687709539617227,0.687701662179561,0.687701662179561,0.683980885788637
0.550944502955274,0.545740347612185,0.545128533286789,0.545128533286789,0.542600573277452,0.54259007002723,0.54259007002723,0.54259007002723,0.542574315151898,0.542574315151898
0.518175552085877,0.509073911372553,0.506448098817208,0.502401721669421,0.484279430148777,0.484276804336222,0.484276804336222,0.484276804336222,0.48262516823891,0.48057703444574
0.188359217278724,0.183572360990329,0.173094712441362,0.171926851536132,0.168660340717282,0.168557934027623,0.168555308215068,0.16743146044138,0.167242401937395,0.167242401937395
0.134891621974518,0.131034303330715,0.130770542510947,0.129469206219846,0.129046450398436,0.129046450398436,0.129046450398436,0.12904382458588,0.12904382458588,0.129028069710548
0.171334125637164,0.169892554544279,0.163156176032665,0.161454649496801,0.15965530118617,0.159605410747619,0.159610662372729,0.159605410747619,0.159555520309067,0.159216790489427
0.0937967631173766,0.0903910842330936,0.0896322244045988,0.0869250116600376,0.0869250116600376,0.0869250116600376,0.0868068500950471,0.0866361722789497,0.0866256690287283,0.0862317971454265
0.0494565845692737,0.0493121648787297,0.047993299237406,0.047289355816807,0.0456193390316073,0.0456193390316073,0.0456193390316073,0.0456193390316073,0.0437733928051995,0.0437733928051995
0.398270365501942,0.390838536432212,0.375483974429866,0.367714400220205,0.363631836093139,0.363595074717365,0.363109299394626,0.362137748749148,0.361273856418439,0.360462480338838
0.276445156057713,0.274120634978933,0.271117402897078,0.269928340606879,0.266839831159457,0.266839831159457,0.266818824659014,0.266818824659014,0.266698037281468,0.266624514529919
0.400337413351174,0.394303090957384,0.390317230583334,0.386352048483156,0.385092807249583,0.384916180326915,0.384580076319831,0.384456457988124,0.383877548376313,0.383762012623877
0.224247387293944,0.215856069905162,0.206274131149977,0.201721238863096,0.193499819752309,0.192625424171379,0.190737464944086,0.189303976430473,0.187393615739817,0.185471520949304
0.462351064357482,0.446981568046228,0.436719154070156,0.430359230919504,0.425819201011312,0.425832330074089,0.425553993943222,0.425991478931935,0.42558771922323,0.42558771922323
0.445737179064921,0.438563582248681,0.432543250512413,0.428054957317225,0.415672240731034,0.415669614918478,0.415184496048878,0.415094356827252,0.413503114418712,0.413277294538953
0.327739891472371,0.312718971777839,0.305661054313158,0.302823761276305,0.301214138179878,0.301256151180763,0.300788756545912,0.300287800744337,0.300287800744337,0.300287800744337
0.108843766567097,0.0993949544570518,0.0984129005613526,0.097328439975995,0.0972024009733384,0.097191897723117,0.0970343489697963,0.0970343489697963,0.0969949617814661,0.0969897101563554
0.0804819907733808,0.0764059347637619,0.0759827840447599,0.0759287548743096,0.0754028025680579,0.0754069361714165,0.0753544199203096,0.0754587344269028,0.0754456053641261,0.0753600664430116
0.169822991025723,0.163867853291806,0.162074823342636,0.16255379822114,0.161186539674988,0.161510427499441,0.161707148042406,0.16336371779534,0.16305912353892,0.162626715804952
0.119087615227836,0.106197993733499,0.105071520147256,0.102458836654687,0.0978085226191705,0.0969420044759065,0.0964877389038318,0.097036533727899,0.0966479134697079,0.0962304092734079
0.0530398494132324,0.0481910095886191,0.0474523767224647,0.0477672639589601,0.0456140976635769,0.0456771171649052,0.0453278840950442,0.0454407940349241,0.0454407940349241,0.0454407940349241
0.0437161941969382,0.0394790353556766,0.0388330854670616,0.0382396518295536,0.0372943593096292,0.0373048625598506,0.0369772719294107,0.0369904009921874,0.036979897741966,0.036979897741966
0.0750184697694298,0.0693561409066742,0.0675994723071481,0.0676165247031374,0.0658047140399491,0.0658642153627364,0.0658642153627364,0.0659817409887487,0.0659817409887487,0.0659817409887487
0.155375708803731,0.146491118166515,0.142392224767621,0.141247206380206,0.140417449612717,0.140444600104256,0.14036319991504,0.140591645607355,0.139365391144009,0.139307623267791
0.236356301378759,0.234662652280561,0.233016267808359,0.232919112743811,0.232866596492705,0.232866596492705,0.23286922230526,0.23286922230526,0.232632899175279,0.232632899175279
0.215151080262373,0.213915696997565,0.208595800760435,0.206455763527829,0.202369999191711,0.202364747566601,0.202364747566601,0.201889475494083,0.202354244316379,0.202608948134248
0.134011584999426,0.129185341522701,0.126963904100879,0.126908762037217,0.126751213283896,0.126751213283896,0.126651432406793,0.126688193782568,0.126688193782568,0.126688193782568
0.260705132977907,0.251443892095204,0.249498164991693,0.249345375523629,0.249160604479207,0.249152727041541,0.248212686146727,0.248212686146727,0.248212686146727,0.248212686146727
0.397273541410619,0.390835049024912,0.384879008667929,0.381857149728259,0.37214369468954,0.3718049648699,0.371739319556017,0.371739319556017,0.371739319556017,0.371739319556017
0.526534539157571,0.525003321182914,0.480031029547513,0.476672163977693,0.458901280027933,0.458856641214492,0.458856641214492,0.457123604927964,0.456343738599027,0.455540239957091
0.450626442042974,0.436268498990345,0.429131540464917,0.412084765355614,0.399092244831765,0.397251550230468,0.397251550230468,0.39722791791747,0.397138640290588,0.396729013531954
0.15428347335151,0.150478670958815,0.144720264024942,0.143246557499495,0.141289116810288,0.140601153920788,0.140601153920788,0.140601153920788,0.140601153920788,0.140601153920788
0.109641972555601,0.105606098658035,0.105528493588528,0.103538127671577,0.102642725590204,0.102642725590204,0.102642725590204,0.102626970714872,0.102078175890805,0.101923252950039
0.11204938110024,0.108780244468835,0.108290386828139,0.103823151418795,0.102796458709655,0.102757071521325,0.102749194083659,0.102662542269332,0.102662542269332,0.102662542269332
0.156820798075156,0.154236998520697,0.149936450923216,0.147711874834824,0.143090444737416,0.143090444737416,0.143090444737416,0.143090444737416,0.143090444737416,0.143090444737416
0.0238990227284617,0.023825499976912,0.0238071192890246,0.0237966160388032,0.0221712380670444,0.0221712380670444,0.0221712380670444,0.0221686122544891,0.0221686122544891,0.0221686122544891
0.32805802507478,0.324512583214407,0.321834254407954,0.317014144665245,0.312799715513916,0.312755076700475,0.312579147259267,0.312602779572265,0.312502998695162,0.311749390491778
0.315579322731194,0.312992897364179,0.310014651529921,0.304440092503244,0.301118439620732,0.301128942870953,0.301134194496064,0.301170955871839,0.300974019930188,0.300249295664913
0.235361631274297,0.232234185950078,0.228704437422555,0.225919558066005,0.22407231944748,0.224077571072591,0.223523319481807,0.223134699223616,0.223132073411061,0.222320697331459
0.25469565323259,0.251761430786955,0.24795662839426,0.244997542785992,0.237611173096126,0.237574411720351,0.236091032768187,0.235261173429895,0.235158828282718,0.234851608213743
0.274192393512672,0.269876070525699,0.26068572658199,0.257269667532449,0.245525064425528,0.24553556767575,0.24542265773587,0.24555405093444,0.2431396162898,0.2431396162898
0.452692382127534,0.431725966354561,0.424875139341023,0.411517918070229,0.404616913419891,0.404679932921219,0.404391093540131,0.40567704421079,0.40567704421079,0.405535250332801
0.287370238963279,0.274208538157056,0.268726108225582,0.26680089528266,0.262709879321432,0.262788653698092,0.262638982382437,0.263961714943032,0.263205480927093,0.261918832774973
0.168667869414218,0.157129638762818,0.15516553097142,0.154176533032362,0.152806002477595,0.152806002477595,0.152630073036387,0.152588060035502,0.152320227154857,0.152320227154857
0.098766851888149,0.09449597802396,0.0923783319976359,0.0919319438632272,0.0909813997181922,0.0909840255307475,0.0907503282133218,0.0907503282133218,0.0897682743176226,0.0895713383759717
0.0876034764931856,0.0839658183524262,0.0835757621029938,0.0839338008762875,0.0838812846251805,0.0839515815249777,0.084053393303979,0.0849353021962247,0.0849353021962247,0.0848407729442322
0.195590110145488,0.187312646347974,0.185091373039436,0.190751927427301,0.188567251381253,0.190519050676299,0.192192493326317,0.204070089736334,0.204070089736334,0.202050839881273
0.0903771551180539,0.0835778904471549,0.0821691163685114,0.0867583238481747,0.0860651093335635,0.0874895408452763,0.0881543637616328,0.0957571578457084,0.0956862609067141,0.0955969832798323
0.0472661543011812,0.0428273540826837,0.0416299835574462,0.0408212332903998,0.0392247392567498,0.0392194876316391,0.0389175191877744,0.0389253966254404,0.0389043901249977,0.0388571254990014
0.0236827444976458,0.0213491484670753,0.0213176387164111,0.0211942255263099,0.0204721270735899,0.0204117333848169,0.0204117333848169,0.0201911651301679,0.0201859135050572,0.0201517779418377
0.0957713741589963,0.0900042076785525,0.0886733207391239,0.0880536289760623,0.0879433448487378,0.0879433448487378,0.0879433448487378,0.0873525370237851,0.0873315305233424,0.087321027273121
0.0406003265521011,0.0402012030436886,0.0402012030436886,0.0400384026652572,0.0400357768527018,0.0400357768527018,0.0400357768527018,0.0400357768527018,0.0400357768527018,0.0400357768527018
0.125902080891731,0.125081452925704,0.121726413246834,0.117777191163594,0.117533821419451,0.117533821419451,0.117533821419451,0.117533821419451,0.117371021041019,0.117239730413252
0.270050379348221,0.26575192419512,0.265357313802037,0.264575580684486,0.264498591039797,0.265134037678191,0.265081521427084,0.265078895614528,0.265062197087809,0.265046442212477
0.293141631360804,0.29143485319983,0.287183662672726,0.287055490197368,0.284976810819082,0.28606652302955,0.28606652302955,0.28606652302955,0.285649962484637,0.285649962484637
0.299480383897729,0.294469759145634,0.288845535336172,0.288735251208847,0.287052105360871,0.287052105360871,0.287052105360871,0.287052105360871,0.287041602110649,0.290342248492718
0.492409109933411,0.481018376096644,0.478621050261935,0.465901614243842,0.458008421702474,0.456968599930557,0.456393629037578,0.456391003225023,0.456333235348805,0.456246583534479
0.383914966205226,0.366216907525556,0.35766201022024,0.350738029710043,0.348734534730314,0.34482207402285,0.34456732917666,0.34456732917666,0.344451793424225,0.344451793424225
0.204825769869937,0.198211348043022,0.192676135176354,0.186318755781615,0.183407939993211,0.183381681867658,0.183337043054217,0.183155861987898,0.183003564859688,0.182945796983471
0.0835999380412475,0.0830031708526438,0.0781112820620353,0.0761655549585244,0.0742277052926795,0.0739519949743682,0.0739257368488148,0.0739257368488148,0.0739257368488148,0.0739257368488148
0.123066531558527,0.119371244012134,0.113376513948281,0.11048286851229,0.109674651613419,0.109674651613419,0.109674651613419,0.109666774175753,0.109666774175753,0.109666774175753
0.291328733447105,0.287559605179673,0.276935136783373,0.272508857895645,0.267521926999029,0.267519301186474,0.267519301186474,0.267519301186474,0.267456281685146,0.266568757041439
0.0654776106208231,0.0619950036343327,0.0575599139146317,0.0562811432001785,0.0541831189684575,0.0541831189684575,0.0541831189684575,0.0541831189684575,0.0541752415307915,0.0541647382805701
0.204622577109307,0.199505483863756,0.196410676569034,0.188839515320586,0.184568138859462,0.184568138859462,0.184568138859462,0.183383897397002,0.183383897397002,0.183383897397002
0.266371472359058,0.262535160215698,0.260947179558693,0.257485353416878,0.253576010861823,0.253610146425043,0.253583888299489,0.253337061919287,0.251519999630988,0.251519999630988
0.254087264772013,0.245914587306785,0.239521164531892,0.236089781404391,0.233200074687233,0.233168564936569,0.23267753798872,0.232648654050611,0.232580382924172,0.232449092296405
0.384290949740495,0.382403154626486,0.378884565802323,0.373055261929456,0.371358987018703,0.371038637886951,0.371038637886951,0.371188309202606,0.371183057577495,0.370568617439544
0.237417273250242,0.235032850822543,0.230337897973586,0.224138354530415,0.219657979801215,0.219579205424554,0.219285114418356,0.219061920351151,0.218954856947039,0.218954856947039
0.274928174910505,0.266940453117144,0.262847549853142,0.253069023897036,0.24810406366641,0.248219599418846,0.248062050665525,0.249345908891804,0.24753147241606,0.246940664591108
0.275800929358588,0.267358941993152,0.264754935990513,0.26223864853855,0.256834726299649,0.256916126488865,0.256215034536588,0.257154049723372,0.256731293901961,0.256406718853128
0.158233690371538,0.153453183215846,0.151535539998181,0.150214756282842,0.147407629319134,0.147431261632132,0.146406661367372,0.147254747537347,0.146579913710623,0.146456500520522
0.0743677605955582,0.0693032092438153,0.0691731597227637,0.06865062302425,0.0684615645202651,0.0684064224566028,0.0681863875701291,0.0681391229441329,0.0672568499255368,0.0670231526081111
0.10368601425526,0.0979706152590616,0.0975846208134259,0.0974664592484353,0.0967023477948298,0.0967023477948298,0.0967023477948298,0.0967023477948298,0.0966708380441657,0.0966314508558355
0.0795062654962232,0.0731063551180433,0.0729041675512817,0.0727361155477396,0.0725207989182013,0.0725207989182013,0.0725207989182013,0.0725207989182013,0.0725207989182013,0.0722713467254435
0.134836715823702,0.126732442826957,0.124516257030246,0.125815818846456,0.124358492878239,0.125885290051289,0.126136680832222,0.132923513921805,0.132584784102165,0.132303822158743
0.157900253205331,0.153683013614,0.153065947663494,0.153341657981806,0.15235172664844,0.152987357914279,0.153166097795488,0.159670420122524,0.159455103492986,0.159418342117211
0.0533152366335144,0.0513668837174481,0.0509362504583714,0.0503060554450885,0.0502692940693137,0.0503559458836401,0.0503585716961954,0.0510209790701426,0.0510209790701426,0.050963211193925
0.0450629283254216,0.0409013359589583,0.0407858002065231,0.0401781528199972,0.0395348287439375,0.039203976361964,0.0391803440489659,0.0391462084857464,0.0391383310480804,0.039119950360193
0.0774990318107274,0.0714509444151827,0.0710334402188828,0.0705618812094318,0.0702599127655671,0.0702415320776797,0.0699106796957062,0.0699106796957062,0.0698922990078188,0.0698739183199314
0.332553887995225,0.323182362985197,0.323040117795675,0.320319016964396,0.319532709189033,0.319532709189033,0.319532709189033,0.319532709189033,0.319522205938812,0.31863730710766
0.521242419093878,0.518960587983283,0.518674825726283,0.512333488405124,0.510467725499588,0.510465099687032,0.510465099687032,0.505239732701895,0.505239732701895,0.505205597138675
0.643169030033896,0.631282592020665,0.62433776912331,0.621430994624542,0.616948732592568,0.616948732592568,0.616951358405123,0.616869958215907,0.616869958215907,0.612014830801074
0.446175238450131,0.44582600538027,0.438113952876899,0.434345911859978,0.432303070720241,0.432303070720241,0.432303070720241,0.432303070720241,0.432303070720241,0.432303070720241
0.517804615034113,0.512702661239077,0.51084522708274,0.51084522708274,0.510091906077604,0.510091906077604,0.510091906077604,0.510089280265049,0.508206572662866,0.506365878061569
0.510818804843902,0.510445939461043,0.500152754244089,0.498028471886814,0.493482821098621,0.493456562973067,0.493392476735388,0.493392476735388,0.49135484619244,0.491210426501896
0.289285605109119,0.287868076612444,0.279289546994131,0.273434908132937,0.273406024194828,0.273406024194828,0.273484798571489,0.271717626721741,0.271717626721741,0.271717626721741
0.0918152285465582,0.0912270465341608,0.0899331876545946,0.0881440656530173,0.088004897587584,0.0880022717750287,0.0880022717750287,0.0879077425230363,0.0879077425230363,0.0879051167104809
0.274627662972042,0.262804244460139,0.252030535545557,0.244300512637511,0.237066501618337,0.236866939864131,0.236651623234593,0.233856958623442,0.233253021735713,0.232341864779008
0.0469118029482534,0.0460085234292146,0.0450868632222883,0.0422536089108006,0.0405519900612141,0.0405493642486588,0.0405467384361034,0.0405467384361034,0.0405467384361034,0.0405467384361034
0.0683960217771844,0.0665343206754445,0.0645389031464477,0.0642155281760088,0.0641209989240163,0.0641209989240163,0.0640894891733522,0.0640842375482415,0.0640842375482415,0.0640842375482415
0.36979129486652,0.366023910302738,0.359759419027144,0.35543507500338,0.351808827864449,0.351690009846319,0.351608609657103,0.351660469455072,0.351353249386096,0.349943188043876
0.243235930273764,0.242116677672048,0.240773164266777,0.237893714629913,0.236433762849141,0.236447548365057,0.236416038614393,0.236251268876545,0.236114726623667,0.236075339435337
0.327767995872378,0.321804775559188,0.317892314851724,0.312840600235969,0.310388091309276,0.310358961201241,0.310358961201241,0.310196160822809,0.310177780134922,0.309350649179988
0.140402648645852,0.137317318893321,0.133761968693383,0.132233745786172,0.128731527262159,0.128470412769107,0.128220098981604,0.126973443185553,0.125954627914079,0.125190516460473
0.310495503454119,0.304264450260284,0.30047540274292,0.286405191306708,0.278977383012454,0.278670162943478,0.278675414568589,0.278880802344402,0.278308375207337,0.277919754949146
0.248770240517366,0.24387322318661,0.239661419847836,0.234303469842814,0.228449918232132,0.228381647105693,0.228126943287824,0.227743000258247,0.227719367945249,0.227600180672229
0.222694690993151,0.218871507912568,0.21687326455795,0.211621495848135,0.205193506712649,0.205064841897437,0.203484102739119,0.203780511845465,0.203680730968362,0.203570446841037
0.164596567561315,0.160735925623498,0.157781886498734,0.155370190494533,0.154663846917145,0.154414394724387,0.154272600846398,0.153700481421742,0.15277619540226,0.152012083948655
0.112385218423236,0.104726841221046,0.102282763614355,0.101754975290731,0.101426748721312,0.101408368033425,0.10141099384598,0.100410559262394,0.0998853967513246,0.099743602873336
0.0748108972355137,0.0695981977445398,0.0692274504487615,0.0687311718758012,0.0672370845318097,0.0672370845318097,0.0670060130269393,0.0670060130269393,0.0667880705848456,0.0667880705848456
0.0299912283906222,0.0282874709397944,0.0281745609999145,0.0281010382483649,0.027996005746151,0.02791197974438,0.02791197974438,0.0278962248690479,0.0278962248690479,0.0278962248690479
0.0220512430489513,0.02070980926671,0.0206310348900496,0.0205391314506125,0.0202923050704101,0.0202923050704101,0.0202896792578547,0.0202896792578547,0.0202818018201887,0.0202739243825226
0.126235118031807,0.12302063112421,0.122204003419498,0.12096724570593,0.120946239205487,0.120930484330155,0.120919981079934,0.121633494356447,0.121457564915239,0.121444435852463
0.12841614255727,0.125895034277569,0.125102038885854,0.124521734311123,0.123944055548947,0.123802261670958,0.123657841980414,0.123554799351778,0.123339482722239,0.123222787919731
0.180785963585896,0.177708942068404,0.177115508430896,0.177059320145043,0.176481641382867,0.176481641382867,0.175770046180369,0.175611348634055,0.175540451695061,0.175094063560652
0.0313891940709056,0.029817386265254,0.0296992247002634,0.0285606734019737,0.0272372638740796,0.0271821218104174,0.0271847476229727,0.0270534569952054,0.0270534569952054,0.0270534569952054
0.255553247715998,0.253665288488705,0.253665288488705,0.251988153289781,0.247017490122512,0.247017490122512,0.247017490122512,0.246975477121627,0.246975477121627,0.245155789020772
0.467562604798383,0.459719302695566,0.44886390639352,0.448199575817017,0.438014048914832,0.438014048914832,0.438014048914832,0.438014048914832,0.438014048914832,0.438014048914832
0.621437559155931,0.619420935113425,0.613138391376513,0.610116081125311,0.601653087259432,0.601653087259432,0.601645209821766,0.599833399158578,0.599833399158578,0.599833399158578
0.592103827562065,0.59209845285199,0.583832107729515,0.576580023734863,0.573287254790459,0.573282003165349,0.569698876791974,0.568884874899817,0.568701068020943,0.568701068020943
0.44012589969079,0.43847364816866,0.427030274995823,0.420701533369265,0.419496285406361,0.41948578215614,0.419535672594691,0.419647597854863,0.418875608963591,0.418875608963591
0.107951287753608,0.107701835560851,0.103329201203062,0.0987464505554436,0.0960088871102916,0.0960088871102916,0.0960088871102916,0.0960088871102916,0.0960088871102916,0.0960088871102916
0.228255115763182,0.221399837176796,0.214795918600102,0.212220181110754,0.208655804680157,0.208561275428164,0.208561275428164,0.207622034585614,0.207622034585614,0.206810658506012
0.0974637103509164,0.0923525559548563,0.090685164982212,0.0861554536967959,0.0856539234987249,0.0856539234987249,0.0856539234987249,0.0856539234987249,0.0856539234987249,0.0856539234987249
0.0229073348700961,0.022883702557098,0.0227235279912219,0.0223585400460289,0.0223244044828094,0.0223033979823666,0.0222902689195899,0.0222902689195899,0.0222902689195899,0.0221678660518976
0.271313579814787,0.268421944766534,0.265751616482712,0.262101737030781,0.261374386952951,0.261379638578062,0.261382264390617,0.261382264390617,0.259347259660224,0.259302620846783
0.176538814348428,0.17518321810257,0.171416828475577,0.169845382232006,0.166113897449254,0.166073905093186,0.165062967259378,0.164908044318613,0.164908044318613,0.164894915255836
0.269539515207082,0.264632569022602,0.257676791563492,0.255305682826015,0.251054697440516,0.251065446860665,0.250794988167464,0.250934156232897,0.250171665397978,0.250003613394436
0.141842876061218,0.138379429300717,0.136603292762793,0.135173024972392,0.133612410205612,0.13349803350325,0.133425372346445,0.134036571247023,0.133968300120584,0.133364363232854
0.138700711826776,0.136805880355686,0.130507643285923,0.126827361848001,0.123309449991137,0.122962842733832,0.12295233948361,0.12295233948361,0.12295233948361,0.122718642166185
0.248196172247453,0.244204814078365,0.238346626267389,0.235032850822543,0.231558757212697,0.231243659706056,0.231238408080945,0.231264666206499,0.230374515750236,0.230374515750236
0.184327405184955,0.178867643400932,0.176420078386941,0.17372681527158,0.1705812354294,0.17035016392453,0.170066576168553,0.169743601224245,0.16959392990859,0.169439006967825
0.213530051292659,0.209270449959714,0.205558904941054,0.2037036657999,0.198170688976736,0.198170688976736,0.197724300842327,0.195284920978411,0.195263914477968,0.195256037040302
0.12958679338834,0.126073086934398,0.122466810330799,0.119391347889511,0.116054340157798,0.116069284723787,0.116066658911232,0.114976731302077,0.114501038689268,0.114356618998724
0.09915163599831,0.0887016713090574,0.0864296869955447,0.0855085550282537,0.0788179846372336,0.0788529253812562,0.0773115734112684,0.0776185832100978,0.0772041253666453,0.0771463574904277
0.144012884482445,0.131762361147086,0.129546175350375,0.126306599624378,0.124442272710083,0.124379253208755,0.124484285710968,0.125278901721369,0.124399254515328,0.124092034446353
0.154855603033247,0.145489062964242,0.142865876221452,0.142445561585152,0.141426746313678,0.141169416683254,0.140772918987397,0.142324897292569,0.14187850915816,0.141749844342949
0.163389698979725,0.155673143618106,0.155045574417378,0.153262647692298,0.152593065490685,0.152474903925695,0.152411884424367,0.152784616465182,0.152781990652626,0.152781990652626
0.122320052025948,0.116703787710794,0.115369874932678,0.11508103555159,0.114960248174044,0.114989132112153,0.114991757924709,0.115153306939344,0.115111293938459,0.115080943237868
0.172212685592693,0.167621965193687,0.166531196503948,0.166029666305877,0.165507129607363,0.165504503794808,0.16544148429348,0.165378864818283,0.164344294671477,0.164323288171034
0.156481965684714,0.152652700155517,0.150936485480671,0.150135612651291,0.149337365634466,0.148935616313498,0.148347434301101,0.148032336794459,0.147039779648539,0.146527746200246
0.0683837184093714,0.0683968474721481,0.0683994732847034,0.0680188689347623,0.0680188689347623,0.0680188689347623,0.0680188689347623,0.0680188689347623,0.0680188689347623,0.0680188689347623
0.267043988085635,0.266907445832757,0.26365668988924,0.263181417816722,0.259794119620326,0.259794119620326,0.257320604193191,0.257283842817416,0.255343367339016,0.255343367339016
0.551613305618784,0.550313528403888,0.548509595178366,0.547508750311568,0.544573953469436,0.544403275653339,0.544390146590562,0.544124939522472,0.544124939522472,0.543817719453497
0.530892485376378,0.527217373506924,0.527110125475367,0.523113023341313,0.518385699146947,0.51745878731491,0.51749292287813,0.5175490496215,0.517346615884811,0.514949249021781
0.0337331215456026,0.033667476231719,0.0325620091459186,0.030778279804306,0.0290636242056654,0.0290636242056654,0.0290609983931101,0.0290609983931101,0.0290609983931101,0.0290478693303334
0.313810078951227,0.294337688979764,0.27758500487666,0.273013465217804,0.270256362034691,0.270256362034691,0.270256362034691,0.269439734329979,0.269206037012553,0.269135140073559
0.256449244708028,0.247654906120322,0.241846608747898,0.237130649398498,0.224156078765164,0.224156078765164,0.223914504010072,0.223221289495461,0.223147766743911,0.223116256993247
0.0571468664197197,0.0568113162949713,0.0564258706031313,0.0555252168966478,0.0538446968612268,0.0538131871105626,0.0538131871105626,0.0538131871105626,0.0538131871105626,0.0536835171014819
0.128715136447849,0.125538508423618,0.120394408285653,0.119014533530739,0.117502619381196,0.117418593379424,0.116510062235275,0.116420784608393,0.116420784608393,0.115730195906337
0.263383215614432,0.259367527650886,0.24832813984252,0.241127382277661,0.236089822432712,0.236058928106866,0.235951269792097,0.235840985664772,0.235313197341148,0.234738144391527
0.129732843954651,0.125802002559299,0.121796448591083,0.120022178841772,0.118109202595641,0.118017299156204,0.117090387324167,0.116432416137447,0.116297432960774,0.115792866666936
0.120304115207822,0.118925563616266,0.117759702841692,0.116209858009221,0.113431748325665,0.113455380638664,0.113460632263774,0.113500019452104,0.113384483699669,0.113069386193028
0.0886943785249681,0.0880027846290434,0.0831529088393204,0.0813463498012428,0.0774151083797592,0.0774807536936429,0.0774991343815303,0.0777354575115114,0.0776356766344082,0.0770921334354518
0.11945614186573,0.116260527985875,0.114267536256368,0.111846537080339,0.109677615909624,0.109677615909624,0.108519632572717,0.108522258385272,0.108522258385272,0.108002347499313
0.172763634403622,0.169557507016465,0.165227542112701,0.162586579849761,0.159779586228096,0.159779586228096,0.159779586228096,0.159800592728539,0.159566895411113,0.159215036528697
0.0797648567475232,0.0780942860799877,0.0777739369482355,0.0762640947289119,0.0748437096353752,0.0748410838228198,0.0748489612604859,0.0749461163250337,0.0747675610712702,0.0747465545708274
0.201157243046032,0.193156104991647,0.190448892247085,0.187746931127635,0.184698178123434,0.183330129782099,0.182185275507968,0.180830787026782,0.179793591067421,0.179529778962251
0.0900953213228069,0.0855860677840378,0.0835753005343806,0.0820549037794341,0.0809783206317425,0.0810072045698513,0.0807603781896488,0.0804447832146131,0.0800058571061185,0.0793453780632666
0.120907190500807,0.116494522758629,0.112194190559835,0.108974390484645,0.105054052339515,0.105027794213961,0.10406412100615,0.103564088341801,0.103490565590252,0.10324899083516
0.0744035885770263,0.0694674250993274,0.066674575991389,0.0646791635909324,0.0618548970460525,0.0618680261088292,0.0614621688272035,0.0615514464540853,0.0610577936936803,0.0608199525158157
0.0968527371061051,0.0926877983671958,0.0903658005301681,0.0896568311402248,0.0891591678614248,0.088977986795106,0.0873462084052435,0.0870494915864895,0.0869654655847184,0.0858836359404563
0.113223919364742,0.107173165128321,0.101543002469368,0.0995920237407465,0.0994712363632007,0.0991272549184504,0.09889618341358,0.0989775836027957,0.0987832734737002,0.0986992474719291
0.112277334452701,0.107431623037577,0.104144105718285,0.103282839200131,0.101092911528973,0.100420703514805,0.0999270507543999,0.0989266161708133,0.0989003580452598,0.098871474107151
0.168235851449302,0.164208911468672,0.16118348306506,0.159744537784731,0.1574942164248,0.157208002856267,0.156441265590106,0.156961176476065,0.156302097524673,0.156107787395577
0.109519738929734,0.104632394025696,0.102854236842953,0.0994120324957419,0.098280307284388,0.0980250495841836,0.0976443067636585,0.09723730581758,0.0968276790589461,0.0965861043038543
0.404897752278349,0.40441197695561,0.402453120789322,0.393381102523889,0.391978918619334,0.391973666994224,0.391957912118892,0.388329039167404,0.388329039167404,0.384718546903804
0.343302528605568,0.342504958556042,0.340290762632908,0.337922136108862,0.331622811788588,0.331575547162592,0.32673092299798,0.326145366798138,0.326145366798138,0.323992200502755
0.191691250326494,0.191688624513938,0.18783979873262,0.183509833828855,0.183155349133884,0.183110710320443,0.18308970382,0.183060819881891,0.181254548042062,0.181254548042062
0.0373459908875607,0.0373144811368966,0.0372357067602362,0.0361722526753213,0.0354632832853781,0.0354632832853781,0.0354632832853781,0.035455405847712,0.0354160186593819,0.0354160186593819
0.0760881345164629,0.0733494120212376,0.0732365020813578,0.0732181213934704,0.0697132052573398,0.0687731643625262,0.0681718532873521,0.0681718532873521,0.0681718532873521,0.0681718532873521
0.176010472142468,0.172697537778206,0.16919207801682,0.167235847663087,0.159865058478189,0.158158280317214,0.158153028692104,0.158155551933856,0.158008506430757,0.158008506430757
0.0986977909665273,0.0985580690187581,0.0974047834246256,0.0972209765457514,0.0969426404148848,0.0968953757888886,0.0968323562875603,0.0968323562875603,0.0966958140346823,0.0966958140346823
0.0517479034791411,0.0501015190069395,0.0496500741319457,0.0491721762468729,0.0485808145395842,0.0485781887270289,0.0485650596642522,0.0483654979100459,0.0483654979100459,0.0483654979100459
0.173788521866631,0.172245364650511,0.166842724546647,0.164700851296668,0.162300858621082,0.162306110246193,0.161933593604064,0.161954600104506,0.161954600104506,0.161954600104506
0.184621332077869,0.184111924442132,0.179050609199222,0.17681770436163,0.174257537120169,0.17430742755872,0.174125897751671,0.17420356436366,0.174313294608648,0.174040620386104
0.0507956412731568,0.0503177433880839,0.0501076783836563,0.0489313143588615,0.0489286885463062,0.0488604174198672,0.0487606365427641,0.0488157786064263,0.0488289076692031,0.0487790172306515
0.0488939888436705,0.0467969031347965,0.0455522679835627,0.0428844398630617,0.0412492792009722,0.0412072662000867,0.0411363692610924,0.0408212717544509,0.04077663294101,0.04047203868459
0.0962636011852404,0.0934665569314616,0.0901606589242817,0.0876188723707074,0.0869411768185815,0.0869017896302513,0.0860772844878729,0.0860195217401954,0.0854287139152427,0.0853131781628075
0.199302373159768,0.191319923505679,0.184372331196644,0.180247179672196,0.175372686889767,0.17486327925403,0.174508794559058,0.173356062847262,0.172970478684838,0.172048818477911
0.216120784633398,0.205234555547987,0.195881493282489,0.189769627361674,0.183325883350857,0.180287818224322,0.179187602763632,0.178932898945764,0.177932464362177,0.175777656933947
0.0821878560542091,0.0795931583519365,0.0788658082741058,0.0772395020365804,0.0743368713982519,0.0743237423354752,0.0743237423354752,0.0742686002718129,0.0742475937713702,0.0734298634305261
0.0839578075727163,0.0813394775574456,0.0788738395679763,0.0772734786150553,0.0769230044384787,0.0768022170609329,0.0762166608610908,0.0761011251086556,0.0757886534145695,0.0754079105940444
0.0534781344542086,0.0511036613943951,0.0491416255332162,0.047934992864473,0.04684790646656,0.0464960475841437,0.0463122407052695,0.0462912342048267,0.0461363112640613,0.0461363112640613
0.0951533850712637,0.0916628493617058,0.0902165189835646,0.0896336809100006,0.088724103543661,0.088062398779714,0.0880676504048247,0.0882041926577026,0.0876265138955266,0.0873358179829054
0.118103653515202,0.113705417484998,0.110969320802328,0.110730371859792,0.110342797823791,0.11030341063546,0.110237765321577,0.110253520196909,0.109833390188054,0.108924859043904
0.103707707980083,0.100788758327006,0.0979722256206678,0.0956378782589658,0.0940991521015334,0.0940892027336479,0.0927920513313072,0.0924167960487396,0.0922041052317567,0.0919408162376818
0.00821579823078519,0.0080993079288151,0.007931255925273,0.00736670622587373,0.00710937659544988,0.00708574428245177,0.00708574428245177,0.00699622817845319,0.00698309911567646,0.00694968026594253
0.176052567199995,0.176160225514765,0.175782108506795,0.175182643706074,0.174780094332843,0.174780094332843,0.174526231595558,0.171863657664438,0.16974725274483,0.16974725274483
0.149922798749344,0.149920172936789,0.148935493228535,0.147906954244941,0.147238161838511,0.147225032775734,0.147222406963179,0.147222406963179,0.147222406963179,0.145310815422888
0.0526782770757774,0.0517454366513303,0.0515274942092367,0.0515091135213492,0.051432852129361,0.0513698326280327,0.0511072513724981,0.0510232253707271,0.0510232253707271,0.0510232253707271
0.0398011230625386,0.0396383226841072,0.0380654609634553,0.0378523496061803,0.0375811600960087,0.0375207664072358,0.0373737209041364,0.0371715333373748,0.0371715333373748,0.0371032622109359
0.0308132410624892,0.0302618204258666,0.0300806393595478,0.0299944080855135,0.0289002878947886,0.0288871588320119,0.0288766555817905,0.0288477716436817,0.0287840341467328,0.0285582142669731
0.0586887107295615,0.058213438657044,0.0575501953310528,0.0562084051152713,0.0544008049835438,0.0539176554733603,0.0538493843469213,0.0537496034698181,0.0537023388438219,0.0536818759686348
0.239740460908584,0.234449202439636,0.226109806391304,0.219529520127609,0.215775654395655,0.215484189202011,0.214980033191385,0.214129372494256,0.212141488790736,0.211174635888033
0.0774702299292609,0.0770763580459591,0.074882527555749,0.0738744360617227,0.0720993867743092,0.0720941351491985,0.0715453403251314,0.0715453403251314,0.0692635092145362,0.0691243411491029
0.074795680856897,0.0743046539090474,0.0738606967026685,0.0728619237660896,0.0724601744451217,0.0724444195697896,0.0723814000684614,0.07237089681824,0.0723735226307953,0.07237089681824
0.127025661981331,0.125731136391546,0.120411855579234,0.120119056965152,0.117385586095037,0.116387777324006,0.116390403136561,0.116550577702438,0.116547951889882,0.114667870100255
0.169507349893826,0.167044440287715,0.164765204218434,0.163074345046077,0.160178073797531,0.160201706110529,0.159188142464165,0.158082675378365,0.157942543147384,0.157853265520502
0.000608829715363433,0.000608829715363433,0.000608829715363433,0.000611455527918779,0.000611455527918779,0.000611455527918779,0.000611455527918779,0.000616707153029469,0.000616707153029469,0.000616707153029469
0.0305591988262996,0.0294176986174253,0.0290369557969002,0.0269028163854629,0.0244395118817606,0.0244395118817606,0.0242872147535505,0.0222627132733792,0.022215448647383,0.0214014467552259
0.0518801634009962,0.0497159758728367,0.0484552268484606,0.0467152772898143,0.043822062651196,0.043601494396547,0.043094353575555,0.0423827558087863,0.0409070491526822,0.0404055189546112
0.0765740893381069,0.073163322941998,0.0719369710363889,0.0701051693237069,0.0670614935742513,0.0664759373744092,0.066191062354855,0.0662015656050764,0.0657814355962211,0.0654295767138048
0.178950951407082,0.174901763819294,0.172903233266428,0.169184621119446,0.16730321616646,0.16651246707533,0.165437176319756,0.164706995287764,0.164284239466353,0.163427260407763
0.0594514426058675,0.0574548044843157,0.0562519361640404,0.055955588600177,0.0539402877210297,0.0548150576853904,0.0558983284494339,0.0573352069280839,0.0571724065496525,0.0569439608573375
0.116679734857504,0.113394802322445,0.1118744568529,0.110837260893539,0.108518668407169,0.108156306274531,0.107455214322254,0.107221517004828,0.105018460270893,0.104850408267351
0.0926865470033999,0.0887523412857113,0.087974854599402,0.0861369704381055,0.084386353515953,0.084165785261304,0.0835670999986853,0.0835198353726891,0.0825745428527647,0.0817894248987164
0.0956208822769181,0.0916205901908932,0.0882275480295328,0.086506748439796,0.0842109882141611,0.083541406012548,0.0834179928224468,0.0831527857543569,0.0822468804227627,0.0820255377585515
0.0931106875306502,0.0895940475517433,0.0879739314621755,0.0856238343536815,0.0842846699504553,0.0840929856339151,0.0827459437930229,0.082541130413706,0.082264696971234,0.0804345056201582
0.0404495423432345,0.0394452177619462,0.0393454368848431,0.0388701648123256,0.0385209317424647,0.0384605380536917,0.0383896411146974,0.0383423764887012,0.0383161183631477,0.0382557246743748
0.321032109700617,0.318477994136529,0.31837903382585,0.317386702335696,0.316328499875891,0.316291738500116,0.313750444286396,0.314060290167927,0.312734254827478,0.312734254827478
0.112294504805113,0.112252491804228,0.112116770117773,0.111961847177008,0.111749156360025,0.111675633608475,0.111662504545699,0.111570601106261,0.111570601106261,0.111222086032021
0.0651222951023477,0.0648019459705955,0.0627039217388745,0.062373069356901,0.0620185846619294,0.0614487833374194,0.0613148668970968,0.0610916728298924,0.0606662911959265,0.0605350005681592
0.0252758895945797,0.024837378897837,0.0246325655185201,0.0242071838845541,0.0237161569367045,0.0235263676157487,0.0233031735485443,0.0229907018544582,0.02296253591197,0.02296253591197
0.046329754669872,0.0445363246945711,0.0444024082542485,0.0440006589332807,0.0438168520544065,0.0437992047477601,0.0437781982473173,0.0437650691845406,0.0437650691845406,0.0437650691845406
0.151366534086171,0.148280035026487,0.145641093408365,0.145185545701253,0.141645581121757,0.141590439058095,0.141106007412874,0.141010206282925,0.140458929245427,0.140435296932429
0.136842826358906,0.135034092819806,0.133224907969173,0.129892146668702,0.127589688569635,0.127300849188547,0.127202340189401,0.1272587643881,0.1272587643881,0.127237757887657
0.0800446852835727,0.0774687631667788,0.0766862710252859,0.07569108806681,0.075410126123388,0.075410126123388,0.075410126123388,0.0753733647476132,0.0753208484965063,0.0753182226839509
0.0754322301314223,0.0710156134133313,0.0706283727324398,0.0692183113902193,0.0666528925236468,0.0663745563927802,0.0661618655757972,0.0660909686368029,0.065800041939875,0.0652197373651437
0.124660974176118,0.123574769887111,0.121566843848695,0.11943313523463,0.116875593805724,0.117127671811037,0.117101413685483,0.116234895542219,0.116906816358139,0.117476617682649
0.0260607562501607,0.0239706094561058,0.0219171855737746,0.0219040565109979,0.0212922421856024,0.0211478224950584,0.0210734817413552,0.021451598749325,0.022019033252557,0.022473027012004
0.0134540352874218,0.0133883899735382,0.0131680012177943,0.0132651562823421,0.0129815685263648,0.0129946975891416,0.0129167399324996,0.0133043652539022,0.0133017394413469,0.0132652511603349
0.0143442165149248,0.0130208069870307,0.0115251682596447,0.0109170952042866,0.00998493174713894,0.00995867362158548,0.00941872552927214,0.00935642530569949,0.00935642530569949,0.00902136303333267
0.107437469573345,0.104640979201902,0.102648069529037,0.0994618511347314,0.0968147551377752,0.0963027216894829,0.0956193950002754,0.0955582833158819,0.094791546049721,0.0939318693790133
0.0659692837647313,0.0650159650794766,0.0632903600476219,0.0605778956779501,0.0586482824475815,0.0573668859205729,0.0573169954820214,0.0571909564793648,0.0567183102194026,0.0556811142600412
0.215557363212831,0.21171819960115,0.209100449110916,0.20605713235927,0.196294361278496,0.196194580401393,0.195950379833746,0.195971037593459,0.195648062649151,0.193652445107089
0.0997786923450228,0.0975467516729792,0.0939544349556608,0.0936340858239087,0.0906222788229275,0.0894892817336171,0.0897504167408302,0.0896401326135057,0.08930502354321,0.0889164032850189
0.058580447247055,0.057324442122315,0.0559537679684247,0.0543992869356602,0.0540946926792402,0.0541524605554578,0.0541577121805685,0.0541550863680131,0.0540684345536867,0.0537375821717132
0.179415186861203,0.17749657947799,0.175952847865374,0.175566730334775,0.17298555659287,0.172539168458461,0.172478774769689,0.172252954889929,0.170863889791071,0.169091866342344
0.0463390424560785,0.0452151946823907,0.0439180432800501,0.043102159213659,0.0416686450573455,0.0416213804313493,0.0415373544295783,0.0415294769919122,0.0412879022368205,0.0404945093832447
0.0558300419373745,0.0541608354615181,0.0523411473606637,0.0479271564551281,0.0472480659400822,0.0470800139365401,0.0469539749338835,0.0467517873671219,0.0461511942875684,0.0459647615961389
0.0350094382535954,0.0342388109897329,0.0321302835077906,0.0310668294228757,0.0303000921567148,0.0300401367137356,0.0294624579515596,0.0294230707632294,0.029404690075342,0.0293416705740137
0.0937282560780908,0.0922545392955638,0.0902864722711718,0.088091846857239,0.086227704570389,0.0852745294842585,0.0844808417396243,0.0841027247316546,0.0829604962700793,0.0826585278262146
0.0667843831644798,0.0639012409787106,0.0619017103605158,0.056444712859632,0.0547861942614422,0.0541770057486021,0.053387328522363,0.0533636962093649,0.0518407249272645,0.0516201566726155
0.560302283477707,0.560273153369671,0.561271659622162,0.574808872137961,0.573248688168553,0.573130526603562,0.581242974493302,0.601932243956723,0.595346706067916,0.594832046807068
0.242982888102903,0.241683316029613,0.240776528589113,0.242187759238487,0.24197769423406,0.241854281043958,0.241897771064406,0.242679688809403,0.241813170666139,0.240930179651922
0.0621362282443651,0.0615393225851774,0.0613029994551963,0.0606198676505144,0.0593962389997234,0.0590916447433034,0.0589262185523166,0.0585874887326771,0.058571733857345,0.058503462730906
0.038161044130448,0.0375526992624621,0.0373715181961432,0.0365178188389771,0.0358849980131388,0.0351628995604188,0.0348890842376919,0.0345661092933845,0.0345661092933845,0.0345661092933845
0.0441209847422133,0.0434251444150468,0.0429393665280378,0.0424044341479884,0.0418477618862551,0.041390870501625,0.0413443366925998,0.041087007062176,0.0409898519976282,0.0409819745599621
0.0749517218194145,0.0732685759714381,0.0719346631933226,0.0702624667785604,0.0678047062267571,0.0677915771639804,0.0666546003275158,0.0666834842656246,0.0666834842656246,0.0666808584530693
0.251178090116457,0.245298157295257,0.239587014987381,0.23354426127359,0.229663310316789,0.229508387376024,0.229400729061254,0.229616045690793,0.229587161752684,0.229335083747371
0.0854918770156951,0.0823521334522029,0.0813622021188377,0.0798500366708274,0.0789099957760137,0.0788706085876835,0.0788627311500175,0.0789940217777848,0.0789940217777848,0.0789861443401187
0.0547487456612877,0.0543364930900984,0.0539557502695734,0.0519102422889593,0.0507338782641645,0.0507049943260557,0.0505803964431805,0.0505121253167415,0.0503015218155984,0.0500599470605067
0.0385769328366016,0.0383895052083835,0.0366487017478026,0.03579024566965,0.0342935325131031,0.0342909067005478,0.0342804034503264,0.0342778135375521,0.0344521121029934,0.0343812151639991
0.0457051754080503,0.0437594483045393,0.0416547928704081,0.0406451038361259,0.0399098763206292,0.0397208178166443,0.0395895271888771,0.0392586389071225,0.0393295358461168,0.039072206215693
0.0637308401037811,0.0631610387792711,0.0621236633210045,0.0603918168557907,0.0591235493915589,0.0591288010166695,0.05863777406882,0.0591324217660134,0.0587280466324902,0.0587280466324902
0.0423847405538233,0.0420276300462963,0.0416488822278885,0.0399210975664712,0.0389107956716415,0.0388871633586433,0.038451278474456,0.0377081735212933,0.0372145207608883,0.0368862941914701
0.0762826703013249,0.074200400944936,0.0726330626620226,0.0721079001509535,0.0701464181721105,0.0697236623506999,0.0690987189625277,0.0685945629519014,0.068150800630048,0.0678251998731852
0.333553666125672,0.327506522381515,0.318386890749355,0.315094121804952,0.307854756589865,0.306767300937061,0.304538539959909,0.303956696823133,0.301556704147547,0.300417840008309
0.155748687014473,0.151093367523773,0.146931916192164,0.145649145216396,0.144186567623068,0.144064795565814,0.143672995612732,0.142751643118214,0.142288505171685,0.140194983798213
0.118951196059921,0.116216863595062,0.111984135812487,0.10711877183152,0.103941436068749,0.103594828811444,0.103447783308344,0.103441054663671,0.102288322951875,0.101978477070344
0.0761628111895457,0.0697278062111388,0.0682599769927007,0.0631343908846665,0.0581750771767433,0.058127812550747,0.0573847075975843,0.0568228657673827,0.0563475936948652,0.055790921433132
0.0265484522111848,0.0258250818805083,0.0252736612438857,0.0245450392880986,0.0236746926896147,0.0236668152519487,0.023585415062733,0.0230051104880016,0.0229420909866734,0.0223250250361672
0.032603986247023,0.0288142950978712,0.0286777528449932,0.0280685643321531,0.027674961697209,0.0274123804416744,0.0271839347493594,0.027165554061472,0.0271104119978097,0.0268504565548305
0.055817825754744,0.0540714501352933,0.0528652431353822,0.050466209496804,0.0493831079745854,0.0493227142858124,0.0493017077853697,0.0467756761071274,0.0462373845332816,0.0460929648427376
0.147168803461561,0.143205108638026,0.138517397287756,0.134343914400962,0.128996467646162,0.128707628265074,0.127964523311911,0.126118577085503,0.122985982706976,0.121621996169437
0.124811425029875,0.119182185508149,0.115043525408954,0.110147903041118,0.103556118590413,0.102994194703569,0.10209091518453,0.101718049801671,0.0974957432126756,0.0963325082506576
1.83806878874179e-05,1.83806878874179e-05,1.83806878874179e-05,1.83806878874179e-05,1.83806878874179e-05,1.83806878874179e-05,1.83806878874179e-05,1.83806878874179e-05,1.83806878874179e-05,1.83806878874179e-05
0.675304134369425,0.670393167409469,0.673146454958712,0.694243997246168,0.691077267304421,0.691053634991423,0.696838628277419,0.714880504288555,0.714368470840262,0.713433681570559
0.265206103924339,0.262598548971917,0.26273107044932,0.261168281181517,0.255461528904007,0.254458468507865,0.254037210220177,0.255411002526477,0.25513266639561,0.254050831622808
0.0897906142385036,0.0896734065819804,0.0870874017552573,0.0869272989889433,0.0862034158042521,0.0859382087361622,0.085830550421393,0.0852239877211082,0.08516096821978,0.08516096821978
0.0736268045007172,0.0734025693398629,0.072042398436194,0.0720056370604192,0.0716222684273387,0.071525113362791,0.071380693672247,0.0712835386076992,0.0712835386076992,0.0712835386076992
0.0536015425157697,0.0519168119488878,0.0516909920691281,0.0512734878728282,0.0507430737366484,0.0506380412344346,0.0505487636075528,0.0503386986031252,0.0503071888524611,0.0500209752839284
0.240291922573528,0.23493097750106,0.227660102535309,0.224753328036541,0.218183545023067,0.218159912710069,0.21797873164375,0.218028622082302,0.217393175443908,0.216489895924869
0.105175916710492,0.103356495293725,0.101069412558019,0.0995405331976691,0.098184783095607,0.0981874089081624,0.0970688127595852,0.0971265806358028,0.09710557413536,0.0965620309364035
0.0514522226254968,0.04969030240086,0.0479021907216917,0.048081402428594,0.047102871839976,0.0471054976525313,0.0471224423491775,0.0483303161246364,0.0483303161246364,0.0483303161246364
0.0542817254098669,0.0540532797175519,0.0531211162604043,0.052853283379759,0.0519730104918204,0.0519940169922631,0.0520272550609569,0.0521874296268329,0.0521848038142776,0.0521848038142776
0.0324021525495316,0.031842854475243,0.0313425961551285,0.0304682005741985,0.0295947024877943,0.0295920766752389,0.0295080506734679,0.0294502827972503,0.0294450311721396,0.0293925149210327
0.0230582652423569,0.0220867145968791,0.0218372624041213,0.0220158176578848,0.0213567387064931,0.0213646161441591,0.0213278547683843,0.021553674648144,0.021553674648144,0.0215484230230333
0.0399690827523581,0.0382139527148762,0.0379828812100058,0.037220818608189,0.0345439796426495,0.0343995599521055,0.0342607662701029,0.03417284257782,0.0337125612281526,0.0337125612281526
0.168943343819682,0.166141171025756,0.164597193243213,0.161477707413302,0.158490537919188,0.157484605540564,0.157071983714484,0.155262798863851,0.154783034190165,0.153874503046015
0.190115639708323,0.186311186056358,0.181981139095951,0.17275241315778,0.166540068878403,0.165608151591182,0.162197221081788,0.160835778300163,0.159314602007114,0.157615701283806
0.0204971697351285,0.01970542314294,0.018646564229997,0.0174334388294274,0.0150736923726465,0.0139367155361819,0.0138211797837467,0.0131331335554689,0.0127182551717243,0.012290247725203
0.105558916088681,0.100452018380943,0.0958623339470463,0.0936195002557302,0.0901912147664785,0.0900362918257131,0.089792091258066,0.088767737163233,0.0879563610836313,0.0849106954605986
0.0682837785475237,0.0636577019927424,0.0621215144626829,0.0552456140163649,0.0510338106775908,0.0491530365350437,0.049003365219389,0.0482655118913369,0.0481893633272319,0.0479609176349168
0.101908595582299,0.100301598298427,0.0962369327764751,0.0944014898002887,0.0922036846914646,0.0920408843130332,0.0917783030574986,0.0914054376746396,0.0910010625411164,0.0898509566418751
0.166613119804259,0.158773417936625,0.151358430992739,0.144463026708241,0.135232628865983,0.134030006715635,0.13144883297373,0.13042214026459,0.127208145696847,0.125036321772409
0.155034394199857,0.149827633558374,0.147469653883674,0.142700757742874,0.137058891755306,0.136213380112485,0.133844897187563,0.13370572912213,0.132555623222888,0.131441129906429
0.000332252713834015,0.000326330051298445,0.000300071925744991,0.000300071925744991,0.000300071925744991,0.000300071925744991,0.000300071925744991,0.000300071925744991,0.000300071925744991,0.000300071925744991
0.235524944506744,0.232934457335932,0.228921805468152,0.232214369270949,0.22929183989685,0.229136916956085,0.230204350788154,0.232538041696717,0.231879393542698,0.231847883792033
0.205386462907146,0.205113439943872,0.202395723949089,0.199795738721925,0.1983625168924,0.198028156588966,0.198135814903735,0.198500802848928,0.196987904019677,0.195898191809208
0.0811845751308408,0.0806379650648763,0.0797110532328394,0.0792909232239841,0.078613463584705,0.0784979278322698,0.0783482565166151,0.0782143400762925,0.0781513205749642,0.077602525750897
0.10090529927331,0.0982076256134224,0.0969393581491906,0.0950407418154715,0.0886153784925413,0.088423694176001,0.0884210683634457,0.0882608937975696,0.0882608937975696,0.0882372614845715
0.269935397478122,0.260139516542157,0.252837131825742,0.249242579064919,0.245983453343881,0.245027657573736,0.245127438450839,0.246546915792769,0.246546915792769,0.246097901845805
0.170009587830437,0.16676058584765,0.161763603012346,0.160062076476482,0.155076078974173,0.154908026970631,0.155070827349063,0.157671899826738,0.157102098502228,0.15529553946415
0.0634157938825411,0.0639645887066083,0.0638624384439572,0.063458063310434,0.0611663546315154,0.0612425031956204,0.0613037943789191,0.0627007266583628,0.0625746876557063,0.0618525892029863
0.022865721895342,0.0225978890146968,0.021636585192433,0.0215026674699753,0.0202562770758763,0.0202510254507656,0.0199569344445669,0.0200094506956738,0.0200041990705631,0.0199569344445669
0.00706597247804944,0.00689792047450733,0.00689792047450733,0.00689792047450733,0.00613952862530094,0.00614215443785628,0.00615265768807766,0.00616316093829905,0.00616316093829905,0.00616316093829905
0.109862366439885,0.105163515900416,0.102755645787164,0.100358278924134,0.0975118981141392,0.0960440688957011,0.0948965888090151,0.0946182526781485,0.0922287632527842,0.0906795338451304
0.0947520152622667,0.0906265252541694,0.0873613375986776,0.0863615902394708,0.0835370518819631,0.0832998671572373,0.0825410073287424,0.081199217112961,0.0802915167923153,0.0794696374624922
0.0729324258074926,0.0703780076595358,0.0653812145802171,0.0621908523254724,0.0591959951496776,0.0591145949604619,0.0578410758711194,0.05681963478709,0.0561211686473682,0.0550130757490124
0.118418668965201,0.112189082533848,0.108311813868873,0.104143685177993,0.101296104289604,0.100692167401874,0.0998203976334995,0.0987966179351631,0.0979589837300079,0.0967534588259364
0.0309904423816538,0.0295509586046091,0.027695524578929,0.0246274728781539,0.0237504514846686,0.0232653685148495,0.0230461259878286,0.0229752290488342,0.0229463451107254,0.02263912504175
0.0358795079109113,0.0354331197765026,0.03399893890997,0.0337127253414373,0.0326335163811904,0.0325599936296407,0.0316409592352698,0.0316330817976038,0.0307665636543398,0.0304848837152972
0.0622145564380326,0.06120624441678,0.0599002514112256,0.0576998204898462,0.0523458810032196,0.0517113728876729,0.0511415715631629,0.0507503254924165,0.0492799217468245,0.0487633546690421
0.108036483062533,0.106894254600958,0.104121396542513,0.101557629065868,0.0974450527218611,0.0973373944070919,0.0968813851313671,0.0963238820461301,0.0961384648056497,0.0956553152954661
0.000156264985565099,0.000156264985565099,0.000156264985565099,0.000156264985565099,0.000156264985565099,0.000156264985565099,0.000156264985565099,0.000156264985565099,0.00013162613646303,0.00013162613646303
0.498098671344348,0.489859733140419,0.486248297225432,0.49462205449275,0.487970419978527,0.487115061538623,0.488899875566477,0.490028523653742,0.486985206902097,0.486045166007284
0.300135831842697,0.300526524031107,0.298549779516786,0.303386813441981,0.300676503059171,0.300647619121062,0.301768861596355,0.304862376498961,0.303499579782737,0.303218617839315
0.203907945811041,0.201777447663108,0.200929166608608,0.200313495621022,0.199407590289427,0.199305183599769,0.200085726896006,0.20701584114022,0.20701584114022,0.206853040761788
0.194114526574348,0.191880924255296,0.188367730655368,0.18823502455052,0.185288862863423,0.184474860971266,0.184784009371337,0.191760670245926,0.191400933925843,0.190673583848013
0.0337941460448136,0.0328615415332134,0.0323521338974764,0.0326435990911197,0.0314646092537696,0.0310864922457999,0.0311048729336873,0.0314033590987921,0.031395481661126,0.031395481661126
0.0781301448326966,0.078208919209357,0.0756881032564443,0.075260198380726,0.0725214758855007,0.0725293943514879,0.072681691479698,0.0741285706116349,0.0740209122968657,0.0739683960457588
0.0310551927652818,0.0309764183886214,0.0302254744618437,0.0303068002872273,0.028971118162761,0.0285667430292379,0.028598252779902,0.028606130217568,0.028606130217568,0.0278498962016286
0.0220052297867509,0.0218082938451,0.0203798530971272,0.0206219727596096,0.0201256941866493,0.0201361974368707,0.0201755846252009,0.0205918259184895,0.0205918259184895,0.0205445612924933
